url,archivo,access_id,H1,H2,H3,H1_lista,H2_lista,H3_lista,outlier_H1,outlier_H2,outlier_H3,es_outlier
adnxs.com,captura_0000123_H123.csv,1,1,8,1,"[1, 0, 0, 0]","[0, 0, 2, 6]","[0, 1, 0, 0]",False,False,False,False
adnxs.com,captura_0000123_H123.csv,2,1,8,1,"[1, 0, 0, 0]","[0, 0, 2, 6]","[0, 1, 0, 0]",False,False,False,False
adnxs.com,captura_0000123_H123.csv,3,1,8,1,"[1, 0, 0, 0]","[0, 0, 2, 6]","[0, 1, 0, 0]",False,False,False,False
adnxs.com,captura_0000123_H123.csv,4,1,8,1,"[1, 0, 0, 0]","[0, 0, 2, 6]","[0, 1, 0, 0]",False,False,False,False
adnxs.com,captura_0000123_H123.csv,5,1,8,1,"[1, 0, 0, 0]","[0, 0, 2, 6]","[0, 1, 0, 0]",False,False,False,False
adnxs.com,captura_0000123_H123.csv,6,1,8,1,"[1, 0, 0, 0]","[0, 0, 2, 6]","[0, 1, 0, 0]",False,False,False,False
adnxs.com,captura_0000123_H123.csv,7,1,8,1,"[1, 0, 0, 0]","[0, 0, 2, 6]","[0, 1, 0, 0]",False,False,False,False
adnxs.com,captura_0000123_H123.csv,8,1,8,1,"[1, 0, 0, 0]","[0, 0, 2, 6]","[0, 1, 0, 0]",False,False,False,False
adnxs.com,captura_0000123_H123.csv,9,1,8,1,"[1, 0, 0, 0]","[0, 0, 2, 6]","[0, 1, 0, 0]",False,False,False,False
adnxs.com,captura_0000123_H123.csv,10,1,8,1,"[1, 0, 0, 0]","[0, 0, 2, 6]","[0, 1, 0, 0]",False,False,False,False
adnxs.com,captura_0000123_H123.csv,11,1,8,1,"[1, 0, 0, 0]","[0, 0, 2, 6]","[0, 1, 0, 0]",False,False,False,False
adnxs.com,captura_0000123_H123.csv,12,1,8,1,"[1, 0, 0, 0]","[0, 0, 2, 6]","[0, 1, 0, 0]",False,False,False,False
adnxs.com,captura_0000123_H123.csv,13,1,8,1,"[1, 0, 0, 0]","[0, 0, 2, 6]","[0, 1, 0, 0]",False,False,False,False
adnxs.com,captura_0000123_H123.csv,14,1,8,1,"[1, 0, 0, 0]","[0, 0, 2, 6]","[0, 1, 0, 0]",False,False,False,False
adnxs.com,captura_0000123_H123.csv,15,1,8,1,"[1, 0, 0, 0]","[0, 0, 2, 6]","[0, 1, 0, 0]",False,False,False,False
adnxs.com,captura_0000123_H123.csv,16,1,8,1,"[1, 0, 0, 0]","[0, 0, 2, 6]","[0, 1, 0, 0]",False,False,False,False
adnxs.com,captura_0000123_H123.csv,17,1,8,1,"[1, 0, 0, 0]","[0, 0, 2, 6]","[0, 1, 0, 0]",False,False,False,False
adnxs.com,captura_0000123_H123.csv,18,1,8,1,"[1, 0, 0, 0]","[0, 0, 2, 6]","[0, 1, 0, 0]",False,False,False,False
adnxs.com,captura_0000123_H123.csv,19,1,8,1,"[1, 0, 0, 0]","[0, 0, 2, 6]","[0, 1, 0, 0]",False,False,False,False
adnxs.com,captura_0000123_H123.csv,20,1,8,1,"[1, 0, 0, 0]","[0, 0, 2, 6]","[0, 1, 0, 0]",False,False,False,False
adobe.com,captura_0000063_H123.csv,1,1,8,1,"[1, 0, 0, 0, 0]","[0, 0, 1, 1, 6]","[0, 1, 0, 0, 0]",False,False,False,False
adobe.com,captura_0000063_H123.csv,2,1,8,1,"[1, 0, 0, 0, 0]","[0, 0, 1, 1, 6]","[0, 1, 0, 0, 0]",False,False,False,False
adobe.com,captura_0000063_H123.csv,3,1,8,1,"[1, 0, 0, 0, 0]","[0, 0, 1, 1, 6]","[0, 1, 0, 0, 0]",False,False,False,False
adobe.com,captura_0000063_H123.csv,4,1,8,1,"[1, 0, 0, 0, 0]","[0, 0, 1, 1, 6]","[0, 1, 0, 0, 0]",False,False,False,False
adobe.com,captura_0000063_H123.csv,5,1,8,1,"[1, 0, 0, 0, 0]","[0, 0, 1, 1, 6]","[0, 1, 0, 0, 0]",False,False,False,False
adobe.com,captura_0000063_H123.csv,6,1,8,1,"[1, 0, 0, 0, 0]","[0, 0, 1, 1, 6]","[0, 1, 0, 0, 0]",False,False,False,False
adobe.com,captura_0000063_H123.csv,8,1,8,1,"[1, 0, 0, 0, 0]","[0, 0, 1, 1, 6]","[0, 1, 0, 0, 0]",False,False,False,False
adobe.com,captura_0000063_H123.csv,9,1,8,1,"[1, 0, 0, 0, 0]","[0, 0, 1, 1, 6]","[0, 1, 0, 0, 0]",False,False,False,False
adobe.com,captura_0000063_H123.csv,10,1,8,1,"[1, 0, 0, 0, 0]","[0, 0, 1, 1, 6]","[0, 1, 0, 0, 0]",False,False,False,False
adobe.com,captura_0000063_H123.csv,11,1,8,1,"[1, 0, 0, 0, 0]","[0, 0, 1, 1, 6]","[0, 1, 0, 0, 0]",False,False,False,False
adobe.com,captura_0000063_H123.csv,12,1,8,1,"[1, 0, 0, 0, 0]","[0, 0, 1, 1, 6]","[0, 1, 0, 0, 0]",False,False,False,False
adobe.com,captura_0000063_H123.csv,13,1,8,1,"[1, 0, 0, 0, 0]","[0, 0, 1, 1, 6]","[0, 1, 0, 0, 0]",False,False,False,False
adobe.com,captura_0000063_H123.csv,15,1,8,1,"[1, 0, 0, 0, 0]","[0, 0, 1, 1, 6]","[0, 1, 0, 0, 0]",False,False,False,False
adobe.com,captura_0000063_H123.csv,16,1,8,1,"[1, 0, 0, 0, 0]","[0, 0, 1, 1, 6]","[0, 1, 0, 0, 0]",False,False,False,False
adobe.com,captura_0000063_H123.csv,17,1,8,1,"[1, 0, 0, 0, 0]","[0, 0, 1, 1, 6]","[0, 1, 0, 0, 0]",False,False,False,False
adobe.com,captura_0000063_H123.csv,18,1,8,1,"[1, 0, 0, 0, 0]","[0, 0, 1, 1, 6]","[0, 1, 0, 0, 0]",False,False,False,False
adobe.com,captura_0000063_H123.csv,19,1,8,1,"[1, 0, 0, 0, 0]","[0, 0, 1, 1, 6]","[0, 1, 0, 0, 0]",False,False,False,False
adobe.com,captura_0000063_H123.csv,20,1,8,1,"[1, 0, 0, 0, 0]","[0, 0, 1, 1, 6]","[0, 1, 0, 0, 0]",False,False,False,False
adobe.io,captura_0000190_H123.csv,1,4,86,2,"[1, 0, 1, 0, 0, 0, 0, 0, 0, 0, 0, 0, 2, 0]","[0, 0, 0, 1, 63, 5, 3, 6, 0, 2, 2, 2, 0, 2]","[0, 1, 0, 0, 0, 0, 0, 0, 1, 0, 0, 0, 0, 0]",False,False,False,False
adobe.io,captura_0000190_H123.csv,2,4,65,2,"[1, 0, 1, 0, 0, 0, 0, 0, 0, 0, 2, 0, 0, 0]","[0, 0, 0, 1, 43, 5, 2, 0, 2, 2, 0, 2, 6, 2]","[0, 1, 0, 0, 0, 0, 0, 1, 0, 0, 0, 0, 0, 0]",False,False,False,False
adobe.io,captura_0000190_H123.csv,3,4,66,2,"[1, 0, 1, 0, 0, 0, 0, 0, 0, 0, 2, 0, 0, 0]","[0, 0, 0, 1, 43, 5, 3, 0, 2, 2, 0, 2, 6, 2]","[0, 1, 0, 0, 0, 0, 0, 1, 0, 0, 0, 0, 0, 0]",False,False,False,False
adobe.io,captura_0000190_H123.csv,4,4,85,2,"[1, 0, 1, 0, 0, 0, 0, 0, 0, 0, 2, 0, 0, 0]","[0, 0, 0, 1, 62, 5, 3, 0, 2, 2, 0, 2, 6, 2]","[0, 1, 0, 0, 0, 0, 0, 1, 0, 0, 0, 0, 0, 0]",False,False,False,False
adobe.io,captura_0000190_H123.csv,5,4,63,2,"[1, 0, 1, 0, 0, 0, 0, 0, 0, 0, 2, 0, 0, 0]","[0, 0, 0, 1, 41, 5, 2, 0, 2, 2, 0, 2, 6, 2]","[0, 1, 0, 0, 0, 0, 0, 1, 0, 0, 0, 0, 0, 0]",False,False,False,False
adobe.io,captura_0000190_H123.csv,6,4,84,2,"[1, 0, 1, 0, 0, 0, 0, 0, 0, 0, 2, 0, 0, 0]","[0, 0, 0, 1, 62, 5, 2, 0, 2, 2, 0, 2, 6, 2]","[0, 1, 0, 0, 0, 0, 0, 1, 0, 0, 0, 0, 0, 0]",False,False,False,False
adobe.io,captura_0000190_H123.csv,7,4,65,2,"[1, 0, 1, 0, 0, 0, 0, 0, 0, 0, 2, 0, 0, 0]","[0, 0, 0, 1, 43, 5, 2, 0, 2, 2, 0, 2, 6, 2]","[0, 1, 0, 0, 0, 0, 0, 1, 0, 0, 0, 0, 0, 0]",False,False,False,False
adobe.io,captura_0000190_H123.csv,8,4,78,2,"[1, 0, 1, 0, 0, 0, 0, 0, 0, 0, 0, 2, 0, 0]","[0, 0, 0, 1, 56, 5, 2, 0, 2, 2, 6, 0, 2, 2]","[0, 1, 0, 0, 0, 0, 0, 1, 0, 0, 0, 0, 0, 0]",False,False,False,False
adobe.io,captura_0000190_H123.csv,9,4,87,2,"[1, 0, 1, 0, 0, 0, 0, 0, 0, 0, 2, 0, 0, 0]","[0, 0, 0, 1, 63, 6, 3, 0, 2, 2, 0, 2, 6, 2]","[0, 1, 0, 0, 0, 0, 0, 1, 0, 0, 0, 0, 0, 0]",False,False,False,False
adobe.io,captura_0000190_H123.csv,11,4,85,2,"[1, 0, 1, 0, 0, 0, 0, 0, 0, 0, 2, 0, 0, 0]","[0, 0, 0, 1, 63, 5, 2, 0, 2, 2, 0, 2, 6, 2]","[0, 1, 0, 0, 0, 0, 0, 1, 0, 0, 0, 0, 0, 0]",False,False,False,False
adobe.io,captura_0000190_H123.csv,12,4,62,2,"[1, 0, 1, 0, 0, 0, 0, 0, 0, 0, 2, 0, 0, 0]","[0, 0, 0, 1, 39, 5, 3, 0, 2, 2, 0, 2, 6, 2]","[0, 1, 0, 0, 0, 0, 0, 1, 0, 0, 0, 0, 0, 0]",False,False,False,False
adobe.io,captura_0000190_H123.csv,13,4,58,2,"[1, 0, 1, 0, 0, 0, 0, 0, 0, 2, 0, 0, 0, 0]","[0, 0, 0, 1, 35, 5, 0, 2, 2, 0, 2, 6, 3, 2]","[0, 1, 0, 0, 0, 0, 1, 0, 0, 0, 0, 0, 0, 0]",False,False,False,False
adobe.io,captura_0000190_H123.csv,15,4,80,2,"[1, 0, 1, 0, 0, 0, 0, 0, 0, 0, 2, 0, 0, 0]","[0, 0, 0, 1, 57, 5, 3, 0, 2, 2, 0, 2, 6, 2]","[0, 1, 0, 0, 0, 0, 0, 1, 0, 0, 0, 0, 0, 0]",False,False,False,False
adobe.io,captura_0000190_H123.csv,17,4,80,2,"[1, 0, 1, 0, 0, 0, 0, 0, 0, 0, 2, 0, 0, 0]","[0, 0, 0, 1, 58, 5, 2, 0, 2, 2, 0, 2, 6, 2]","[0, 1, 0, 0, 0, 0, 0, 1, 0, 0, 0, 0, 0, 0]",False,False,False,False
adobe.io,captura_0000190_H123.csv,18,4,82,2,"[1, 0, 1, 0, 0, 0, 0, 0, 0, 0, 2, 0, 0, 0]","[0, 0, 0, 1, 59, 5, 3, 0, 2, 2, 0, 2, 6, 2]","[0, 1, 0, 0, 0, 0, 0, 1, 0, 0, 0, 0, 0, 0]",False,False,False,False
adobe.io,captura_0000190_H123.csv,19,4,76,2,"[1, 0, 1, 0, 0, 0, 0, 0, 0, 0, 2, 0, 0, 0]","[0, 0, 0, 1, 53, 5, 3, 0, 2, 2, 0, 2, 6, 2]","[0, 1, 0, 0, 0, 0, 0, 1, 0, 0, 0, 0, 0, 0]",False,False,False,False
adobe.io,captura_0000190_H123.csv,20,4,87,2,"[1, 0, 1, 0, 0, 0, 0, 0, 0, 0, 2, 0, 0, 0]","[0, 0, 0, 1, 64, 5, 3, 0, 2, 2, 0, 2, 6, 2]","[0, 1, 0, 0, 0, 0, 0, 1, 0, 0, 0, 0, 0, 0]",False,False,False,False
adriver.ru,captura_0000166_H123.csv,2,17,15,4,"[1, 0, 0, 0, 0, 0, 1, 3, 5, 2, 0, 0, 0, 0, 0, 4, 1, 0]","[0, 0, 0, 0, 1, 1, 0, 0, 0, 0, 2, 1, 1, 1, 6, 0, 0, 2]","[0, 1, 2, 1, 0, 0, 0, 0, 0, 0, 0, 0, 0, 0, 0, 0, 0, 0]",False,False,False,False
adriver.ru,captura_0000166_H123.csv,5,17,15,4,"[1, 0, 0, 0, 0, 0, 1, 3, 2, 5, 0, 0, 0, 0, 0, 4, 1, 0]","[0, 0, 0, 0, 1, 1, 0, 0, 0, 0, 2, 1, 1, 1, 6, 0, 0, 2]","[0, 1, 1, 2, 0, 0, 0, 0, 0, 0, 0, 0, 0, 0, 0, 0, 0, 0]",False,False,False,False
adriver.ru,captura_0000166_H123.csv,9,17,15,4,"[1, 0, 0, 0, 0, 0, 1, 3, 2, 5, 0, 0, 0, 0, 0, 4, 1, 0]","[0, 0, 0, 0, 1, 1, 0, 0, 0, 0, 1, 2, 6, 1, 1, 0, 0, 2]","[0, 1, 1, 2, 0, 0, 0, 0, 0, 0, 0, 0, 0, 0, 0, 0, 0, 0]",False,False,False,False
adriver.ru,captura_0000166_H123.csv,10,17,15,4,"[1, 0, 0, 0, 0, 0, 0, 1, 2, 3, 5, 0, 0, 0, 0, 2, 3, 0]","[0, 0, 0, 0, 1, 1, 6, 0, 0, 0, 0, 1, 2, 1, 1, 0, 0, 2]","[0, 1, 1, 2, 0, 0, 0, 0, 0, 0, 0, 0, 0, 0, 0, 0, 0, 0]",False,False,False,False
adriver.ru,captura_0000166_H123.csv,12,17,15,4,"[1, 0, 0, 0, 0, 0, 1, 5, 3, 2, 0, 0, 0, 0, 0, 2, 3, 0]","[0, 0, 0, 0, 1, 1, 0, 0, 0, 0, 2, 1, 1, 1, 6, 0, 0, 2]","[0, 1, 2, 1, 0, 0, 0, 0, 0, 0, 0, 0, 0, 0, 0, 0, 0, 0]",False,False,False,False
adriver.ru,captura_0000166_H123.csv,16,17,15,4,"[1, 0, 0, 0, 0, 0, 1, 2, 3, 5, 0, 0, 0, 0, 0, 4, 1, 0]","[0, 0, 0, 0, 1, 1, 0, 0, 0, 0, 1, 2, 1, 1, 6, 0, 0, 2]","[0, 1, 1, 2, 0, 0, 0, 0, 0, 0, 0, 0, 0, 0, 0, 0, 0, 0]",False,False,False,False
adriver.ru,captura_0000166_H123.csv,17,17,15,4,"[1, 0, 0, 0, 0, 0, 1, 2, 5, 3, 0, 0, 0, 0, 0, 4, 1, 0]","[0, 0, 0, 0, 1, 1, 0, 0, 0, 0, 1, 2, 1, 1, 6, 0, 0, 2]","[0, 1, 2, 1, 0, 0, 0, 0, 0, 0, 0, 0, 0, 0, 0, 0, 0, 0]",False,False,False,False
adriver.ru,captura_0000166_H123.csv,18,17,15,4,"[1, 0, 0, 0, 0, 0, 1, 3, 4, 0, 0, 0, 3, 0, 0, 4, 1, 0]","[0, 0, 0, 0, 1, 1, 0, 0, 0, 6, 1, 2, 0, 1, 1, 0, 0, 2]","[0, 1, 1, 2, 0, 0, 0, 0, 0, 0, 0, 0, 0, 0, 0, 0, 0, 0]",False,False,False,False
adriver.ru,captura_0000166_H123.csv,19,17,15,4,"[1, 0, 0, 0, 0, 0, 1, 3, 2, 5, 0, 0, 0, 0, 0, 2, 3, 0]","[0, 0, 0, 0, 1, 1, 0, 0, 0, 0, 2, 6, 1, 1, 1, 0, 0, 2]","[0, 1, 1, 2, 0, 0, 0, 0, 0, 0, 0, 0, 0, 0, 0, 0, 0, 0]",False,False,False,False
adriver.ru,captura_0000166_H123.csv,20,17,15,4,"[1, 0, 0, 0, 0, 0, 1, 5, 3, 2, 0, 0, 0, 0, 0, 2, 3, 0]","[0, 0, 0, 0, 1, 1, 0, 0, 0, 0, 2, 1, 6, 1, 1, 0, 0, 2]","[0, 1, 1, 2, 0, 0, 0, 0, 0, 0, 0, 0, 0, 0, 0, 0, 0, 0]",False,False,False,False
aliyuncs.com,captura_0000164_H123.csv,2,1,6,1,"[1, 0, 0]","[0, 0, 6]","[0, 1, 0]",False,False,False,False
aliyuncs.com,captura_0000164_H123.csv,3,1,6,1,"[1, 0, 0]","[0, 0, 6]","[0, 1, 0]",False,False,False,False
aliyuncs.com,captura_0000164_H123.csv,4,1,6,1,"[1, 0, 0]","[0, 0, 6]","[0, 1, 0]",False,False,False,False
aliyuncs.com,captura_0000164_H123.csv,5,1,6,1,"[1, 0, 0]","[0, 0, 6]","[0, 1, 0]",False,False,False,False
aliyuncs.com,captura_0000164_H123.csv,7,1,6,1,"[1, 0, 0]","[0, 0, 6]","[0, 1, 0]",False,False,False,False
aliyuncs.com,captura_0000164_H123.csv,8,1,6,1,"[1, 0, 0]","[0, 0, 6]","[0, 1, 0]",False,False,False,False
aliyuncs.com,captura_0000164_H123.csv,10,1,6,1,"[1, 0, 0]","[0, 0, 6]","[0, 1, 0]",False,False,False,False
aliyuncs.com,captura_0000164_H123.csv,11,1,6,1,"[1, 0, 0]","[0, 0, 6]","[0, 1, 0]",False,False,False,False
aliyuncs.com,captura_0000164_H123.csv,12,1,6,1,"[1, 0, 0]","[0, 0, 6]","[0, 1, 0]",False,False,False,False
aliyuncs.com,captura_0000164_H123.csv,14,1,6,1,"[1, 0, 0]","[0, 0, 6]","[0, 1, 0]",False,False,False,False
aliyuncs.com,captura_0000164_H123.csv,15,1,6,1,"[1, 0, 0]","[0, 0, 6]","[0, 1, 0]",False,False,False,False
aliyuncs.com,captura_0000164_H123.csv,16,1,6,1,"[1, 0, 0]","[0, 0, 6]","[0, 1, 0]",False,False,False,False
aliyuncs.com,captura_0000164_H123.csv,17,1,6,1,"[1, 0, 0]","[0, 0, 6]","[0, 1, 0]",False,False,False,False
aliyuncs.com,captura_0000164_H123.csv,18,1,6,1,"[1, 0, 0]","[0, 0, 6]","[0, 1, 0]",False,False,False,False
aliyuncs.com,captura_0000164_H123.csv,19,1,6,1,"[1, 0, 0]","[0, 0, 6]","[0, 1, 0]",False,False,False,False
aliyuncs.com,captura_0000164_H123.csv,20,1,6,1,"[1, 0, 0]","[0, 0, 6]","[0, 1, 0]",False,False,False,False
amazon-adsystem.com,captura_0000115_H123.csv,1,3,6,1,"[1, 0, 2, 0]","[0, 0, 0, 6]","[0, 1, 0, 0]",False,False,False,False
amazon-adsystem.com,captura_0000115_H123.csv,2,3,6,1,"[1, 0, 2, 0]","[0, 0, 0, 6]","[0, 1, 0, 0]",False,False,False,False
amazon-adsystem.com,captura_0000115_H123.csv,3,3,6,1,"[1, 0, 2, 0]","[0, 0, 0, 6]","[0, 1, 0, 0]",False,False,False,False
amazon-adsystem.com,captura_0000115_H123.csv,4,3,6,1,"[1, 0, 2, 0]","[0, 0, 0, 6]","[0, 1, 0, 0]",False,False,False,False
amazon-adsystem.com,captura_0000115_H123.csv,5,3,6,1,"[1, 0, 2, 0]","[0, 0, 0, 6]","[0, 1, 0, 0]",False,False,False,False
amazon-adsystem.com,captura_0000115_H123.csv,6,3,6,1,"[1, 0, 2, 0]","[0, 0, 0, 6]","[0, 1, 0, 0]",False,False,False,False
amazon-adsystem.com,captura_0000115_H123.csv,7,3,6,1,"[1, 0, 2, 0]","[0, 0, 0, 6]","[0, 1, 0, 0]",False,False,False,False
amazon-adsystem.com,captura_0000115_H123.csv,9,3,6,1,"[1, 0, 2, 0]","[0, 0, 0, 6]","[0, 1, 0, 0]",False,False,False,False
amazon-adsystem.com,captura_0000115_H123.csv,10,3,6,1,"[1, 0, 2, 0]","[0, 0, 0, 6]","[0, 1, 0, 0]",False,False,False,False
amazon-adsystem.com,captura_0000115_H123.csv,11,3,6,1,"[1, 0, 2, 0]","[0, 0, 0, 6]","[0, 1, 0, 0]",False,False,False,False
amazon-adsystem.com,captura_0000115_H123.csv,12,3,6,1,"[1, 0, 2, 0]","[0, 0, 0, 6]","[0, 1, 0, 0]",False,False,False,False
amazon-adsystem.com,captura_0000115_H123.csv,13,3,6,1,"[1, 0, 2, 0]","[0, 0, 0, 6]","[0, 1, 0, 0]",False,False,False,False
amazon-adsystem.com,captura_0000115_H123.csv,14,3,6,1,"[1, 0, 2, 0]","[0, 0, 0, 6]","[0, 1, 0, 0]",False,False,False,False
amazon-adsystem.com,captura_0000115_H123.csv,15,3,6,1,"[1, 0, 2, 0]","[0, 0, 0, 6]","[0, 1, 0, 0]",False,False,False,False
amazon-adsystem.com,captura_0000115_H123.csv,16,3,6,1,"[1, 0, 2, 0]","[0, 0, 0, 6]","[0, 1, 0, 0]",False,False,False,False
amazon-adsystem.com,captura_0000115_H123.csv,17,3,6,1,"[1, 0, 2, 0]","[0, 0, 0, 6]","[0, 1, 0, 0]",False,False,False,False
amazon-adsystem.com,captura_0000115_H123.csv,19,3,6,1,"[1, 0, 2, 0]","[0, 0, 0, 6]","[0, 1, 0, 0]",False,False,False,False
amazon-adsystem.com,captura_0000115_H123.csv,20,3,6,1,"[1, 0, 2, 0]","[0, 0, 0, 6]","[0, 1, 0, 0]",False,False,False,False
amazon.com,captura_0000025_H123.csv,2,49,91,292,"[1, 0, 1, 0, 0, 0, 0, 0, 0, 0, 0, 0, 0, 0, 0, 11, 2, 1, 8, 9, 1, 3, 0, 0, 0, 0, 0, 0, 0, 0, 0, 0, 0, 0, 0, 0, 0, 2, 0, 0, 3, 3, 1, 0, 0, 0, 0, 0, 1, 0, 0, 0, 0, 2, 0, 0, 0, 0, 0, 0, 0, 0, 0, 0, 0, 0]","[0, 0, 0, 2, 1, 0, 0, 6, 0, 13, 0, 13, 0, 2, 6, 0, 0, 0, 0, 0, 0, 0, 3, 1, 1, 2, 1, 1, 1, 0, 1, 1, 2, 1, 0, 1, 1, 0, 1, 1, 0, 0, 0, 2, 2, 1, 3, 2, 0, 2, 1, 2, 1, 0, 0, 1, 1, 1, 1, 1, 1, 1, 1, 1, 1, 3]","[0, 1, 0, 0, 0, 17, 9, 0, 185, 0, 40, 0, 36, 0, 0, 0, 0, 0, 0, 0, 0, 0, 0, 0, 0, 0, 0, 0, 0, 1, 0, 0, 0, 0, 1, 0, 0, 0, 0, 0, 0, 0, 0, 0, 0, 0, 0, 0, 0, 0, 0, 0, 0, 0, 2, 0, 0, 0, 0, 0, 0, 0, 0, 0, 0, 0]",False,False,False,False
amazon.com,captura_0000025_H123.csv,3,49,83,327,"[1, 0, 1, 0, 0, 0, 0, 0, 0, 0, 0, 0, 0, 0, 7, 1, 2, 12, 8, 3, 1, 0, 0, 0, 0, 0, 0, 0, 0, 0, 0, 0, 0, 0, 0, 0, 2, 0, 3, 0, 1, 3, 0, 0, 0, 0, 0, 1, 0, 0, 0, 1, 2, 0, 0, 0, 0, 0, 0, 0, 0, 0, 0, 0, 0, 0]","[0, 0, 0, 2, 1, 0, 0, 12, 0, 0, 13, 5, 3, 0, 0, 0, 0, 0, 0, 0, 0, 3, 0, 1, 1, 1, 2, 1, 1, 1, 1, 2, 1, 1, 0, 1, 0, 1, 0, 1, 0, 0, 1, 1, 2, 3, 3, 0, 1, 2, 2, 0, 0, 1, 0, 1, 1, 1, 1, 1, 1, 1, 1, 1, 1, 2]","[0, 1, 0, 0, 0, 17, 9, 0, 255, 41, 0, 0, 0, 1, 0, 0, 0, 0, 0, 0, 0, 0, 1, 0, 0, 0, 0, 0, 0, 0, 0, 0, 0, 0, 1, 0, 0, 0, 0, 0, 0, 0, 0, 0, 0, 0, 0, 0, 0, 0, 0, 0, 0, 0, 1, 0, 0, 0, 0, 0, 0, 0, 0, 0, 0, 0]",False,False,False,False
amazon.com,captura_0000025_H123.csv,4,49,82,332,"[1, 0, 1, 0, 0, 0, 0, 0, 0, 0, 0, 0, 0, 0, 1, 2, 13, 6, 9, 3, 1, 0, 0, 0, 0, 0, 0, 0, 0, 0, 0, 0, 0, 0, 0, 2, 0, 0, 4, 2, 0, 1, 0, 0, 0, 0, 0, 1, 0, 0, 0, 0, 2, 0, 0, 0, 0, 0, 0, 0, 0, 0, 0, 0, 0]","[0, 0, 0, 2, 1, 0, 0, 12, 0, 0, 13, 5, 2, 0, 0, 0, 0, 0, 0, 0, 0, 0, 3, 1, 1, 1, 2, 1, 1, 1, 1, 2, 0, 1, 1, 0, 1, 1, 0, 0, 1, 0, 1, 2, 1, 3, 3, 0, 2, 1, 2, 1, 0, 0, 1, 1, 1, 1, 1, 1, 1, 1, 1, 1, 2]","[0, 1, 0, 0, 0, 17, 9, 0, 260, 41, 0, 0, 0, 1, 0, 0, 0, 0, 0, 0, 0, 1, 0, 0, 0, 0, 0, 0, 0, 0, 0, 0, 1, 0, 0, 0, 0, 0, 0, 0, 0, 0, 0, 0, 0, 0, 0, 0, 0, 0, 0, 0, 0, 1, 0, 0, 0, 0, 0, 0, 0, 0, 0, 0, 0]",False,False,False,False
amazon.com,captura_0000025_H123.csv,5,49,82,332,"[1, 0, 1, 0, 0, 0, 0, 0, 0, 0, 0, 0, 0, 0, 2, 13, 1, 6, 10, 0, 0, 0, 0, 0, 0, 0, 0, 0, 0, 1, 3, 0, 0, 0, 2, 0, 0, 0, 3, 0, 1, 2, 0, 0, 0, 0, 1, 0, 0, 0, 0, 0, 0, 2, 0, 0, 0, 0, 0, 0, 0, 0, 0, 0, 0]","[0, 0, 0, 2, 1, 0, 0, 12, 0, 0, 14, 2, 5, 0, 0, 0, 0, 0, 0, 3, 0, 1, 1, 1, 2, 1, 1, 1, 1, 0, 0, 2, 1, 1, 0, 0, 1, 1, 0, 1, 0, 0, 1, 1, 2, 3, 0, 2, 2, 1, 2, 0, 1, 0, 1, 1, 1, 1, 1, 1, 1, 1, 1, 1, 2]","[0, 1, 0, 0, 0, 17, 9, 0, 258, 41, 0, 0, 0, 2, 0, 0, 0, 0, 0, 0, 1, 0, 0, 0, 0, 0, 0, 0, 0, 0, 0, 0, 0, 0, 0, 1, 0, 0, 0, 0, 0, 0, 0, 0, 0, 0, 0, 0, 0, 0, 0, 2, 0, 0, 0, 0, 0, 0, 0, 0, 0, 0, 0, 0, 0]",False,False,False,False
amazon.com,captura_0000025_H123.csv,6,50,94,325,"[1, 0, 1, 0, 0, 0, 0, 0, 0, 0, 0, 0, 0, 7, 1, 2, 12, 9, 0, 0, 0, 0, 0, 0, 0, 0, 0, 0, 0, 1, 3, 0, 0, 0, 0, 2, 0, 3, 0, 1, 2, 0, 0, 0, 0, 0, 2, 0, 0, 0, 0, 2, 0, 0, 0, 0, 0, 0, 0, 0, 0, 0, 0, 0, 1, 0]","[0, 0, 0, 2, 1, 0, 0, 14, 0, 0, 20, 7, 2, 0, 0, 0, 0, 0, 3, 1, 1, 1, 2, 1, 1, 1, 1, 1, 2, 0, 0, 1, 0, 1, 1, 0, 1, 0, 1, 0, 0, 1, 2, 1, 3, 2, 0, 2, 1, 2, 1, 0, 0, 1, 1, 1, 1, 1, 1, 1, 1, 1, 1, 1, 0, 2]","[0, 1, 0, 0, 0, 17, 9, 0, 254, 41, 0, 0, 0, 0, 0, 0, 0, 0, 0, 0, 0, 0, 0, 0, 0, 0, 0, 0, 0, 0, 0, 0, 1, 0, 0, 0, 0, 0, 0, 0, 0, 0, 0, 0, 0, 0, 0, 0, 0, 0, 0, 0, 2, 0, 0, 0, 0, 0, 0, 0, 0, 0, 0, 0, 0, 0]",False,False,False,False
amazon.com,captura_0000025_H123.csv,7,50,88,302,"[1, 1, 0, 1, 0, 0, 0, 0, 0, 0, 0, 0, 0, 0, 0, 15, 2, 1, 4, 9, 1, 3, 0, 0, 0, 0, 0, 0, 0, 0, 0, 0, 0, 0, 0, 0, 2, 0, 0, 4, 1, 0, 0, 2, 0, 0, 0, 0, 1, 0, 0, 0, 0, 2, 0, 0, 0, 0, 0, 0, 0, 0, 0, 0, 0, 0]","[0, 0, 0, 0, 2, 1, 0, 0, 10, 0, 0, 21, 6, 0, 2, 0, 0, 0, 0, 0, 0, 0, 0, 3, 1, 1, 2, 1, 1, 1, 1, 1, 2, 1, 1, 1, 0, 0, 1, 0, 0, 1, 1, 0, 1, 2, 3, 2, 0, 2, 1, 2, 1, 0, 0, 1, 1, 1, 1, 1, 1, 1, 1, 1, 1, 2]","[0, 0, 1, 0, 0, 0, 17, 9, 0, 41, 229, 0, 0, 1, 0, 0, 0, 0, 0, 0, 0, 0, 1, 0, 0, 0, 0, 0, 0, 0, 0, 0, 0, 0, 0, 0, 0, 1, 0, 0, 0, 0, 0, 0, 0, 0, 0, 0, 0, 0, 0, 0, 0, 0, 2, 0, 0, 0, 0, 0, 0, 0, 0, 0, 0, 0]",False,False,False,False
amazon.com,captura_0000025_H123.csv,8,49,78,305,"[1, 0, 1, 0, 0, 0, 0, 0, 0, 0, 0, 0, 0, 2, 13, 1, 6, 0, 8, 1, 3, 0, 0, 0, 0, 0, 0, 0, 0, 0, 0, 0, 0, 0, 2, 0, 0, 0, 4, 0, 3, 1, 0, 0, 0, 0, 0, 0, 1, 0, 0, 0, 0, 2, 0, 0, 0, 0, 0, 0, 0, 0, 0, 0, 0]","[0, 0, 0, 2, 1, 0, 0, 7, 0, 0, 14, 2, 6, 0, 0, 0, 0, 0, 0, 0, 0, 1, 0, 1, 1, 2, 1, 1, 3, 1, 1, 2, 0, 1, 0, 1, 1, 1, 0, 1, 0, 0, 1, 1, 2, 3, 2, 2, 0, 1, 2, 0, 1, 0, 1, 1, 1, 1, 1, 1, 1, 1, 1, 1, 2]","[0, 1, 0, 0, 0, 17, 9, 0, 41, 232, 0, 0, 0, 0, 0, 0, 0, 1, 0, 0, 0, 0, 1, 0, 0, 0, 0, 0, 0, 0, 0, 0, 1, 0, 0, 0, 0, 0, 0, 0, 0, 0, 0, 0, 0, 0, 0, 0, 0, 0, 0, 2, 0, 0, 0, 0, 0, 0, 0, 0, 0, 0, 0, 0, 0]",False,False,False,False
amazon.com,captura_0000025_H123.csv,9,50,76,305,"[1, 0, 1, 0, 0, 0, 0, 0, 0, 0, 0, 0, 0, 0, 2, 5, 1, 14, 9, 1, 3, 0, 0, 0, 0, 0, 0, 0, 0, 0, 0, 0, 0, 0, 2, 0, 0, 0, 3, 1, 0, 2, 0, 0, 0, 0, 0, 2, 0, 0, 0, 2, 0, 0, 0, 0, 0, 0, 0, 0, 0, 0, 0, 0, 0, 1, 0]","[0, 0, 0, 2, 1, 0, 0, 6, 0, 0, 13, 5, 0, 2, 0, 0, 0, 0, 0, 0, 0, 0, 1, 1, 2, 3, 1, 1, 1, 1, 1, 2, 1, 0, 0, 1, 1, 1, 0, 0, 1, 0, 1, 1, 2, 3, 2, 0, 1, 2, 2, 0, 1, 0, 1, 1, 1, 1, 1, 1, 1, 1, 1, 1, 1, 0, 2]","[0, 1, 0, 0, 0, 17, 9, 0, 41, 231, 0, 0, 2, 0, 0, 0, 0, 0, 0, 0, 0, 1, 0, 0, 0, 0, 0, 0, 0, 0, 0, 0, 0, 1, 0, 0, 0, 0, 0, 0, 0, 0, 0, 0, 0, 0, 0, 0, 0, 0, 0, 0, 0, 2, 0, 0, 0, 0, 0, 0, 0, 0, 0, 0, 0, 0, 0]",False,False,False,False
amazon.com,captura_0000025_H123.csv,10,49,91,291,"[1, 0, 1, 0, 0, 0, 0, 0, 0, 0, 0, 0, 0, 0, 0, 0, 11, 1, 2, 8, 0, 9, 1, 3, 0, 0, 0, 0, 0, 0, 0, 0, 0, 0, 0, 0, 0, 2, 0, 0, 0, 3, 0, 3, 1, 0, 0, 0, 0, 0, 0, 0, 1, 0, 0, 0, 2, 0, 0, 0, 0, 0, 0, 0, 0, 0, 0, 0]","[0, 0, 0, 2, 1, 0, 0, 5, 0, 16, 0, 13, 0, 2, 5, 0, 0, 0, 0, 0, 0, 0, 0, 0, 3, 0, 1, 1, 1, 2, 1, 1, 1, 1, 2, 0, 1, 0, 1, 1, 1, 0, 1, 0, 0, 2, 1, 1, 3, 2, 3, 1, 0, 2, 1, 0, 0, 1, 1, 1, 1, 1, 1, 1, 1, 1, 1, 2]","[0, 1, 0, 0, 0, 17, 9, 0, 185, 0, 40, 0, 32, 0, 0, 1, 0, 0, 0, 0, 3, 0, 0, 0, 0, 1, 0, 0, 0, 0, 0, 0, 0, 0, 0, 1, 0, 0, 0, 0, 0, 0, 0, 0, 0, 0, 0, 0, 0, 0, 0, 0, 0, 0, 0, 1, 0, 0, 0, 0, 0, 0, 0, 0, 0, 0, 0, 0]",False,False,False,False
amazon.com,captura_0000025_H123.csv,11,49,88,291,"[1, 0, 1, 0, 0, 0, 0, 0, 0, 0, 0, 0, 0, 0, 0, 0, 0, 15, 5, 1, 1, 9, 1, 3, 0, 0, 0, 0, 0, 0, 0, 0, 0, 0, 0, 0, 0, 0, 2, 0, 0, 0, 1, 0, 3, 0, 0, 0, 0, 2, 0, 0, 0, 2, 0, 2, 0, 0, 0, 0, 0, 0, 0, 0, 0, 0, 0, 0]","[0, 0, 0, 2, 1, 0, 0, 6, 0, 6, 0, 12, 13, 0, 0, 2, 0, 0, 0, 0, 0, 0, 0, 0, 3, 0, 1, 1, 2, 1, 1, 1, 1, 1, 2, 1, 1, 1, 0, 0, 1, 1, 0, 1, 0, 1, 2, 3, 2, 0, 1, 2, 2, 0, 1, 0, 0, 1, 1, 1, 1, 1, 1, 1, 1, 1, 1, 2]","[0, 1, 0, 0, 0, 17, 9, 0, 186, 0, 40, 0, 0, 32, 1, 0, 1, 0, 0, 0, 0, 0, 0, 0, 0, 1, 0, 0, 0, 0, 0, 0, 0, 0, 0, 0, 0, 0, 0, 1, 0, 0, 0, 0, 0, 0, 0, 0, 0, 0, 0, 0, 0, 0, 0, 0, 2, 0, 0, 0, 0, 0, 0, 0, 0, 0, 0, 0]",False,False,False,False
amazon.com,captura_0000025_H123.csv,13,48,82,316,"[1, 0, 1, 0, 0, 0, 0, 0, 0, 0, 0, 0, 0, 0, 13, 6, 2, 9, 3, 1, 0, 0, 0, 0, 0, 0, 0, 0, 0, 0, 0, 0, 2, 0, 0, 0, 0, 1, 0, 0, 4, 0, 0, 0, 0, 1, 0, 0, 0, 0, 1, 2, 1, 0, 0, 0, 0, 0, 0, 0, 0, 0, 0, 0, 0]","[0, 0, 0, 2, 1, 0, 0, 11, 0, 0, 14, 5, 0, 2, 0, 0, 0, 0, 0, 0, 0, 3, 1, 1, 1, 2, 1, 1, 1, 2, 1, 1, 0, 1, 0, 1, 1, 0, 1, 1, 0, 1, 2, 3, 3, 0, 1, 2, 2, 1, 0, 0, 0, 1, 0, 1, 1, 1, 1, 1, 1, 1, 1, 1, 2]","[0, 1, 0, 0, 0, 17, 9, 0, 244, 41, 0, 0, 1, 0, 0, 0, 0, 0, 0, 0, 1, 0, 0, 0, 0, 0, 0, 0, 0, 0, 0, 0, 0, 0, 1, 0, 0, 0, 0, 0, 0, 0, 0, 0, 0, 0, 0, 0, 0, 0, 0, 0, 0, 0, 1, 0, 0, 0, 0, 0, 0, 0, 0, 0, 0]",False,False,False,False
amazon.com,captura_0000025_H123.csv,15,50,83,320,"[1, 0, 1, 0, 0, 0, 0, 0, 0, 0, 0, 0, 0, 0, 5, 2, 1, 14, 9, 1, 3, 0, 0, 0, 0, 0, 0, 0, 0, 0, 0, 0, 0, 0, 0, 2, 0, 0, 3, 1, 0, 0, 2, 0, 0, 0, 2, 0, 0, 0, 0, 2, 0, 0, 0, 0, 0, 0, 0, 0, 0, 0, 0, 0, 0, 1]","[0, 0, 0, 2, 1, 0, 0, 5, 12, 0, 0, 0, 14, 2, 0, 0, 0, 0, 0, 0, 0, 1, 1, 2, 1, 3, 1, 1, 0, 1, 1, 2, 1, 1, 1, 0, 1, 1, 0, 0, 1, 1, 0, 2, 1, 3, 0, 2, 1, 2, 2, 0, 1, 0, 1, 1, 1, 1, 1, 1, 1, 1, 1, 1, 2, 0]","[0, 1, 0, 0, 0, 17, 9, 0, 0, 249, 1, 40, 0, 0, 0, 0, 0, 0, 0, 0, 0, 0, 0, 0, 0, 0, 0, 0, 1, 0, 0, 0, 0, 0, 0, 0, 0, 0, 0, 0, 0, 0, 0, 0, 0, 0, 0, 0, 0, 0, 0, 0, 0, 2, 0, 0, 0, 0, 0, 0, 0, 0, 0, 0, 0, 0]",False,False,False,False
amazon.com,captura_0000025_H123.csv,17,50,81,318,"[1, 0, 1, 0, 0, 0, 0, 0, 0, 0, 0, 0, 0, 0, 1, 7, 2, 12, 9, 3, 1, 0, 0, 0, 0, 0, 0, 0, 0, 0, 0, 0, 0, 2, 0, 0, 0, 3, 0, 0, 1, 3, 0, 0, 0, 0, 0, 0, 1, 0, 0, 0, 2, 0, 0, 0, 0, 0, 0, 0, 0, 0, 0, 0, 0, 1, 0]","[0, 0, 0, 2, 1, 0, 0, 10, 0, 6, 0, 13, 0, 2, 0, 0, 0, 0, 0, 0, 0, 0, 3, 1, 1, 2, 1, 1, 1, 1, 2, 1, 1, 0, 1, 0, 1, 0, 1, 1, 0, 0, 1, 1, 2, 3, 2, 2, 0, 1, 2, 1, 0, 0, 1, 1, 1, 1, 1, 1, 1, 1, 1, 1, 1, 0, 2]","[0, 1, 0, 0, 0, 17, 9, 0, 243, 0, 41, 0, 3, 0, 0, 0, 0, 0, 0, 0, 0, 1, 0, 0, 0, 0, 0, 0, 0, 0, 0, 0, 0, 0, 0, 1, 0, 0, 0, 0, 0, 0, 0, 0, 0, 0, 0, 0, 0, 0, 0, 0, 0, 2, 0, 0, 0, 0, 0, 0, 0, 0, 0, 0, 0, 0, 0]",False,False,False,False
amazon.com,captura_0000025_H123.csv,18,49,89,290,"[1, 0, 1, 0, 0, 0, 0, 0, 0, 0, 0, 0, 0, 0, 0, 1, 11, 2, 8, 9, 1, 3, 0, 0, 0, 0, 0, 0, 0, 0, 0, 0, 0, 0, 2, 0, 0, 0, 0, 4, 0, 1, 2, 0, 0, 0, 0, 0, 1, 0, 0, 0, 0, 2, 0, 0, 0, 0, 0, 0, 0, 0, 0, 0, 0, 0, 0]","[0, 0, 0, 2, 1, 0, 0, 5, 0, 13, 0, 14, 0, 2, 0, 0, 0, 0, 0, 0, 0, 0, 3, 0, 1, 1, 2, 1, 1, 1, 1, 1, 2, 0, 0, 1, 1, 1, 1, 0, 1, 0, 0, 1, 2, 1, 2, 3, 0, 2, 1, 0, 2, 0, 1, 1, 1, 1, 1, 1, 1, 1, 1, 1, 1, 6, 2]","[0, 1, 0, 0, 0, 17, 9, 0, 186, 0, 40, 0, 32, 0, 1, 0, 0, 0, 0, 0, 0, 0, 0, 1, 0, 0, 0, 0, 0, 0, 0, 0, 0, 1, 0, 0, 0, 0, 0, 0, 0, 0, 0, 0, 0, 0, 0, 0, 0, 0, 0, 2, 0, 0, 0, 0, 0, 0, 0, 0, 0, 0, 0, 0, 0, 0, 0]",False,False,False,False
amazon.com,captura_0000025_H123.csv,20,48,84,332,"[1, 0, 1, 0, 0, 0, 0, 0, 0, 0, 0, 0, 0, 0, 1, 2, 10, 8, 9, 1, 3, 0, 0, 0, 0, 0, 0, 0, 0, 0, 0, 0, 0, 0, 2, 0, 0, 0, 0, 1, 3, 0, 0, 0, 0, 3, 0, 0, 0, 0, 2, 0, 1, 0, 0, 0, 0, 0, 0, 0, 0, 0, 0, 0, 0]","[0, 0, 0, 2, 1, 0, 0, 13, 0, 0, 13, 6, 0, 3, 0, 0, 0, 0, 0, 0, 0, 3, 0, 1, 1, 1, 1, 2, 1, 1, 1, 1, 2, 1, 0, 1, 0, 1, 1, 0, 0, 1, 1, 2, 3, 0, 2, 1, 2, 2, 0, 1, 0, 0, 1, 1, 1, 1, 1, 1, 1, 1, 1, 1, 2]","[0, 1, 0, 0, 0, 17, 9, 0, 257, 41, 0, 0, 3, 0, 0, 0, 0, 0, 0, 0, 0, 0, 1, 0, 0, 0, 0, 0, 0, 0, 0, 0, 0, 0, 0, 0, 1, 0, 0, 0, 0, 0, 0, 0, 0, 0, 0, 0, 0, 0, 0, 0, 0, 2, 0, 0, 0, 0, 0, 0, 0, 0, 0, 0, 0]",False,False,False,False
amazonvideo.com,captura_0000196_H123.csv,1,14,37,48,"[1, 0, 0, 0, 0, 0, 0, 0, 0, 0, 2, 6, 5, 0, 0]","[0, 0, 1, 4, 11, 1, 0, 0, 3, 9, 0, 0, 0, 6, 2]","[0, 1, 0, 0, 0, 0, 13, 34, 0, 0, 0, 0, 0, 0, 0]",False,False,False,False
amazonvideo.com,captura_0000196_H123.csv,2,14,34,49,"[1, 0, 0, 0, 0, 0, 0, 0, 0, 1, 7, 0, 5, 0]","[0, 0, 1, 4, 11, 1, 0, 0, 9, 0, 0, 6, 0, 2]","[0, 1, 0, 0, 0, 0, 14, 34, 0, 0, 0, 0, 0, 0]",False,False,False,False
amazonvideo.com,captura_0000196_H123.csv,3,15,34,48,"[1, 0, 0, 0, 0, 0, 0, 0, 0, 0, 6, 2, 0, 5, 0, 1]","[0, 0, 1, 4, 8, 1, 0, 0, 9, 3, 0, 0, 6, 0, 2, 0]","[0, 1, 0, 0, 0, 0, 13, 34, 0, 0, 0, 0, 0, 0, 0, 0]",False,False,False,False
amazonvideo.com,captura_0000196_H123.csv,4,12,37,50,"[1, 0, 0, 0, 0, 0, 0, 0, 0, 7, 1, 0, 3, 0]","[0, 0, 1, 4, 14, 1, 0, 0, 9, 0, 0, 6, 0, 2]","[0, 1, 0, 0, 0, 0, 14, 35, 0, 0, 0, 0, 0, 0]",False,False,False,False
amazonvideo.com,captura_0000196_H123.csv,5,14,38,48,"[1, 0, 0, 0, 0, 0, 0, 0, 0, 7, 1, 0, 5, 0]","[0, 0, 1, 4, 15, 1, 0, 0, 9, 0, 0, 6, 0, 2]","[0, 1, 0, 0, 0, 0, 12, 35, 0, 0, 0, 0, 0, 0]",False,False,False,False
amazonvideo.com,captura_0000196_H123.csv,6,12,34,49,"[1, 0, 0, 0, 0, 0, 0, 0, 0, 0, 2, 6, 0, 3, 0]","[0, 0, 1, 4, 8, 1, 0, 0, 9, 3, 0, 0, 6, 0, 2]","[0, 1, 0, 0, 0, 0, 13, 35, 0, 0, 0, 0, 0, 0, 0]",False,False,False,False
amazonvideo.com,captura_0000196_H123.csv,7,14,34,49,"[1, 0, 0, 0, 0, 0, 0, 0, 0, 1, 7, 0, 5, 0]","[0, 0, 1, 4, 11, 1, 0, 0, 9, 0, 0, 6, 0, 2]","[0, 1, 0, 0, 0, 0, 14, 34, 0, 0, 0, 0, 0, 0]",False,False,False,False
amazonvideo.com,captura_0000196_H123.csv,8,15,36,49,"[1, 0, 0, 0, 0, 0, 0, 0, 0, 0, 1, 7, 0, 5, 0, 1, 0]","[0, 0, 1, 4, 9, 1, 0, 0, 9, 3, 0, 0, 6, 0, 1, 0, 2]","[0, 1, 0, 0, 0, 0, 13, 35, 0, 0, 0, 0, 0, 0, 0, 0, 0]",False,False,False,False
amazonvideo.com,captura_0000196_H123.csv,9,15,34,49,"[1, 0, 0, 0, 0, 0, 0, 0, 0, 0, 1, 7, 0, 6, 0]","[0, 0, 1, 4, 8, 1, 0, 0, 9, 3, 0, 0, 6, 0, 2]","[0, 1, 0, 0, 0, 0, 13, 35, 0, 0, 0, 0, 0, 0, 0]",False,False,False,False
amazonvideo.com,captura_0000196_H123.csv,10,12,33,49,"[1, 0, 0, 0, 0, 0, 0, 0, 0, 7, 1, 0, 3, 0]","[0, 0, 1, 4, 10, 1, 0, 0, 9, 0, 0, 6, 0, 2]","[0, 1, 0, 0, 0, 0, 14, 34, 0, 0, 0, 0, 0, 0]",False,False,False,False
amazonvideo.com,captura_0000196_H123.csv,11,12,33,49,"[1, 0, 0, 0, 0, 0, 0, 0, 0, 0, 0, 1, 7, 3, 0]","[0, 0, 1, 4, 8, 1, 0, 0, 9, 3, 5, 0, 0, 0, 2]","[0, 1, 0, 0, 0, 0, 13, 35, 0, 0, 0, 0, 0, 0, 0]",False,False,False,False
amazonvideo.com,captura_0000196_H123.csv,14,15,39,48,"[1, 0, 0, 0, 0, 0, 0, 0, 0, 0, 6, 2, 0, 5, 0, 1, 0]","[0, 0, 1, 4, 12, 1, 0, 0, 9, 3, 0, 0, 6, 0, 1, 0, 2]","[0, 1, 0, 0, 0, 0, 13, 34, 0, 0, 0, 0, 0, 0, 0, 0, 0]",False,False,False,False
amazonvideo.com,captura_0000196_H123.csv,15,13,34,48,"[1, 1, 0, 0, 0, 0, 0, 0, 0, 0, 0, 2, 6, 0, 3, 0]","[0, 0, 0, 1, 4, 8, 1, 0, 0, 3, 9, 0, 0, 6, 0, 2]","[0, 0, 1, 0, 0, 0, 0, 13, 34, 0, 0, 0, 0, 0, 0, 0]",False,False,False,False
amazonvideo.com,captura_0000196_H123.csv,16,12,36,48,"[1, 0, 0, 0, 0, 0, 0, 0, 0, 0, 1, 7, 0, 3, 0]","[0, 0, 1, 4, 11, 1, 0, 0, 3, 8, 0, 0, 6, 0, 2]","[0, 1, 0, 0, 0, 0, 12, 35, 0, 0, 0, 0, 0, 0, 0]",False,False,False,False
amazonvideo.com,captura_0000196_H123.csv,17,15,34,50,"[1, 0, 0, 0, 0, 0, 0, 0, 0, 0, 7, 1, 0, 6, 0]","[0, 0, 1, 4, 8, 1, 0, 0, 3, 9, 0, 0, 6, 0, 2]","[0, 1, 0, 0, 0, 0, 13, 36, 0, 0, 0, 0, 0, 0, 0]",False,False,False,False
amazonvideo.com,captura_0000196_H123.csv,18,16,34,48,"[1, 0, 0, 0, 0, 0, 0, 0, 0, 0, 9, 1, 0, 5, 0]","[0, 0, 1, 4, 8, 1, 0, 0, 9, 3, 0, 0, 6, 0, 2]","[0, 1, 0, 0, 0, 0, 13, 34, 0, 0, 0, 0, 0, 0, 0]",False,False,False,False
amazonvideo.com,captura_0000196_H123.csv,19,14,36,50,"[1, 0, 0, 0, 0, 0, 0, 0, 0, 7, 1, 0, 5, 0]","[0, 0, 1, 4, 13, 1, 0, 0, 9, 0, 0, 6, 0, 2]","[0, 1, 0, 0, 0, 0, 14, 35, 0, 0, 0, 0, 0, 0]",False,False,False,False
amazonvideo.com,captura_0000196_H123.csv,20,15,33,50,"[1, 0, 0, 0, 0, 0, 0, 0, 0, 6, 2, 0, 6, 0]","[0, 0, 1, 4, 10, 1, 0, 0, 9, 0, 0, 6, 0, 2]","[0, 1, 0, 0, 0, 0, 14, 35, 0, 0, 0, 0, 0, 0]",False,False,False,False
android.com,captura_0000197_H123.csv,1,1,32,12,"[1, 0, 0, 0, 0, 0, 0, 0, 0, 0, 0, 0, 0, 0, 0, 0]","[0, 0, 1, 1, 11, 1, 0, 0, 0, 6, 2, 3, 0, 3, 2, 2]","[0, 1, 0, 0, 0, 0, 4, 4, 2, 0, 0, 0, 1, 0, 0, 0]",False,False,False,False
android.com,captura_0000197_H123.csv,2,1,34,12,"[1, 0, 0, 0, 0, 0, 0, 0, 0, 0, 0, 0, 0, 0]","[0, 0, 1, 1, 14, 1, 0, 0, 0, 2, 3, 4, 2, 6]","[0, 1, 0, 0, 0, 0, 4, 6, 1, 0, 0, 0, 0, 0]",False,False,False,False
android.com,captura_0000197_H123.csv,3,1,33,11,"[1, 0, 0, 0, 0, 0, 0, 0, 0, 0, 0, 0, 0, 0]","[0, 0, 1, 1, 13, 1, 0, 0, 0, 2, 3, 4, 2, 6]","[0, 1, 0, 0, 0, 0, 4, 5, 1, 0, 0, 0, 0, 0]",False,False,False,False
android.com,captura_0000197_H123.csv,4,1,32,10,"[1, 0, 0, 0, 0, 0, 0, 0, 0, 0, 0, 0, 0, 0]","[0, 0, 1, 1, 13, 1, 0, 0, 0, 2, 3, 3, 2, 6]","[0, 1, 0, 0, 0, 0, 4, 4, 1, 0, 0, 0, 0, 0]",False,False,False,False
android.com,captura_0000197_H123.csv,5,1,33,10,"[1, 0, 0, 0, 0, 0, 0, 0, 0, 0, 0, 0, 0, 0]","[0, 0, 1, 1, 13, 1, 0, 0, 0, 2, 3, 4, 2, 6]","[0, 1, 0, 0, 0, 0, 4, 4, 1, 0, 0, 0, 0, 0]",False,False,False,False
android.com,captura_0000197_H123.csv,6,1,34,9,"[1, 0, 0, 0, 0, 0, 0, 0, 0, 0, 0, 0, 0]","[0, 0, 1, 1, 13, 1, 0, 0, 2, 3, 5, 2, 6]","[0, 1, 0, 0, 0, 0, 4, 4, 0, 0, 0, 0, 0]",False,False,False,False
android.com,captura_0000197_H123.csv,7,1,32,10,"[1, 0, 0, 0, 0, 0, 0, 0, 0, 0, 0, 0, 0, 0]","[0, 0, 1, 1, 13, 1, 0, 0, 0, 2, 3, 3, 2, 6]","[0, 1, 0, 0, 0, 0, 4, 4, 1, 0, 0, 0, 0, 0]",False,False,False,False
android.com,captura_0000197_H123.csv,8,1,32,11,"[1, 0, 0, 0, 0, 0, 0, 0, 0, 0, 0, 0, 0, 0]","[0, 0, 1, 1, 1, 13, 0, 0, 0, 2, 3, 3, 2, 6]","[0, 1, 0, 0, 0, 0, 4, 5, 1, 0, 0, 0, 0, 0]",False,False,False,False
android.com,captura_0000197_H123.csv,9,1,34,11,"[1, 0, 0, 0, 0, 0, 0, 0, 0, 0, 0, 0, 0, 0]","[0, 0, 1, 1, 13, 1, 0, 0, 0, 2, 3, 5, 2, 6]","[0, 1, 0, 0, 0, 0, 4, 5, 1, 0, 0, 0, 0, 0]",False,False,False,False
android.com,captura_0000197_H123.csv,11,1,31,10,"[1, 0, 0, 0, 0, 0, 0, 0, 0, 0, 0, 0, 0, 0]","[0, 0, 1, 1, 12, 1, 0, 0, 0, 2, 3, 3, 2, 6]","[0, 1, 0, 0, 0, 0, 4, 4, 1, 0, 0, 0, 0, 0]",False,False,False,False
android.com,captura_0000197_H123.csv,12,1,33,10,"[1, 0, 0, 0, 0, 0, 0, 0, 0, 0, 0, 0, 0, 0]","[0, 0, 1, 1, 14, 1, 0, 0, 0, 2, 3, 3, 2, 6]","[0, 1, 0, 0, 0, 0, 4, 4, 1, 0, 0, 0, 0, 0]",False,False,False,False
android.com,captura_0000197_H123.csv,13,1,34,10,"[1, 0, 0, 0, 0, 0, 0, 0, 0, 0, 0, 0, 0, 0]","[0, 0, 1, 1, 13, 1, 0, 0, 0, 2, 3, 5, 2, 6]","[0, 1, 0, 0, 0, 0, 4, 4, 1, 0, 0, 0, 0, 0]",False,False,False,False
android.com,captura_0000197_H123.csv,14,1,34,11,"[1, 0, 0, 0, 0, 0, 0, 0, 0, 0, 0, 0, 0, 0]","[0, 0, 1, 1, 14, 1, 0, 0, 0, 2, 3, 4, 2, 6]","[0, 1, 0, 0, 0, 0, 4, 5, 1, 0, 0, 0, 0, 0]",False,False,False,False
android.com,captura_0000197_H123.csv,15,1,30,11,"[1, 0, 0, 0, 0, 0, 0, 0, 0, 0, 0, 0, 0, 0]","[0, 0, 1, 1, 11, 1, 0, 0, 0, 2, 3, 3, 2, 6]","[0, 1, 0, 0, 0, 0, 4, 5, 1, 0, 0, 0, 0, 0]",False,False,False,False
android.com,captura_0000197_H123.csv,16,1,30,11,"[1, 0, 0, 0, 0, 0, 0, 0, 0, 0, 0, 0, 0, 0]","[0, 0, 1, 1, 11, 1, 0, 0, 0, 2, 3, 3, 2, 6]","[0, 1, 0, 0, 0, 0, 4, 5, 1, 0, 0, 0, 0, 0]",False,False,False,False
android.com,captura_0000197_H123.csv,17,1,32,10,"[1, 0, 0, 0, 0, 0, 0, 0, 0, 0, 0, 0, 0, 0]","[0, 0, 1, 1, 13, 1, 0, 0, 0, 2, 3, 3, 2, 6]","[0, 1, 0, 0, 0, 0, 4, 4, 1, 0, 0, 0, 0, 0]",False,False,False,False
android.com,captura_0000197_H123.csv,19,1,33,10,"[1, 0, 0, 0, 0, 0, 0, 0, 0, 0, 0, 0, 0, 0]","[0, 0, 1, 1, 13, 1, 0, 0, 0, 2, 3, 4, 2, 6]","[0, 1, 0, 0, 0, 0, 4, 4, 1, 0, 0, 0, 0, 0]",False,False,False,False
android.com,captura_0000197_H123.csv,20,1,35,10,"[1, 0, 0, 0, 0, 0, 0, 0, 0, 0, 0, 0, 0, 0]","[0, 0, 1, 1, 14, 1, 0, 0, 0, 2, 3, 5, 2, 6]","[0, 1, 0, 0, 0, 0, 4, 4, 1, 0, 0, 0, 0, 0]",False,False,False,False
apache.org,captura_0000117_H123.csv,1,3,45,1,"[1, 0, 0, 0, 2, 0, 0, 0, 0]","[0, 0, 29, 1, 0, 1, 6, 2, 6]","[0, 1, 0, 0, 0, 0, 0, 0, 0]",False,False,False,False
apache.org,captura_0000117_H123.csv,2,3,45,1,"[1, 0, 0, 0, 0, 2, 0, 0, 0]","[0, 0, 28, 1, 1, 0, 7, 2, 6]","[0, 1, 0, 0, 0, 0, 0, 0, 0]",False,False,False,False
apache.org,captura_0000117_H123.csv,3,3,43,1,"[1, 0, 0, 0, 0, 2, 0, 0, 0]","[0, 28, 0, 1, 1, 0, 5, 2, 6]","[0, 0, 1, 0, 0, 0, 0, 0, 0]",False,False,False,False
apache.org,captura_0000117_H123.csv,4,3,39,1,"[1, 0, 0, 0, 0, 2, 0, 0, 0]","[0, 0, 24, 1, 1, 0, 5, 2, 6]","[0, 1, 0, 0, 0, 0, 0, 0, 0]",False,False,False,False
apache.org,captura_0000117_H123.csv,5,3,45,1,"[1, 0, 0, 0, 0, 2, 0, 0, 0]","[0, 0, 28, 1, 1, 0, 7, 2, 6]","[0, 1, 0, 0, 0, 0, 0, 0, 0]",False,False,False,False
apache.org,captura_0000117_H123.csv,6,3,46,1,"[1, 0, 0, 0, 0, 2, 0, 0, 0]","[0, 0, 28, 1, 1, 0, 8, 2, 6]","[0, 1, 0, 0, 0, 0, 0, 0, 0]",False,False,False,False
apache.org,captura_0000117_H123.csv,7,3,44,1,"[1, 0, 0, 0, 0, 2, 0, 0, 0]","[0, 0, 27, 1, 1, 0, 8, 2, 5]","[0, 1, 0, 0, 0, 0, 0, 0, 0]",False,False,False,False
apache.org,captura_0000117_H123.csv,8,3,45,1,"[1, 0, 0, 0, 0, 2, 0, 0, 0]","[0, 0, 28, 1, 1, 0, 7, 2, 6]","[0, 1, 0, 0, 0, 0, 0, 0, 0]",False,False,False,False
apache.org,captura_0000117_H123.csv,9,3,46,1,"[1, 0, 0, 0, 0, 2, 0, 0, 0]","[0, 0, 27, 1, 1, 0, 9, 2, 6]","[0, 1, 0, 0, 0, 0, 0, 0, 0]",False,False,False,False
apache.org,captura_0000117_H123.csv,10,3,46,1,"[1, 0, 0, 0, 0, 2, 0, 0, 0]","[0, 0, 29, 1, 1, 0, 7, 2, 6]","[0, 1, 0, 0, 0, 0, 0, 0, 0]",False,False,False,False
apache.org,captura_0000117_H123.csv,11,3,47,1,"[1, 0, 0, 0, 0, 2, 0, 0, 0]","[0, 0, 27, 1, 1, 0, 10, 2, 6]","[0, 1, 0, 0, 0, 0, 0, 0, 0]",False,False,False,False
apache.org,captura_0000117_H123.csv,12,3,43,1,"[1, 0, 0, 0, 0, 2, 0, 0, 0]","[0, 0, 27, 1, 1, 0, 6, 2, 6]","[0, 1, 0, 0, 0, 0, 0, 0, 0]",False,False,False,False
apache.org,captura_0000117_H123.csv,13,3,44,1,"[1, 0, 0, 0, 0, 2, 0, 0, 0]","[0, 0, 27, 1, 1, 0, 7, 2, 6]","[0, 1, 0, 0, 0, 0, 0, 0, 0]",False,False,False,False
apache.org,captura_0000117_H123.csv,14,3,47,1,"[1, 0, 0, 0, 0, 2, 0, 0, 0]","[0, 0, 29, 1, 1, 0, 8, 2, 6]","[0, 1, 0, 0, 0, 0, 0, 0, 0]",False,False,False,False
apache.org,captura_0000117_H123.csv,15,3,43,1,"[1, 0, 0, 0, 0, 2, 0, 0, 0]","[0, 0, 25, 1, 1, 0, 8, 2, 6]","[0, 1, 0, 0, 0, 0, 0, 0, 0]",False,False,False,False
apache.org,captura_0000117_H123.csv,17,3,45,1,"[1, 0, 0, 0, 0, 2, 0, 0, 0]","[0, 0, 27, 1, 1, 0, 8, 2, 6]","[0, 1, 0, 0, 0, 0, 0, 0, 0]",False,False,False,False
apache.org,captura_0000117_H123.csv,18,3,46,1,"[1, 0, 0, 0, 0, 2, 0, 0, 0]","[0, 0, 28, 1, 1, 0, 8, 2, 6]","[0, 1, 0, 0, 0, 0, 0, 0, 0]",False,False,False,False
apache.org,captura_0000117_H123.csv,19,3,42,1,"[1, 0, 0, 0, 0, 2, 0, 0, 0]","[0, 0, 23, 1, 1, 0, 9, 2, 6]","[0, 1, 0, 0, 0, 0, 0, 0, 0]",False,False,False,False
apache.org,captura_0000117_H123.csv,20,3,45,1,"[1, 0, 0, 0, 0, 2, 0, 0, 0]","[0, 0, 27, 1, 1, 0, 8, 2, 6]","[0, 1, 0, 0, 0, 0, 0, 0, 0]",False,False,False,False
app-analytics-services.com,captura_0000130_H123.csv,1,1,8,2,"[1, 0, 0, 0, 0]","[0, 0, 2, 0, 6]","[0, 1, 0, 1, 0]",False,False,False,False
app-analytics-services.com,captura_0000130_H123.csv,2,1,8,2,"[1, 0, 0, 0, 0]","[0, 0, 2, 0, 6]","[0, 1, 0, 1, 0]",False,False,False,False
app-analytics-services.com,captura_0000130_H123.csv,3,1,8,2,"[1, 0, 0, 0, 0]","[0, 0, 2, 0, 6]","[0, 1, 0, 1, 0]",False,False,False,False
app-analytics-services.com,captura_0000130_H123.csv,4,1,8,2,"[1, 0, 0, 0, 0]","[0, 0, 2, 0, 6]","[0, 1, 0, 1, 0]",False,False,False,False
app-analytics-services.com,captura_0000130_H123.csv,5,1,8,2,"[1, 0, 0, 0, 0]","[0, 0, 2, 0, 6]","[0, 1, 0, 1, 0]",False,False,False,False
app-analytics-services.com,captura_0000130_H123.csv,6,1,8,2,"[1, 0, 0, 0, 0]","[0, 0, 2, 0, 6]","[0, 1, 0, 1, 0]",False,False,False,False
app-analytics-services.com,captura_0000130_H123.csv,7,1,8,2,"[1, 0, 0, 0, 0]","[0, 0, 2, 0, 6]","[0, 1, 0, 1, 0]",False,False,False,False
app-analytics-services.com,captura_0000130_H123.csv,8,1,8,2,"[1, 0, 0, 0, 0]","[0, 0, 2, 0, 6]","[0, 1, 0, 1, 0]",False,False,False,False
app-analytics-services.com,captura_0000130_H123.csv,9,1,8,2,"[1, 0, 0, 0, 0]","[0, 0, 2, 0, 6]","[0, 1, 0, 1, 0]",False,False,False,False
app-analytics-services.com,captura_0000130_H123.csv,10,1,8,2,"[1, 0, 0, 0, 0]","[0, 0, 2, 0, 6]","[0, 1, 0, 1, 0]",False,False,False,False
app-analytics-services.com,captura_0000130_H123.csv,11,1,8,2,"[1, 0, 0, 0, 0]","[0, 0, 2, 0, 6]","[0, 1, 0, 1, 0]",False,False,False,False
app-analytics-services.com,captura_0000130_H123.csv,12,1,8,2,"[1, 0, 0, 0, 0]","[0, 0, 2, 0, 6]","[0, 1, 0, 1, 0]",False,False,False,False
app-analytics-services.com,captura_0000130_H123.csv,13,1,8,2,"[1, 0, 0, 0, 0]","[0, 0, 2, 0, 6]","[0, 1, 0, 1, 0]",False,False,False,False
app-analytics-services.com,captura_0000130_H123.csv,14,1,8,2,"[1, 0, 0, 0, 0]","[0, 0, 2, 0, 6]","[0, 1, 0, 1, 0]",False,False,False,False
app-analytics-services.com,captura_0000130_H123.csv,15,1,8,2,"[1, 0, 0, 0, 0]","[0, 0, 2, 0, 6]","[0, 1, 0, 1, 0]",False,False,False,False
app-analytics-services.com,captura_0000130_H123.csv,16,1,8,2,"[1, 0, 0, 0, 0]","[0, 0, 2, 0, 6]","[0, 1, 0, 1, 0]",False,False,False,False
app-analytics-services.com,captura_0000130_H123.csv,17,1,8,2,"[1, 0, 0, 0, 0]","[0, 0, 2, 0, 6]","[0, 1, 0, 1, 0]",False,False,False,False
app-analytics-services.com,captura_0000130_H123.csv,19,1,8,2,"[1, 0, 0, 0, 0]","[0, 0, 2, 0, 6]","[0, 1, 0, 1, 0]",False,False,False,False
app-analytics-services.com,captura_0000130_H123.csv,20,1,8,2,"[1, 0, 0, 0, 0]","[0, 0, 2, 0, 6]","[0, 1, 0, 1, 0]",False,False,False,False
app-measurement.com,captura_0000138_H123.csv,1,1,8,2,"[1, 0, 0, 0, 0]","[0, 0, 2, 0, 6]","[0, 1, 0, 1, 0]",False,False,False,False
app-measurement.com,captura_0000138_H123.csv,2,1,8,2,"[1, 0, 0, 0, 0]","[0, 0, 2, 0, 6]","[0, 1, 0, 1, 0]",False,False,False,False
app-measurement.com,captura_0000138_H123.csv,3,1,8,2,"[1, 0, 0, 0, 0]","[0, 0, 2, 0, 6]","[0, 1, 0, 1, 0]",False,False,False,False
app-measurement.com,captura_0000138_H123.csv,4,1,8,2,"[1, 0, 0, 0, 0]","[0, 0, 2, 0, 6]","[0, 1, 0, 1, 0]",False,False,False,False
app-measurement.com,captura_0000138_H123.csv,5,1,8,2,"[1, 0, 0, 0, 0]","[0, 0, 2, 0, 6]","[0, 1, 0, 1, 0]",False,False,False,False
app-measurement.com,captura_0000138_H123.csv,6,1,8,2,"[1, 0, 0, 0, 0]","[0, 0, 2, 0, 6]","[0, 1, 0, 1, 0]",False,False,False,False
app-measurement.com,captura_0000138_H123.csv,7,1,8,2,"[1, 0, 0, 0, 0]","[0, 0, 2, 0, 6]","[0, 1, 0, 1, 0]",False,False,False,False
app-measurement.com,captura_0000138_H123.csv,8,1,8,2,"[1, 0, 0, 0, 0]","[0, 0, 2, 0, 6]","[0, 1, 0, 1, 0]",False,False,False,False
app-measurement.com,captura_0000138_H123.csv,9,1,8,2,"[1, 0, 0, 0, 0]","[0, 0, 2, 0, 6]","[0, 1, 0, 1, 0]",False,False,False,False
app-measurement.com,captura_0000138_H123.csv,10,1,8,2,"[1, 0, 0, 0, 0]","[0, 0, 2, 0, 6]","[0, 1, 0, 1, 0]",False,False,False,False
app-measurement.com,captura_0000138_H123.csv,11,1,8,2,"[1, 0, 0, 0, 0]","[0, 0, 2, 0, 6]","[0, 1, 0, 1, 0]",False,False,False,False
app-measurement.com,captura_0000138_H123.csv,12,1,8,2,"[1, 0, 0, 0, 0]","[0, 0, 2, 0, 6]","[0, 1, 0, 1, 0]",False,False,False,False
app-measurement.com,captura_0000138_H123.csv,14,1,8,2,"[1, 0, 0, 0, 0]","[0, 0, 2, 0, 6]","[0, 1, 0, 1, 0]",False,False,False,False
app-measurement.com,captura_0000138_H123.csv,15,1,8,2,"[1, 0, 0, 0, 0]","[0, 0, 2, 0, 6]","[0, 1, 0, 1, 0]",False,False,False,False
app-measurement.com,captura_0000138_H123.csv,16,1,8,2,"[1, 0, 0, 0, 0]","[0, 0, 2, 0, 6]","[0, 1, 0, 1, 0]",False,False,False,False
app-measurement.com,captura_0000138_H123.csv,17,1,8,2,"[1, 0, 0, 0, 0]","[0, 0, 2, 0, 6]","[0, 1, 0, 1, 0]",False,False,False,False
app-measurement.com,captura_0000138_H123.csv,18,1,8,2,"[1, 0, 0, 0, 0]","[0, 0, 2, 0, 6]","[0, 1, 0, 1, 0]",False,False,False,False
app-measurement.com,captura_0000138_H123.csv,19,1,8,2,"[1, 0, 0, 0, 0]","[0, 0, 2, 0, 6]","[0, 1, 0, 1, 0]",False,False,False,False
app-measurement.com,captura_0000138_H123.csv,20,1,8,2,"[1, 0, 0, 0, 0]","[0, 0, 2, 0, 6]","[0, 1, 0, 1, 0]",False,False,False,False
apple.com,captura_0000008_H123.csv,2,2,38,1,"[1, 0, 1, 0, 0, 0]","[0, 0, 0, 30, 2, 6]","[0, 1, 0, 0, 0, 0]",False,False,False,False
apple.com,captura_0000008_H123.csv,3,2,38,1,"[1, 0, 1, 0, 0, 0]","[0, 0, 0, 30, 2, 6]","[0, 1, 0, 0, 0, 0]",False,False,False,False
apple.com,captura_0000008_H123.csv,4,2,38,1,"[1, 0, 1, 0, 0, 0]","[0, 0, 0, 30, 2, 6]","[0, 1, 0, 0, 0, 0]",False,False,False,False
apple.com,captura_0000008_H123.csv,5,2,39,1,"[1, 0, 1, 0, 0, 0]","[0, 0, 0, 30, 2, 7]","[0, 1, 0, 0, 0, 0]",False,False,False,False
apple.com,captura_0000008_H123.csv,6,2,38,1,"[1, 0, 1, 0, 0, 0]","[0, 0, 0, 30, 2, 6]","[0, 1, 0, 0, 0, 0]",False,False,False,False
apple.com,captura_0000008_H123.csv,7,2,38,1,"[1, 0, 1, 0, 0, 0]","[0, 0, 0, 30, 2, 6]","[0, 1, 0, 0, 0, 0]",False,False,False,False
apple.com,captura_0000008_H123.csv,8,2,38,1,"[1, 0, 1, 0, 0, 0]","[0, 0, 0, 30, 2, 6]","[0, 1, 0, 0, 0, 0]",False,False,False,False
apple.com,captura_0000008_H123.csv,9,2,38,1,"[1, 0, 1, 0, 0, 0]","[0, 0, 0, 30, 2, 6]","[0, 1, 0, 0, 0, 0]",False,False,False,False
apple.com,captura_0000008_H123.csv,10,2,38,1,"[1, 0, 1, 0, 0, 0]","[0, 0, 0, 30, 2, 6]","[0, 1, 0, 0, 0, 0]",False,False,False,False
apple.com,captura_0000008_H123.csv,11,2,38,1,"[1, 0, 1, 0, 0, 0]","[0, 0, 0, 30, 2, 6]","[0, 1, 0, 0, 0, 0]",False,False,False,False
apple.com,captura_0000008_H123.csv,12,2,38,1,"[1, 0, 1, 0, 0, 0]","[0, 0, 0, 30, 2, 6]","[0, 1, 0, 0, 0, 0]",False,False,False,False
apple.com,captura_0000008_H123.csv,13,2,38,1,"[1, 0, 1, 0, 0, 0]","[0, 0, 0, 30, 2, 6]","[0, 1, 0, 0, 0, 0]",False,False,False,False
apple.com,captura_0000008_H123.csv,14,2,38,1,"[1, 0, 1, 0, 0, 0]","[0, 0, 0, 30, 2, 6]","[0, 1, 0, 0, 0, 0]",False,False,False,False
apple.com,captura_0000008_H123.csv,16,2,40,1,"[1, 0, 1, 0, 0, 0]","[0, 0, 0, 32, 2, 6]","[0, 1, 0, 0, 0, 0]",False,False,False,False
apple.com,captura_0000008_H123.csv,18,2,41,1,"[1, 0, 1, 0, 0, 0]","[0, 0, 0, 33, 2, 6]","[0, 1, 0, 0, 0, 0]",False,False,False,False
apple.com,captura_0000008_H123.csv,19,2,38,1,"[1, 0, 1, 0, 0, 0]","[0, 0, 0, 30, 2, 6]","[0, 1, 0, 0, 0, 0]",False,False,False,False
apple.com,captura_0000008_H123.csv,20,2,39,1,"[1, 0, 1, 0, 0, 0]","[0, 0, 0, 31, 2, 6]","[0, 1, 0, 0, 0, 0]",False,False,False,False
applovin.com,captura_0000151_H123.csv,2,1,25,8,"[1, 0, 0, 0, 0, 0, 0, 0, 0, 0]","[0, 0, 2, 0, 1, 6, 7, 2, 1, 6]","[0, 1, 0, 7, 0, 0, 0, 0, 0, 0]",False,False,False,False
applovin.com,captura_0000151_H123.csv,3,1,25,9,"[1, 0, 0, 0, 0, 0, 0, 0, 0, 0]","[0, 0, 2, 0, 6, 1, 7, 2, 1, 6]","[0, 1, 0, 8, 0, 0, 0, 0, 0, 0]",False,False,False,False
applovin.com,captura_0000151_H123.csv,4,1,25,8,"[1, 0, 0, 0, 0, 0, 0, 0, 0, 0]","[0, 0, 2, 0, 6, 1, 7, 2, 1, 6]","[0, 1, 0, 7, 0, 0, 0, 0, 0, 0]",False,False,False,False
applovin.com,captura_0000151_H123.csv,5,1,25,9,"[1, 0, 0, 0, 0, 0, 0, 0, 0, 0]","[0, 0, 2, 0, 6, 1, 7, 2, 1, 6]","[0, 1, 0, 8, 0, 0, 0, 0, 0, 0]",False,False,False,False
applovin.com,captura_0000151_H123.csv,6,1,25,9,"[1, 0, 0, 0, 0, 0, 0, 0, 0, 0]","[0, 0, 2, 0, 6, 1, 7, 2, 1, 6]","[0, 1, 0, 8, 0, 0, 0, 0, 0, 0]",False,False,False,False
applovin.com,captura_0000151_H123.csv,7,1,25,9,"[1, 0, 0, 0, 0, 0, 0, 0, 0, 0]","[0, 0, 2, 0, 6, 1, 7, 2, 1, 6]","[0, 1, 0, 8, 0, 0, 0, 0, 0, 0]",False,False,False,False
applovin.com,captura_0000151_H123.csv,8,1,25,9,"[1, 0, 0, 0, 0, 0, 0, 0, 0, 0]","[0, 0, 2, 0, 6, 1, 7, 2, 6, 1]","[0, 1, 0, 8, 0, 0, 0, 0, 0, 0]",False,False,False,False
applovin.com,captura_0000151_H123.csv,9,1,25,9,"[1, 0, 0, 0, 0, 0, 0, 0, 0, 0]","[0, 0, 2, 0, 6, 1, 7, 2, 1, 6]","[0, 1, 0, 8, 0, 0, 0, 0, 0, 0]",False,False,False,False
applovin.com,captura_0000151_H123.csv,10,1,25,9,"[1, 0, 0, 0, 0, 0, 0, 0, 0, 0]","[0, 0, 2, 0, 6, 1, 7, 2, 1, 6]","[0, 1, 0, 8, 0, 0, 0, 0, 0, 0]",False,False,False,False
applovin.com,captura_0000151_H123.csv,11,1,25,8,"[1, 0, 0, 0, 0, 0, 0, 0, 0, 0]","[0, 0, 2, 0, 6, 1, 7, 2, 1, 6]","[0, 1, 0, 7, 0, 0, 0, 0, 0, 0]",False,False,False,False
applovin.com,captura_0000151_H123.csv,13,1,25,9,"[1, 0, 0, 0, 0, 0, 0, 0, 0, 0]","[0, 0, 2, 0, 6, 1, 7, 2, 1, 6]","[0, 1, 0, 8, 0, 0, 0, 0, 0, 0]",False,False,False,False
applovin.com,captura_0000151_H123.csv,14,1,25,9,"[1, 0, 0, 0, 0, 0, 0, 0, 0, 0]","[0, 0, 2, 0, 6, 1, 7, 2, 1, 6]","[0, 1, 0, 8, 0, 0, 0, 0, 0, 0]",False,False,False,False
applovin.com,captura_0000151_H123.csv,15,1,25,8,"[1, 0, 0, 0, 0, 0, 0, 0, 0, 0]","[0, 0, 2, 0, 6, 1, 7, 2, 1, 6]","[0, 1, 0, 7, 0, 0, 0, 0, 0, 0]",False,False,False,False
applovin.com,captura_0000151_H123.csv,18,1,25,9,"[1, 0, 0, 0, 0, 0, 0, 0, 0, 0]","[0, 0, 2, 0, 6, 1, 7, 2, 1, 6]","[0, 1, 0, 8, 0, 0, 0, 0, 0, 0]",False,False,False,False
applovin.com,captura_0000151_H123.csv,19,1,25,9,"[1, 0, 0, 0, 0, 0, 0, 0, 0, 0]","[0, 0, 2, 0, 6, 1, 7, 2, 1, 6]","[0, 1, 0, 8, 0, 0, 0, 0, 0, 0]",False,False,False,False
applovin.com,captura_0000151_H123.csv,20,1,25,9,"[1, 0, 0, 0, 0, 0, 0, 0, 0, 0]","[0, 0, 2, 0, 6, 1, 7, 2, 1, 6]","[0, 1, 0, 8, 0, 0, 0, 0, 0, 0]",False,False,False,False
appsflyersdk.com,captura_0000052_H123.csv,1,1,8,1,"[1, 0, 0, 0]","[0, 0, 2, 6]","[0, 1, 0, 0]",False,False,False,False
appsflyersdk.com,captura_0000052_H123.csv,2,1,8,1,"[1, 0, 0, 0]","[0, 0, 2, 6]","[0, 1, 0, 0]",False,False,False,False
appsflyersdk.com,captura_0000052_H123.csv,4,1,8,1,"[1, 0, 0, 0]","[0, 0, 2, 6]","[0, 1, 0, 0]",False,False,False,False
appsflyersdk.com,captura_0000052_H123.csv,5,1,8,1,"[1, 0, 0, 0]","[0, 0, 2, 6]","[0, 1, 0, 0]",False,False,False,False
appsflyersdk.com,captura_0000052_H123.csv,6,1,8,1,"[1, 0, 0, 0]","[0, 0, 2, 6]","[0, 1, 0, 0]",False,False,False,False
appsflyersdk.com,captura_0000052_H123.csv,7,1,8,1,"[1, 0, 0, 0]","[0, 0, 2, 6]","[0, 1, 0, 0]",False,False,False,False
appsflyersdk.com,captura_0000052_H123.csv,8,1,8,1,"[1, 0, 0, 0]","[0, 0, 2, 6]","[0, 1, 0, 0]",False,False,False,False
appsflyersdk.com,captura_0000052_H123.csv,9,1,8,1,"[1, 0, 0, 0]","[0, 0, 2, 6]","[0, 1, 0, 0]",False,False,False,False
appsflyersdk.com,captura_0000052_H123.csv,10,1,8,1,"[1, 0, 0, 0]","[0, 0, 2, 6]","[0, 1, 0, 0]",False,False,False,False
appsflyersdk.com,captura_0000052_H123.csv,11,1,8,1,"[1, 0, 0, 0]","[0, 0, 2, 6]","[0, 1, 0, 0]",False,False,False,False
appsflyersdk.com,captura_0000052_H123.csv,12,1,8,1,"[1, 0, 0, 0]","[0, 0, 2, 6]","[0, 1, 0, 0]",False,False,False,False
appsflyersdk.com,captura_0000052_H123.csv,13,1,8,1,"[1, 0, 0, 0]","[0, 0, 2, 6]","[0, 1, 0, 0]",False,False,False,False
appsflyersdk.com,captura_0000052_H123.csv,14,1,8,1,"[1, 0, 0, 0]","[0, 0, 2, 6]","[0, 1, 0, 0]",False,False,False,False
appsflyersdk.com,captura_0000052_H123.csv,16,1,8,1,"[1, 0, 0, 0]","[0, 0, 2, 6]","[0, 1, 0, 0]",False,False,False,False
appsflyersdk.com,captura_0000052_H123.csv,17,1,8,1,"[1, 0, 0, 0]","[0, 0, 2, 6]","[0, 1, 0, 0]",False,False,False,False
appsflyersdk.com,captura_0000052_H123.csv,18,1,8,1,"[1, 0, 0, 0]","[0, 0, 2, 6]","[0, 1, 0, 0]",False,False,False,False
appsflyersdk.com,captura_0000052_H123.csv,19,1,8,1,"[1, 0, 0, 0]","[0, 0, 2, 6]","[0, 1, 0, 0]",False,False,False,False
appsflyersdk.com,captura_0000052_H123.csv,20,1,8,1,"[1, 0, 0, 0]","[0, 0, 2, 6]","[0, 1, 0, 0]",False,False,False,False
archive.org,captura_0000154_H123.csv,1,1,71,2,"[1, 0, 0, 0, 0, 0, 0, 0, 0]","[0, 0, 57, 2, 0, 3, 6, 1, 2]","[0, 1, 0, 0, 1, 0, 0, 0, 0]",False,False,False,False
archive.org,captura_0000154_H123.csv,2,1,74,2,"[1, 0, 0, 0, 0, 0, 0, 0, 0]","[0, 0, 60, 2, 0, 3, 6, 1, 2]","[0, 1, 0, 0, 1, 0, 0, 0, 0]",False,False,False,False
archive.org,captura_0000154_H123.csv,3,1,73,2,"[1, 0, 0, 0, 0, 0, 0, 0, 0]","[0, 0, 59, 2, 0, 6, 3, 1, 2]","[0, 1, 0, 0, 1, 0, 0, 0, 0]",False,False,False,False
archive.org,captura_0000154_H123.csv,4,1,70,2,"[1, 0, 0, 0, 0, 0, 0, 0, 0]","[0, 0, 56, 2, 0, 3, 6, 1, 2]","[0, 1, 0, 0, 1, 0, 0, 0, 0]",False,False,False,False
archive.org,captura_0000154_H123.csv,5,1,72,2,"[1, 0, 0, 0, 0, 0, 0, 0, 0]","[0, 0, 58, 2, 0, 3, 6, 1, 2]","[0, 1, 0, 0, 1, 0, 0, 0, 0]",False,False,False,False
archive.org,captura_0000154_H123.csv,6,1,72,2,"[1, 0, 0, 0, 0, 0, 0, 0, 0]","[0, 0, 57, 2, 0, 7, 3, 1, 2]","[0, 1, 0, 0, 1, 0, 0, 0, 0]",False,False,False,False
archive.org,captura_0000154_H123.csv,7,1,65,2,"[1, 0, 0, 0, 0, 0, 0, 0, 0]","[0, 0, 51, 2, 0, 3, 6, 1, 2]","[0, 1, 0, 0, 1, 0, 0, 0, 0]",False,False,False,False
archive.org,captura_0000154_H123.csv,8,1,69,2,"[1, 0, 0, 0, 0, 0, 0, 0, 0]","[0, 0, 55, 2, 0, 3, 6, 1, 2]","[0, 1, 0, 0, 1, 0, 0, 0, 0]",False,False,False,False
archive.org,captura_0000154_H123.csv,9,1,72,2,"[1, 0, 0, 0, 0, 0, 0, 0, 0]","[0, 0, 58, 2, 0, 3, 6, 1, 2]","[0, 1, 0, 0, 1, 0, 0, 0, 0]",False,False,False,False
archive.org,captura_0000154_H123.csv,11,1,74,2,"[1, 0, 0, 0, 0, 0, 0, 0, 0]","[0, 0, 59, 2, 4, 0, 6, 1, 2]","[0, 1, 0, 0, 0, 1, 0, 0, 0]",False,False,False,False
archive.org,captura_0000154_H123.csv,12,1,66,2,"[1, 0, 0, 0, 0, 0, 0, 0, 0]","[0, 0, 52, 2, 0, 3, 6, 1, 2]","[0, 1, 0, 0, 1, 0, 0, 0, 0]",False,False,False,False
archive.org,captura_0000154_H123.csv,13,1,75,2,"[1, 0, 0, 0, 0, 0, 0, 0, 0]","[0, 0, 61, 2, 0, 6, 3, 1, 2]","[0, 1, 0, 0, 1, 0, 0, 0, 0]",False,False,False,False
archive.org,captura_0000154_H123.csv,14,1,71,2,"[1, 0, 0, 0, 0, 0, 0, 0, 0]","[0, 0, 57, 2, 0, 3, 6, 1, 2]","[0, 1, 0, 0, 1, 0, 0, 0, 0]",False,False,False,False
archive.org,captura_0000154_H123.csv,15,1,72,2,"[1, 0, 0, 0, 0, 0, 0, 0, 0]","[0, 0, 58, 2, 0, 3, 6, 1, 2]","[0, 1, 0, 0, 1, 0, 0, 0, 0]",False,False,False,False
archive.org,captura_0000154_H123.csv,16,1,72,2,"[1, 0, 0, 0, 0, 0, 0, 0, 0]","[0, 0, 58, 2, 0, 3, 6, 1, 2]","[0, 1, 0, 0, 1, 0, 0, 0, 0]",False,False,False,False
archive.org,captura_0000154_H123.csv,17,1,65,2,"[1, 0, 0, 0, 0, 0, 0, 0, 0]","[0, 0, 51, 2, 0, 3, 6, 1, 2]","[0, 1, 0, 0, 1, 0, 0, 0, 0]",False,False,False,False
archive.org,captura_0000154_H123.csv,18,1,77,2,"[1, 0, 0, 0, 0, 0, 0, 0, 0]","[0, 0, 63, 2, 0, 3, 1, 6, 2]","[0, 1, 0, 0, 1, 0, 0, 0, 0]",False,False,False,False
archive.org,captura_0000154_H123.csv,19,1,69,2,"[1, 0, 0, 0, 0, 0, 0, 0, 0]","[0, 0, 55, 2, 0, 3, 6, 1, 2]","[0, 1, 0, 0, 1, 0, 0, 0, 0]",False,False,False,False
archive.org,captura_0000154_H123.csv,20,1,67,2,"[1, 0, 0, 0, 0, 0, 0, 0, 0]","[0, 0, 53, 2, 0, 3, 6, 1, 2]","[0, 1, 0, 0, 1, 0, 0, 0, 0]",False,False,False,False
azure.com,captura_0000019_H123.csv,1,102,70,1,"[1, 0, 0, 38, 14, 14, 13, 11, 11, 0, 0, 0, 0, 0, 0, 0, 0, 0, 0, 0, 0, 0, 0, 0, 0, 0, 0]","[0, 0, 1, 0, 0, 0, 0, 0, 0, 4, 6, 1, 1, 1, 26, 1, 2, 2, 1, 6, 2, 2, 2, 3, 2, 5, 2]","[0, 1, 0, 0, 0, 0, 0, 0, 0, 0, 0, 0, 0, 0, 0, 0, 0, 0, 0, 0, 0, 0, 0, 0, 0, 0, 0]",False,False,False,False
azure.com,captura_0000019_H123.csv,2,102,71,1,"[1, 0, 0, 17, 12, 9, 13, 36, 14, 0, 0, 0, 0, 0, 0, 0, 0, 0, 0, 0, 0, 0, 0, 0, 0, 0, 0]","[0, 0, 1, 0, 0, 0, 0, 0, 0, 3, 6, 1, 1, 1, 1, 27, 2, 3, 1, 6, 2, 2, 2, 3, 2, 5, 2]","[0, 1, 0, 0, 0, 0, 0, 0, 0, 0, 0, 0, 0, 0, 0, 0, 0, 0, 0, 0, 0, 0, 0, 0, 0, 0, 0]",False,False,False,False
azure.com,captura_0000019_H123.csv,3,102,71,1,"[1, 0, 0, 16, 13, 10, 36, 12, 14, 0, 0, 0, 0, 0, 0, 0, 0, 0, 0, 0, 0, 0, 0, 0, 0, 0, 0]","[0, 0, 1, 0, 0, 0, 0, 0, 0, 1, 3, 6, 1, 2, 1, 1, 26, 2, 1, 2, 2, 3, 2, 3, 6, 2, 6]","[0, 1, 0, 0, 0, 0, 0, 0, 0, 0, 0, 0, 0, 0, 0, 0, 0, 0, 0, 0, 0, 0, 0, 0, 0, 0, 0]",False,False,False,False
azure.com,captura_0000019_H123.csv,4,102,68,1,"[1, 0, 0, 14, 16, 13, 37, 13, 8, 0, 0, 0, 0, 0, 0, 0, 0, 0, 0, 0, 0, 0, 0, 0, 0, 0, 0]","[0, 0, 1, 0, 0, 0, 0, 0, 0, 3, 6, 1, 1, 1, 25, 1, 2, 2, 1, 6, 2, 2, 2, 3, 2, 5, 2]","[0, 1, 0, 0, 0, 0, 0, 0, 0, 0, 0, 0, 0, 0, 0, 0, 0, 0, 0, 0, 0, 0, 0, 0, 0, 0, 0]",False,False,False,False
azure.com,captura_0000019_H123.csv,5,102,70,1,"[1, 0, 0, 17, 9, 13, 15, 13, 34, 0, 0, 0, 0, 0, 0, 0, 0, 0, 0, 0, 0, 0, 0, 0, 0, 0, 0]","[0, 0, 1, 0, 0, 0, 0, 0, 0, 1, 1, 3, 6, 2, 1, 1, 27, 3, 1, 5, 2, 2, 2, 3, 2, 5, 2]","[0, 1, 0, 0, 0, 0, 0, 0, 0, 0, 0, 0, 0, 0, 0, 0, 0, 0, 0, 0, 0, 0, 0, 0, 0, 0, 0]",False,False,False,False
azure.com,captura_0000019_H123.csv,6,102,70,1,"[1, 0, 0, 18, 13, 10, 12, 16, 32, 0, 0, 0, 0, 0, 0, 0, 0, 0, 0, 0, 0, 0, 0, 0, 0, 0, 0]","[0, 0, 1, 0, 0, 0, 0, 0, 0, 1, 1, 3, 6, 1, 28, 1, 2, 2, 1, 5, 2, 2, 2, 3, 2, 5, 2]","[0, 1, 0, 0, 0, 0, 0, 0, 0, 0, 0, 0, 0, 0, 0, 0, 0, 0, 0, 0, 0, 0, 0, 0, 0, 0, 0]",False,False,False,False
azure.com,captura_0000019_H123.csv,7,102,71,1,"[1, 0, 0, 35, 15, 10, 11, 13, 17, 0, 0, 0, 0, 0, 0, 0, 0, 0, 0, 0, 0, 0, 0, 0, 0, 0, 0]","[0, 0, 1, 0, 0, 0, 0, 0, 0, 3, 1, 6, 1, 1, 2, 27, 1, 3, 6, 1, 2, 2, 2, 3, 2, 5, 2]","[0, 1, 0, 0, 0, 0, 0, 0, 0, 0, 0, 0, 0, 0, 0, 0, 0, 0, 0, 0, 0, 0, 0, 0, 0, 0, 0]",False,False,False,False
azure.com,captura_0000019_H123.csv,8,102,72,1,"[1, 0, 0, 16, 12, 14, 14, 33, 12, 0, 0, 0, 0, 0, 0, 0, 0, 0, 0, 0, 0, 0, 0, 0, 0, 0, 0]","[0, 0, 1, 0, 0, 0, 0, 0, 0, 1, 3, 6, 1, 6, 1, 1, 2, 26, 2, 1, 2, 2, 2, 4, 2, 7, 2]","[0, 1, 0, 0, 0, 0, 0, 0, 0, 0, 0, 0, 0, 0, 0, 0, 0, 0, 0, 0, 0, 0, 0, 0, 0, 0, 0]",False,False,False,False
azure.com,captura_0000019_H123.csv,9,102,70,1,"[1, 0, 0, 25, 12, 14, 10, 8, 32, 0, 0, 0, 0, 0, 0, 0, 0, 0, 0, 0, 0, 0, 0, 0, 0, 0, 0]","[0, 1, 0, 0, 0, 0, 0, 0, 0, 3, 6, 1, 1, 1, 1, 26, 2, 3, 1, 6, 2, 2, 2, 3, 2, 5, 2]","[0, 0, 1, 0, 0, 0, 0, 0, 0, 0, 0, 0, 0, 0, 0, 0, 0, 0, 0, 0, 0, 0, 0, 0, 0, 0, 0]",False,False,False,False
azure.com,captura_0000019_H123.csv,10,102,71,1,"[1, 0, 0, 22, 11, 12, 10, 32, 14, 0, 0, 0, 0, 0, 0, 0, 0, 0, 0, 0, 0, 0, 0, 0, 0, 0, 0]","[0, 0, 1, 0, 0, 0, 0, 0, 0, 3, 6, 1, 1, 6, 1, 1, 27, 2, 2, 1, 2, 2, 2, 3, 2, 6, 2]","[0, 1, 0, 0, 0, 0, 0, 0, 0, 0, 0, 0, 0, 0, 0, 0, 0, 0, 0, 0, 0, 0, 0, 0, 0, 0, 0]",False,False,False,False
azure.com,captura_0000019_H123.csv,12,102,72,1,"[1, 0, 0, 17, 9, 41, 11, 7, 16, 0, 0, 0, 0, 0, 0, 0, 0, 0, 0, 0, 0, 0, 0, 0, 0, 0, 0]","[0, 0, 1, 0, 0, 0, 0, 0, 0, 1, 3, 7, 1, 1, 1, 2, 25, 2, 1, 6, 2, 2, 2, 4, 2, 7, 2]","[0, 1, 0, 0, 0, 0, 0, 0, 0, 0, 0, 0, 0, 0, 0, 0, 0, 0, 0, 0, 0, 0, 0, 0, 0, 0, 0]",False,False,False,False
azure.com,captura_0000019_H123.csv,15,102,70,1,"[1, 0, 0, 17, 14, 12, 37, 9, 12, 0, 0, 0, 0, 0, 0, 0, 0, 0, 0, 0, 0, 0, 0, 0, 0, 0, 0]","[0, 0, 1, 0, 0, 0, 0, 0, 0, 3, 6, 1, 1, 1, 27, 2, 1, 2, 1, 6, 2, 2, 2, 3, 2, 5, 2]","[0, 1, 0, 0, 0, 0, 0, 0, 0, 0, 0, 0, 0, 0, 0, 0, 0, 0, 0, 0, 0, 0, 0, 0, 0, 0, 0]",False,False,False,False
azure.com,captura_0000019_H123.csv,16,102,69,1,"[1, 0, 0, 13, 0, 34, 14, 15, 14, 11, 0, 0, 0, 0, 0, 0, 0, 0, 0, 0, 0, 0, 0, 0, 0, 0, 0]","[0, 0, 1, 0, 6, 0, 0, 0, 0, 0, 1, 3, 6, 1, 1, 1, 2, 26, 2, 1, 2, 2, 2, 3, 2, 5, 2]","[0, 1, 0, 0, 0, 0, 0, 0, 0, 0, 0, 0, 0, 0, 0, 0, 0, 0, 0, 0, 0, 0, 0, 0, 0, 0, 0]",False,False,False,False
azure.com,captura_0000019_H123.csv,17,102,72,1,"[1, 0, 0, 13, 35, 14, 10, 16, 13, 0, 0, 0, 0, 0, 0, 0, 0, 0, 0, 0, 0, 0, 0, 0, 0, 0, 0]","[0, 0, 1, 0, 0, 0, 0, 0, 0, 4, 6, 1, 1, 1, 27, 1, 2, 3, 1, 6, 2, 2, 2, 3, 2, 5, 2]","[0, 1, 0, 0, 0, 0, 0, 0, 0, 0, 0, 0, 0, 0, 0, 0, 0, 0, 0, 0, 0, 0, 0, 0, 0, 0, 0]",False,False,False,False
azure.com,captura_0000019_H123.csv,18,102,69,1,"[1, 0, 0, 17, 18, 31, 8, 15, 12, 0, 0, 0, 0, 0, 0, 0, 0, 0, 0, 0, 0, 0, 0, 0, 0, 0, 0]","[0, 0, 1, 0, 0, 0, 0, 0, 0, 1, 3, 6, 1, 1, 1, 2, 26, 2, 1, 2, 2, 2, 3, 2, 5, 2, 6]","[0, 1, 0, 0, 0, 0, 0, 0, 0, 0, 0, 0, 0, 0, 0, 0, 0, 0, 0, 0, 0, 0, 0, 0, 0, 0, 0]",False,False,False,False
azure.com,captura_0000019_H123.csv,19,102,70,1,"[1, 0, 0, 42, 11, 21, 15, 12, 0, 0, 0, 0, 0, 0, 0, 0, 0, 0, 0, 0, 0, 0, 0, 0, 0, 0]","[0, 0, 1, 0, 0, 0, 0, 0, 4, 6, 1, 1, 1, 27, 2, 1, 2, 1, 5, 2, 2, 2, 3, 2, 5, 2]","[0, 1, 0, 0, 0, 0, 0, 0, 0, 0, 0, 0, 0, 0, 0, 0, 0, 0, 0, 0, 0, 0, 0, 0, 0, 0]",False,False,False,False
azure.com,captura_0000019_H123.csv,20,102,69,1,"[1, 0, 0, 36, 13, 14, 16, 11, 11, 0, 0, 0, 0, 0, 0, 0, 0, 0, 0, 0, 0, 0, 0, 0, 0, 0, 0]","[0, 0, 1, 0, 0, 0, 0, 0, 0, 1, 3, 6, 1, 2, 1, 1, 25, 2, 1, 6, 2, 2, 2, 3, 3, 5, 2]","[0, 1, 0, 0, 0, 0, 0, 0, 0, 0, 0, 0, 0, 0, 0, 0, 0, 0, 0, 0, 0, 0, 0, 0, 0, 0, 0]",False,False,False,False
baidu.com,captura_0000107_H123.csv,1,1,62,1,"[1, 0, 0, 0, 0, 0, 0, 0, 0, 0]","[0, 0, 6, 2, 20, 24, 3, 2, 2, 3]","[0, 1, 0, 0, 0, 0, 0, 0, 0, 0]",False,False,False,False
baidu.com,captura_0000107_H123.csv,2,1,65,1,"[1, 0, 0, 0, 0, 0, 0, 0, 0, 0]","[0, 0, 23, 6, 24, 3, 2, 2, 3, 2]","[0, 1, 0, 0, 0, 0, 0, 0, 0, 0]",False,False,False,False
baidu.com,captura_0000107_H123.csv,3,1,64,1,"[1, 0, 0, 0, 0, 0, 0, 0, 0, 0]","[0, 0, 21, 6, 25, 3, 2, 2, 3, 2]","[0, 1, 0, 0, 0, 0, 0, 0, 0, 0]",False,False,False,False
baidu.com,captura_0000107_H123.csv,4,3,64,1,"[1, 0, 0, 0, 0, 0, 2, 0, 0, 0, 0]","[0, 0, 6, 22, 24, 3, 0, 2, 2, 3, 2]","[0, 1, 0, 0, 0, 0, 0, 0, 0, 0, 0]",False,False,False,False
baidu.com,captura_0000107_H123.csv,5,3,62,1,"[1, 0, 0, 0, 0, 0, 2, 0, 0, 0, 0]","[0, 0, 6, 21, 23, 3, 0, 2, 2, 3, 2]","[0, 1, 0, 0, 0, 0, 0, 0, 0, 0, 0]",False,False,False,False
baidu.com,captura_0000107_H123.csv,6,1,61,1,"[1, 0, 0, 0, 0, 0, 0, 0, 0, 0]","[0, 0, 20, 6, 24, 2, 2, 2, 3, 2]","[0, 1, 0, 0, 0, 0, 0, 0, 0, 0]",False,False,False,False
baidu.com,captura_0000107_H123.csv,7,1,62,1,"[1, 0, 0, 0, 0, 0, 0, 0, 0, 0]","[0, 0, 6, 21, 22, 3, 2, 2, 4, 2]","[0, 1, 0, 0, 0, 0, 0, 0, 0, 0]",False,False,False,False
baidu.com,captura_0000107_H123.csv,8,2,62,1,"[1, 0, 0, 0, 0, 0, 1, 0, 0, 0, 0]","[0, 0, 6, 22, 22, 3, 0, 2, 2, 3, 2]","[0, 1, 0, 0, 0, 0, 0, 0, 0, 0, 0]",False,False,False,False
baidu.com,captura_0000107_H123.csv,9,1,61,1,"[1, 0, 0, 0, 0, 0, 0, 0, 0, 0]","[0, 0, 22, 6, 20, 5, 2, 2, 3, 1]","[0, 1, 0, 0, 0, 0, 0, 0, 0, 0]",False,False,False,False
baidu.com,captura_0000107_H123.csv,10,3,63,1,"[1, 0, 0, 0, 0, 0, 2, 0, 0, 0, 0]","[0, 0, 6, 21, 24, 3, 0, 2, 2, 3, 2]","[0, 1, 0, 0, 0, 0, 0, 0, 0, 0, 0]",False,False,False,False
baidu.com,captura_0000107_H123.csv,11,3,60,1,"[1, 0, 0, 0, 0, 0, 2, 0, 0, 0, 0, 0]","[0, 0, 6, 22, 20, 3, 0, 2, 1, 1, 3, 2]","[0, 1, 0, 0, 0, 0, 0, 0, 0, 0, 0, 0]",False,False,False,False
baidu.com,captura_0000107_H123.csv,12,1,64,1,"[1, 0, 0, 0, 0, 0, 0, 0, 0, 0]","[0, 0, 22, 6, 24, 3, 2, 2, 3, 2]","[0, 1, 0, 0, 0, 0, 0, 0, 0, 0]",False,False,False,False
baidu.com,captura_0000107_H123.csv,13,1,63,1,"[1, 0, 0, 0, 0, 0, 0, 0, 0, 0]","[0, 0, 22, 6, 24, 2, 2, 2, 3, 2]","[0, 1, 0, 0, 0, 0, 0, 0, 0, 0]",False,False,False,False
baidu.com,captura_0000107_H123.csv,14,1,63,1,"[1, 0, 0, 0, 0, 0, 0, 0, 0, 0]","[0, 0, 21, 6, 24, 3, 2, 2, 3, 2]","[0, 1, 0, 0, 0, 0, 0, 0, 0, 0]",False,False,False,False
baidu.com,captura_0000107_H123.csv,15,1,63,1,"[1, 0, 0, 0, 0, 0, 0, 0, 0, 0]","[0, 0, 6, 21, 24, 3, 2, 2, 3, 2]","[0, 1, 0, 0, 0, 0, 0, 0, 0, 0]",False,False,False,False
baidu.com,captura_0000107_H123.csv,16,3,61,1,"[1, 0, 0, 0, 0, 0, 2, 0, 0, 0, 0]","[0, 0, 6, 21, 23, 2, 0, 2, 2, 3, 2]","[0, 1, 0, 0, 0, 0, 0, 0, 0, 0, 0]",False,False,False,False
baidu.com,captura_0000107_H123.csv,17,1,62,1,"[1, 0, 0, 0, 0, 0, 0, 0, 0, 0]","[0, 0, 6, 21, 22, 3, 3, 2, 3, 2]","[0, 1, 0, 0, 0, 0, 0, 0, 0, 0]",False,False,False,False
baidu.com,captura_0000107_H123.csv,18,1,62,1,"[1, 0, 0, 0, 0, 0, 0, 0, 0, 0]","[0, 0, 6, 22, 22, 3, 2, 2, 3, 2]","[0, 1, 0, 0, 0, 0, 0, 0, 0, 0]",False,False,False,False
baidu.com,captura_0000107_H123.csv,19,3,60,1,"[1, 0, 0, 0, 0, 0, 2, 0, 0, 0, 0]","[0, 0, 6, 21, 21, 3, 0, 2, 2, 2, 3]","[0, 1, 0, 0, 0, 0, 0, 0, 0, 0, 0]",False,False,False,False
baidu.com,captura_0000107_H123.csv,20,3,61,1,"[1, 0, 0, 0, 0, 0, 2, 0, 0, 0, 0]","[0, 0, 6, 21, 22, 3, 0, 2, 2, 3, 2]","[0, 1, 0, 0, 0, 0, 0, 0, 0, 0, 0]",False,False,False,False
bing.com,captura_0000040_H123.csv,2,1,175,158,"[1, 0, 0, 0, 0, 0, 0, 0, 0, 0, 0, 0, 0, 0, 0, 0, 0, 0, 0, 0]","[0, 0, 4, 6, 0, 8, 0, 45, 1, 1, 3, 27, 5, 4, 2, 61, 0, 0, 6, 2]","[0, 1, 0, 0, 72, 0, 33, 0, 0, 0, 0, 0, 0, 0, 0, 0, 50, 2, 0, 0]",False,False,False,False
bing.com,captura_0000040_H123.csv,3,1,137,106,"[1, 0, 0, 0, 0, 0, 0, 0, 0, 0, 0, 0, 0, 0, 0, 0, 0, 0, 0, 0, 0, 0]","[0, 0, 4, 2, 0, 10, 10, 0, 0, 45, 1, 1, 3, 6, 4, 6, 35, 0, 0, 2, 6, 2]","[0, 1, 0, 0, 51, 0, 0, 2, 5, 0, 0, 0, 0, 0, 0, 0, 0, 45, 2, 0, 0, 0]",False,False,False,False
bing.com,captura_0000040_H123.csv,4,1,146,126,"[1, 0, 0, 0, 0, 0, 0, 0, 0, 0, 0, 0, 0, 0, 0, 0, 0, 0, 0, 0]","[0, 0, 4, 2, 9, 20, 0, 0, 0, 45, 1, 1, 5, 3, 8, 4, 40, 0, 2, 2]","[0, 1, 0, 0, 0, 0, 66, 2, 53, 0, 0, 0, 0, 0, 0, 0, 0, 4, 0, 0]",False,False,False,False
bing.com,captura_0000040_H123.csv,5,1,180,110,"[1, 0, 0, 0, 0, 0, 0, 0, 0, 0, 0, 0, 0, 0, 0, 0, 0, 0, 0, 0, 0]","[0, 0, 4, 6, 0, 8, 0, 45, 1, 8, 1, 0, 3, 29, 11, 5, 55, 0, 0, 2, 2]","[0, 1, 0, 0, 59, 0, 2, 0, 0, 0, 0, 1, 0, 0, 0, 0, 0, 45, 2, 0, 0]",False,False,False,False
bing.com,captura_0000040_H123.csv,6,1,146,111,"[1, 0, 0, 0, 0, 0, 0, 0, 0, 0, 0, 0, 0, 0, 0, 0, 0, 0, 0, 0]","[0, 0, 4, 6, 0, 7, 0, 45, 1, 5, 1, 3, 5, 14, 15, 36, 0, 0, 2, 2]","[0, 1, 0, 0, 71, 0, 2, 0, 0, 0, 0, 0, 0, 0, 0, 0, 33, 4, 0, 0]",False,False,False,False
bing.com,captura_0000040_H123.csv,7,1,187,109,"[1, 0, 0, 0, 0, 0, 0, 0, 0, 0, 0, 0, 0, 0, 0, 0, 0, 0, 0, 0, 0]","[0, 0, 4, 3, 0, 8, 20, 0, 0, 44, 1, 1, 3, 6, 26, 0, 12, 55, 0, 2, 2]","[0, 1, 0, 0, 94, 0, 0, 3, 5, 0, 0, 0, 0, 0, 0, 1, 0, 0, 5, 0, 0]",False,False,False,False
bing.com,captura_0000040_H123.csv,8,1,183,115,"[1, 0, 0, 0, 0, 0, 0, 0, 0, 0, 0, 0, 0, 0, 0, 0, 0, 0, 0, 0, 0]","[0, 0, 4, 2, 0, 10, 8, 0, 0, 45, 7, 1, 0, 1, 2, 3, 28, 14, 56, 0, 2]","[0, 1, 0, 0, 51, 0, 0, 2, 55, 0, 0, 0, 1, 0, 0, 0, 0, 0, 0, 5, 0]",False,False,False,False
bing.com,captura_0000040_H123.csv,9,1,192,113,"[1, 0, 0, 0, 0, 0, 0, 0, 0, 0, 0, 0, 0, 0, 0, 0, 0, 0, 0, 0, 0, 0, 0]","[0, 0, 4, 2, 0, 8, 12, 0, 0, 44, 1, 1, 6, 3, 0, 33, 12, 6, 56, 0, 0, 2, 2]","[0, 1, 0, 0, 54, 0, 0, 2, 6, 0, 0, 0, 0, 0, 1, 0, 0, 0, 0, 45, 4, 0, 0]",False,False,False,False
bing.com,captura_0000040_H123.csv,10,1,150,121,"[1, 0, 0, 0, 0, 0, 0, 0, 0, 0, 0, 0, 0, 0, 0, 0, 0, 0, 0, 0]","[0, 0, 4, 2, 0, 8, 22, 0, 0, 45, 1, 1, 5, 3, 3, 17, 35, 0, 2, 2]","[0, 1, 0, 0, 56, 0, 0, 4, 55, 0, 0, 0, 0, 0, 0, 0, 0, 5, 0, 0]",False,False,False,False
bing.com,captura_0000040_H123.csv,11,1,188,118,"[1, 0, 0, 0, 0, 0, 0, 0, 0, 0, 0, 0, 0, 0, 0, 0, 0, 0, 0, 0, 0, 0, 0]","[0, 0, 4, 2, 0, 8, 8, 0, 0, 46, 1, 5, 0, 1, 3, 28, 14, 5, 59, 0, 0, 2, 2]","[0, 1, 0, 0, 61, 0, 0, 2, 5, 0, 0, 0, 2, 0, 0, 0, 0, 0, 0, 45, 2, 0, 0]",False,False,False,False
bing.com,captura_0000040_H123.csv,12,1,147,119,"[1, 0, 0, 0, 0, 0, 0, 0, 0, 0, 0, 0, 0, 0, 0, 0, 0, 0, 0, 0, 0, 0]","[0, 0, 4, 4, 0, 9, 7, 0, 0, 45, 1, 1, 3, 6, 5, 5, 14, 39, 0, 0, 2, 2]","[0, 1, 0, 0, 60, 0, 0, 2, 5, 0, 0, 0, 0, 0, 0, 0, 0, 0, 46, 5, 0, 0]",False,False,False,False
bing.com,captura_0000040_H123.csv,13,1,153,114,"[1, 0, 0, 0, 0, 0, 0, 0, 0, 0, 0, 0, 0, 0, 0, 0, 0, 0, 0, 0]","[0, 0, 4, 6, 7, 0, 0, 45, 1, 1, 3, 6, 8, 17, 15, 36, 0, 0, 2, 2]","[0, 1, 0, 0, 0, 68, 2, 0, 0, 0, 0, 0, 0, 0, 0, 0, 37, 6, 0, 0]",False,False,False,False
bing.com,captura_0000040_H123.csv,14,1,129,155,"[1, 0, 0, 0, 0, 0, 0, 0, 0, 0, 0, 0, 0, 0, 0, 0, 0, 0]","[0, 0, 4, 9, 2, 0, 0, 45, 1, 5, 1, 3, 5, 13, 2, 37, 0, 2]","[0, 1, 0, 0, 0, 26, 124, 0, 0, 0, 0, 0, 0, 0, 0, 0, 4, 0]",False,False,False,False
bing.com,captura_0000040_H123.csv,15,1,139,119,"[1, 0, 0, 0, 0, 0, 0, 0, 0, 0, 0, 0, 0, 0, 0, 0, 0, 0, 0, 0]","[0, 0, 4, 3, 8, 8, 0, 0, 0, 45, 1, 1, 3, 5, 5, 14, 38, 0, 2, 2]","[0, 1, 0, 0, 0, 0, 106, 2, 6, 0, 0, 0, 0, 0, 0, 0, 0, 4, 0, 0]",False,False,False,False
bing.com,captura_0000040_H123.csv,16,1,139,149,"[1, 0, 0, 0, 0, 0, 0, 0, 0, 0, 0, 0, 0, 0, 0, 0, 0, 0, 0, 0, 0, 0]","[0, 0, 4, 2, 0, 7, 8, 0, 0, 44, 1, 1, 3, 5, 4, 11, 6, 39, 0, 0, 2, 2]","[0, 1, 0, 0, 60, 0, 0, 33, 6, 0, 0, 0, 0, 0, 0, 0, 0, 0, 45, 4, 0, 0]",False,False,False,False
bing.com,captura_0000040_H123.csv,17,1,134,143,"[1, 0, 0, 0, 0, 0, 0, 0, 0, 0, 0, 0, 0, 0, 0, 0, 0, 0, 0, 0]","[0, 0, 4, 2, 8, 7, 0, 0, 0, 43, 1, 5, 3, 1, 6, 16, 34, 0, 2, 2]","[0, 1, 0, 0, 0, 0, 50, 34, 57, 0, 0, 0, 0, 0, 0, 0, 0, 1, 0, 0]",False,False,False,False
bing.com,captura_0000040_H123.csv,19,1,134,151,"[1, 0, 0, 0, 0, 0, 0, 0, 0, 0, 0, 0, 0, 0, 0, 0, 0, 0, 0, 0]","[0, 0, 4, 3, 0, 7, 8, 0, 0, 43, 1, 3, 6, 9, 5, 40, 0, 2, 1, 2]","[0, 1, 0, 0, 107, 0, 0, 34, 6, 0, 0, 0, 0, 0, 0, 0, 3, 0, 0, 0]",False,False,False,False
bit.ly,captura_0000071_H123.csv,1,1,68,57,"[1, 0, 0, 0, 0, 0, 0, 0, 0, 0, 0, 0, 0, 0, 0, 0, 0, 0, 0, 0, 0, 0, 0, 0, 0, 0, 0, 0, 0, 0, 0]","[0, 0, 1, 1, 8, 1, 0, 0, 5, 4, 5, 1, 3, 1, 6, 0, 0, 0, 1, 2, 0, 1, 7, 2, 4, 1, 0, 3, 6, 2, 3]","[0, 1, 0, 0, 0, 0, 43, 5, 0, 0, 0, 0, 0, 0, 0, 1, 1, 3, 0, 0, 1, 0, 0, 0, 0, 0, 2, 0, 0, 0, 0]",False,False,False,False
bit.ly,captura_0000071_H123.csv,2,1,69,55,"[1, 0, 0, 0, 0, 0, 0, 0, 0, 0, 0, 0, 0, 0, 0, 0, 0, 0, 0, 0, 0, 0, 0, 0, 0, 0, 0, 0, 0, 0, 0]","[0, 0, 1, 1, 1, 10, 0, 5, 5, 4, 0, 3, 1, 0, 1, 6, 0, 0, 1, 2, 0, 7, 1, 2, 1, 3, 0, 3, 6, 2, 3]","[0, 1, 0, 0, 0, 0, 41, 0, 0, 0, 5, 0, 0, 1, 0, 0, 1, 3, 0, 0, 1, 0, 0, 0, 0, 0, 2, 0, 0, 0, 0]",False,False,False,False
bit.ly,captura_0000071_H123.csv,3,1,68,58,"[1, 0, 0, 0, 0, 0, 0, 0, 0, 0, 0, 0, 0, 0, 0, 0, 0, 0, 0, 0, 0, 0, 0, 0, 0, 0, 0, 0, 0, 0, 0]","[0, 0, 1, 1, 1, 8, 0, 5, 5, 4, 0, 1, 3, 1, 6, 0, 0, 0, 1, 2, 0, 7, 1, 2, 4, 1, 3, 0, 6, 2, 3]","[0, 1, 0, 0, 0, 0, 44, 0, 0, 0, 5, 0, 0, 0, 0, 1, 1, 3, 0, 0, 1, 0, 0, 0, 0, 0, 0, 2, 0, 0, 0]",False,False,False,False
bit.ly,captura_0000071_H123.csv,5,1,68,58,"[1, 0, 0, 0, 0, 0, 0, 0, 0, 0, 0, 0, 0, 0, 0, 0, 0, 0, 0, 0, 0, 0, 0, 0, 0, 0, 0, 0, 0, 0, 0]","[0, 0, 1, 1, 8, 1, 0, 5, 4, 5, 0, 1, 3, 1, 6, 0, 0, 0, 1, 2, 0, 6, 7, 1, 2, 1, 4, 0, 3, 2, 3]","[0, 1, 0, 0, 0, 0, 44, 0, 0, 0, 5, 0, 0, 0, 0, 1, 1, 3, 0, 0, 1, 0, 0, 0, 0, 0, 0, 2, 0, 0, 0]",False,False,False,False
bit.ly,captura_0000071_H123.csv,6,1,69,55,"[1, 0, 0, 0, 0, 0, 0, 0, 0, 0, 0, 0, 0, 0, 0, 0, 0, 0, 0, 0, 0, 0, 0, 0, 0, 0, 0, 0, 0, 0, 0]","[0, 0, 1, 1, 1, 9, 0, 5, 4, 5, 0, 1, 3, 1, 6, 0, 0, 0, 1, 2, 0, 1, 7, 2, 1, 4, 0, 3, 6, 2, 3]","[0, 1, 0, 0, 0, 0, 41, 0, 0, 0, 5, 0, 0, 0, 0, 1, 1, 3, 0, 0, 1, 0, 0, 0, 0, 0, 2, 0, 0, 0, 0]",False,False,False,False
bit.ly,captura_0000071_H123.csv,7,1,68,56,"[1, 0, 0, 0, 0, 0, 0, 0, 0, 0, 0, 0, 0, 0, 0, 0, 0, 0, 0, 0, 0, 0, 0, 0, 0, 0, 0, 0, 0, 0, 0]","[0, 0, 1, 1, 1, 9, 0, 5, 4, 0, 5, 1, 3, 1, 6, 0, 0, 0, 1, 2, 0, 7, 1, 5, 2, 4, 1, 3, 0, 2, 3]","[0, 1, 0, 0, 0, 0, 42, 0, 0, 5, 0, 0, 0, 0, 0, 1, 1, 3, 0, 0, 1, 0, 0, 0, 0, 0, 0, 0, 2, 0, 0]",False,False,False,False
bit.ly,captura_0000071_H123.csv,8,1,68,57,"[1, 0, 0, 0, 0, 0, 0, 0, 0, 0, 0, 0, 0, 0, 0, 0, 0, 0, 0, 0, 0, 0, 0, 0, 0, 0, 0, 0, 0, 0, 0]","[0, 0, 1, 1, 1, 8, 0, 5, 5, 4, 0, 1, 3, 1, 6, 0, 0, 0, 1, 2, 0, 2, 4, 6, 1, 7, 1, 3, 0, 2, 3]","[0, 1, 0, 0, 0, 0, 43, 0, 0, 0, 5, 0, 0, 0, 0, 1, 1, 3, 0, 0, 1, 0, 0, 0, 0, 0, 0, 0, 2, 0, 0]",False,False,False,False
bit.ly,captura_0000071_H123.csv,9,1,70,54,"[1, 0, 0, 0, 0, 0, 0, 0, 0, 0, 0, 0, 0, 0, 0, 0, 0, 0, 0, 0, 0, 0, 0, 0, 0, 0, 0, 0, 0, 0, 0]","[0, 0, 1, 1, 1, 9, 0, 5, 6, 4, 0, 1, 3, 1, 6, 0, 0, 0, 1, 2, 0, 7, 1, 2, 4, 1, 0, 3, 6, 2, 3]","[0, 1, 0, 0, 0, 0, 40, 0, 0, 0, 5, 0, 0, 0, 0, 1, 1, 3, 0, 0, 1, 0, 0, 0, 0, 0, 2, 0, 0, 0, 0]",False,False,False,False
bit.ly,captura_0000071_H123.csv,10,1,68,54,"[1, 0, 0, 0, 0, 0, 0, 0, 0, 0, 0, 0, 0, 0, 0, 0, 0, 0, 0, 0, 0, 0, 0, 0, 0, 0, 0, 0, 0, 0, 0]","[0, 0, 1, 1, 9, 1, 0, 5, 4, 0, 5, 1, 3, 1, 6, 0, 0, 0, 1, 2, 0, 1, 7, 5, 2, 1, 4, 0, 3, 2, 3]","[0, 1, 0, 0, 0, 0, 40, 0, 0, 5, 0, 0, 0, 0, 0, 1, 1, 3, 0, 0, 1, 0, 0, 0, 0, 0, 0, 2, 0, 0, 0]",False,False,False,False
bit.ly,captura_0000071_H123.csv,11,1,68,57,"[1, 0, 0, 0, 0, 0, 0, 0, 0, 0, 0, 0, 0, 0, 0, 0, 0, 0, 0, 0, 0, 0, 0, 0, 0, 0, 0, 0, 0, 0, 0]","[0, 0, 1, 1, 1, 8, 0, 5, 5, 4, 0, 3, 1, 0, 1, 6, 0, 0, 1, 2, 0, 1, 7, 2, 1, 4, 0, 3, 6, 2, 3]","[0, 1, 0, 0, 0, 0, 43, 0, 0, 0, 5, 0, 0, 1, 0, 0, 1, 3, 0, 0, 1, 0, 0, 0, 0, 0, 2, 0, 0, 0, 0]",False,False,False,False
bit.ly,captura_0000071_H123.csv,12,1,70,54,"[1, 0, 0, 0, 0, 0, 0, 0, 0, 0, 0, 0, 0, 0, 0, 0, 0, 0, 0, 0, 0, 0, 0, 0, 0, 0, 0, 0, 0, 0, 0]","[0, 0, 1, 1, 10, 1, 0, 5, 5, 4, 0, 1, 3, 1, 6, 0, 0, 0, 1, 2, 0, 7, 1, 2, 6, 1, 4, 0, 3, 2, 3]","[0, 1, 0, 0, 0, 0, 40, 0, 0, 0, 5, 0, 0, 0, 0, 1, 1, 3, 0, 0, 1, 0, 0, 0, 0, 0, 0, 2, 0, 0, 0]",False,False,False,False
bit.ly,captura_0000071_H123.csv,13,1,67,56,"[1, 0, 0, 0, 0, 0, 0, 0, 0, 0, 0, 0, 0, 0, 0, 0, 0, 0, 0, 0, 0, 0, 0, 0, 0, 0, 0, 0, 0, 0, 0]","[0, 0, 1, 1, 1, 7, 0, 5, 4, 0, 5, 1, 3, 1, 6, 0, 0, 0, 1, 2, 0, 7, 1, 2, 1, 4, 0, 3, 6, 2, 3]","[0, 1, 0, 0, 0, 0, 42, 0, 0, 5, 0, 0, 0, 0, 0, 1, 1, 3, 0, 0, 1, 0, 0, 0, 0, 0, 2, 0, 0, 0, 0]",False,False,False,False
bit.ly,captura_0000071_H123.csv,14,1,68,53,"[1, 0, 0, 0, 0, 0, 0, 0, 0, 0, 0, 0, 0, 0, 0, 0, 0, 0, 0, 0, 0, 0, 0, 0, 0, 0, 0, 0, 0, 0, 0]","[0, 0, 1, 1, 9, 1, 0, 5, 5, 4, 0, 5, 1, 3, 1, 6, 0, 0, 0, 1, 2, 0, 7, 1, 4, 2, 1, 3, 0, 2, 3]","[0, 1, 0, 0, 0, 0, 39, 0, 0, 0, 5, 0, 0, 0, 0, 0, 1, 1, 3, 0, 0, 1, 0, 0, 0, 0, 0, 0, 2, 0, 0]",False,False,False,False
bit.ly,captura_0000071_H123.csv,16,1,68,56,"[1, 0, 0, 0, 0, 0, 0, 0, 0, 0, 0, 0, 0, 0, 0, 0, 0, 0, 0, 0, 0, 0, 0, 0, 0, 0, 0, 0, 0, 0, 0]","[0, 0, 1, 1, 1, 8, 0, 5, 4, 0, 5, 3, 1, 1, 0, 6, 0, 1, 0, 2, 0, 7, 1, 2, 4, 1, 0, 3, 6, 2, 3]","[0, 1, 0, 0, 0, 0, 42, 0, 0, 5, 0, 0, 0, 0, 1, 0, 1, 0, 3, 0, 1, 0, 0, 0, 0, 0, 2, 0, 0, 0, 0]",False,False,False,False
bit.ly,captura_0000071_H123.csv,20,1,70,60,"[1, 0, 0, 0, 0, 0, 0, 0, 0, 0, 0, 0, 0, 0, 0, 0, 0, 0, 0, 0, 0, 0, 0, 0, 0, 0, 0, 0, 0, 0, 0]","[0, 0, 1, 1, 1, 10, 0, 5, 4, 5, 0, 1, 3, 1, 6, 0, 0, 0, 1, 2, 0, 7, 1, 2, 1, 4, 3, 0, 6, 2, 3]","[0, 1, 0, 0, 0, 0, 41, 0, 0, 0, 5, 0, 0, 0, 0, 1, 6, 3, 0, 0, 1, 0, 0, 0, 0, 0, 0, 2, 0, 0, 0]",False,False,False,False
blogspot.com,captura_0000096_H123.csv,1,1,31,5,"[1, 0, 0, 0, 0, 0, 0, 0, 0, 0, 0]","[0, 0, 1, 2, 0, 1, 18, 1, 0, 6, 2]","[0, 1, 0, 0, 3, 0, 0, 0, 1, 0, 0]",False,False,False,False
blogspot.com,captura_0000096_H123.csv,3,1,19,6,"[1, 0, 0, 0, 0, 0, 0, 0, 0, 0]","[0, 0, 1, 2, 0, 1, 8, 1, 0, 6]","[0, 1, 0, 0, 4, 0, 0, 0, 1, 0]",False,False,False,False
blogspot.com,captura_0000096_H123.csv,4,1,20,6,"[1, 0, 0, 0, 0, 0, 0, 0, 0, 0, 0]","[0, 0, 1, 2, 0, 1, 7, 1, 0, 6, 2]","[0, 1, 0, 0, 4, 0, 0, 0, 1, 0, 0]",False,False,False,False
blogspot.com,captura_0000096_H123.csv,5,1,31,5,"[1, 0, 0, 0, 0, 0, 0, 0, 0, 0]","[0, 0, 1, 2, 0, 1, 19, 1, 0, 7]","[0, 1, 0, 0, 3, 0, 0, 0, 1, 0]",False,False,False,False
blogspot.com,captura_0000096_H123.csv,6,1,26,5,"[1, 0, 0, 0, 0, 0, 0, 0, 0, 0]","[0, 0, 1, 2, 0, 1, 15, 1, 0, 6]","[0, 1, 0, 0, 3, 0, 0, 0, 1, 0]",False,False,False,False
blogspot.com,captura_0000096_H123.csv,7,1,23,5,"[1, 0, 0, 0, 0, 0, 0, 0, 0, 0]","[0, 0, 1, 2, 0, 1, 12, 1, 0, 6]","[0, 1, 0, 0, 3, 0, 0, 0, 1, 0]",False,False,False,False
blogspot.com,captura_0000096_H123.csv,8,1,19,5,"[1, 0, 0, 0, 0, 0, 0, 0, 0, 0]","[0, 0, 1, 2, 0, 1, 8, 1, 0, 6]","[0, 1, 0, 0, 3, 0, 0, 0, 1, 0]",False,False,False,False
blogspot.com,captura_0000096_H123.csv,9,1,18,6,"[1, 0, 0, 0, 0, 0, 0, 0, 0, 0]","[0, 0, 1, 2, 0, 1, 7, 1, 0, 6]","[0, 1, 0, 0, 4, 0, 0, 0, 1, 0]",False,False,False,False
blogspot.com,captura_0000096_H123.csv,10,1,19,6,"[1, 0, 0, 0, 0, 0, 0, 0, 0, 0]","[0, 0, 1, 2, 0, 1, 8, 1, 0, 6]","[0, 1, 0, 0, 4, 0, 0, 0, 1, 0]",False,False,False,False
blogspot.com,captura_0000096_H123.csv,11,1,28,5,"[1, 0, 0, 0, 0, 0, 0, 0, 0, 0]","[0, 0, 1, 2, 0, 1, 17, 1, 0, 6]","[0, 1, 0, 0, 3, 0, 0, 0, 1, 0]",False,False,False,False
blogspot.com,captura_0000096_H123.csv,12,1,23,5,"[1, 0, 0, 0, 0, 0, 0, 0, 0, 0]","[0, 0, 1, 2, 0, 1, 12, 1, 0, 6]","[0, 1, 0, 0, 3, 0, 0, 0, 1, 0]",False,False,False,False
blogspot.com,captura_0000096_H123.csv,13,1,27,5,"[1, 0, 0, 0, 0, 0, 0, 0, 0, 0]","[0, 0, 1, 2, 0, 16, 1, 1, 0, 6]","[0, 1, 0, 0, 3, 0, 0, 0, 1, 0]",False,False,False,False
blogspot.com,captura_0000096_H123.csv,14,1,20,6,"[1, 0, 0, 0, 0, 0, 0, 0, 0, 0]","[0, 0, 1, 2, 0, 1, 9, 1, 0, 6]","[0, 1, 0, 0, 4, 0, 0, 0, 1, 0]",False,False,False,False
blogspot.com,captura_0000096_H123.csv,15,1,29,5,"[1, 0, 0, 0, 0, 0, 0, 0, 0, 0]","[0, 0, 1, 2, 0, 1, 18, 1, 0, 6]","[0, 1, 0, 0, 3, 0, 0, 0, 1, 0]",False,False,False,False
blogspot.com,captura_0000096_H123.csv,16,1,29,5,"[1, 0, 0, 0, 0, 0, 0, 0, 0, 0]","[0, 0, 1, 2, 0, 1, 17, 1, 0, 7]","[0, 1, 0, 0, 3, 0, 0, 0, 1, 0]",False,False,False,False
blogspot.com,captura_0000096_H123.csv,17,1,20,5,"[1, 0, 0, 0, 0, 0, 0, 0, 0, 0]","[0, 0, 1, 2, 0, 1, 9, 1, 0, 6]","[0, 1, 0, 0, 3, 0, 0, 0, 1, 0]",False,False,False,False
blogspot.com,captura_0000096_H123.csv,18,1,18,6,"[1, 0, 0, 0, 0, 0, 0, 0, 0, 0]","[0, 0, 1, 2, 0, 1, 7, 1, 0, 6]","[0, 1, 0, 0, 4, 0, 0, 0, 1, 0]",False,False,False,False
blogspot.com,captura_0000096_H123.csv,19,1,20,6,"[1, 0, 0, 0, 0, 0, 0, 0, 0, 0]","[0, 0, 1, 2, 0, 1, 9, 1, 0, 6]","[0, 1, 0, 0, 4, 0, 0, 0, 1, 0]",False,False,False,False
blogspot.com,captura_0000096_H123.csv,20,1,27,6,"[1, 0, 0, 0, 0, 0, 0, 0, 0, 0]","[0, 0, 1, 2, 0, 1, 1, 16, 0, 6]","[0, 1, 0, 0, 4, 0, 0, 0, 1, 0]",False,False,False,False
casalemedia.com,captura_0000185_H123.csv,1,2,61,8,"[1, 0, 0, 0, 0, 0, 1, 0, 0, 0, 0, 0, 0, 0, 0, 0, 0, 0]","[0, 0, 0, 1, 2, 1, 0, 31, 0, 1, 3, 2, 5, 0, 7, 1, 5, 2]","[0, 1, 1, 0, 0, 0, 0, 0, 5, 0, 0, 0, 0, 1, 0, 0, 0, 0]",False,False,False,False
casalemedia.com,captura_0000185_H123.csv,2,2,61,8,"[1, 0, 0, 0, 0, 0, 0, 1, 0, 0, 0, 0, 0, 0, 0, 0, 0, 0]","[0, 0, 0, 1, 2, 28, 1, 0, 0, 1, 5, 2, 0, 5, 6, 7, 1, 2]","[0, 1, 1, 0, 0, 0, 0, 0, 5, 0, 0, 0, 1, 0, 0, 0, 0, 0]",False,False,False,False
casalemedia.com,captura_0000185_H123.csv,3,2,57,8,"[1, 0, 0, 0, 0, 0, 0, 1, 0, 0, 0, 0, 0, 0, 0, 0, 0, 0]","[0, 0, 0, 1, 2, 26, 1, 0, 0, 3, 2, 1, 0, 5, 7, 1, 6, 2]","[0, 1, 1, 0, 0, 0, 0, 0, 5, 0, 0, 0, 1, 0, 0, 0, 0, 0]",False,False,False,False
casalemedia.com,captura_0000185_H123.csv,4,2,58,8,"[1, 0, 0, 0, 0, 0, 0, 1, 0, 0, 0, 0, 0, 0, 0, 0, 0, 0]","[0, 0, 0, 1, 3, 25, 1, 0, 0, 1, 5, 2, 5, 0, 7, 5, 1, 2]","[0, 1, 1, 0, 0, 0, 0, 0, 5, 0, 0, 0, 0, 1, 0, 0, 0, 0]",False,False,False,False
casalemedia.com,captura_0000185_H123.csv,5,2,60,8,"[1, 0, 0, 0, 0, 1, 0, 0, 0, 0, 0, 0, 0, 0, 0, 0, 0, 0]","[0, 0, 0, 1, 2, 0, 2, 27, 1, 3, 0, 2, 0, 5, 8, 1, 6, 2]","[0, 1, 1, 0, 0, 0, 0, 0, 0, 0, 5, 0, 1, 0, 0, 0, 0, 0]",False,False,False,False
casalemedia.com,captura_0000185_H123.csv,6,2,61,8,"[1, 0, 0, 0, 0, 0, 0, 1, 0, 0, 0, 0, 0, 0, 0, 0, 0, 0]","[0, 0, 0, 1, 2, 29, 1, 0, 0, 1, 5, 5, 2, 7, 1, 0, 5, 2]","[0, 1, 1, 0, 0, 0, 0, 0, 5, 0, 0, 0, 0, 0, 0, 1, 0, 0]",False,False,False,False
casalemedia.com,captura_0000185_H123.csv,7,2,58,8,"[1, 0, 0, 0, 0, 0, 0, 1, 0, 0, 0, 0, 0, 0, 0, 0, 0, 0]","[0, 0, 0, 1, 2, 28, 1, 0, 0, 1, 2, 3, 0, 5, 7, 1, 5, 2]","[0, 1, 1, 0, 0, 0, 0, 0, 5, 0, 0, 0, 1, 0, 0, 0, 0, 0]",False,False,False,False
casalemedia.com,captura_0000185_H123.csv,11,2,53,8,"[1, 0, 0, 0, 0, 0, 0, 1, 0, 0, 0, 0, 0, 0, 0, 0, 0, 0]","[0, 0, 0, 1, 2, 22, 1, 0, 0, 3, 1, 2, 0, 5, 7, 1, 6, 2]","[0, 1, 1, 0, 0, 0, 0, 0, 5, 0, 0, 0, 1, 0, 0, 0, 0, 0]",False,False,False,False
casalemedia.com,captura_0000185_H123.csv,13,2,57,8,"[1, 0, 0, 0, 0, 0, 1, 0, 0, 0, 0, 0, 0, 0, 0, 0, 0, 0]","[0, 0, 0, 1, 2, 2, 0, 25, 0, 3, 2, 1, 0, 5, 7, 1, 6, 2]","[0, 1, 1, 0, 0, 0, 0, 0, 5, 0, 0, 0, 1, 0, 0, 0, 0, 0]",False,False,False,False
casalemedia.com,captura_0000185_H123.csv,14,2,58,8,"[1, 0, 0, 0, 0, 0, 0, 1, 0, 0, 0, 0, 0, 0, 0, 0, 0]","[0, 0, 0, 1, 2, 27, 1, 0, 0, 5, 2, 1, 0, 5, 7, 6, 1]","[0, 1, 1, 0, 0, 0, 0, 0, 5, 0, 0, 0, 1, 0, 0, 0, 0]",False,False,False,False
casalemedia.com,captura_0000185_H123.csv,15,2,54,8,"[1, 0, 0, 0, 0, 0, 0, 1, 0, 0, 0, 0, 0, 0, 0, 0, 0, 0]","[0, 0, 0, 1, 2, 23, 1, 0, 0, 1, 3, 2, 0, 5, 7, 1, 6, 2]","[0, 1, 1, 0, 0, 0, 0, 0, 5, 0, 0, 0, 1, 0, 0, 0, 0, 0]",False,False,False,False
casalemedia.com,captura_0000185_H123.csv,16,2,55,8,"[1, 0, 0, 0, 0, 0, 0, 1, 0, 0, 0, 0, 0, 0, 0, 0, 0, 0]","[0, 0, 0, 1, 2, 23, 1, 0, 0, 4, 2, 1, 0, 5, 7, 1, 6, 2]","[0, 1, 1, 0, 0, 0, 0, 0, 5, 0, 0, 0, 1, 0, 0, 0, 0, 0]",False,False,False,False
casalemedia.com,captura_0000185_H123.csv,17,2,53,8,"[1, 0, 0, 0, 0, 0, 1, 0, 0, 0, 0, 0, 0, 0, 0, 0, 0, 0]","[0, 0, 0, 1, 2, 2, 0, 21, 0, 1, 3, 2, 0, 5, 7, 1, 6, 2]","[0, 1, 1, 0, 0, 0, 0, 0, 5, 0, 0, 0, 1, 0, 0, 0, 0, 0]",False,False,False,False
casalemedia.com,captura_0000185_H123.csv,18,2,58,8,"[1, 0, 0, 0, 0, 0, 0, 1, 0, 0, 0, 0, 0, 0, 0, 0, 0, 0]","[0, 0, 0, 1, 2, 28, 1, 0, 0, 1, 3, 2, 0, 5, 5, 7, 1, 2]","[0, 1, 1, 0, 0, 0, 0, 0, 5, 0, 0, 0, 1, 0, 0, 0, 0, 0]",False,False,False,False
casalemedia.com,captura_0000185_H123.csv,19,2,58,8,"[1, 0, 0, 0, 0, 0, 0, 1, 0, 0, 0, 0, 0, 0, 0, 0, 0, 0]","[0, 0, 0, 1, 2, 27, 1, 0, 0, 1, 3, 2, 0, 5, 7, 1, 6, 2]","[0, 1, 1, 0, 0, 0, 0, 0, 5, 0, 0, 0, 1, 0, 0, 0, 0, 0]",False,False,False,False
casalemedia.com,captura_0000185_H123.csv,20,2,63,8,"[1, 0, 0, 0, 0, 0, 0, 1, 0, 0, 0, 0, 0, 0, 0, 0, 0, 0]","[0, 0, 0, 1, 2, 30, 1, 0, 0, 1, 5, 2, 0, 5, 7, 1, 6, 2]","[0, 1, 1, 0, 0, 0, 0, 0, 5, 0, 0, 0, 1, 0, 0, 0, 0, 0]",False,False,False,False
cloudflare-dns.com,captura_0000098_H123.csv,1,1,27,11,"[1, 0, 0, 0, 0, 0, 0, 0, 0, 0, 0]","[0, 0, 0, 0, 1, 1, 0, 7, 6, 6, 6]","[0, 1, 1, 7, 0, 0, 2, 0, 0, 0, 0]",False,False,False,False
cloudflare-dns.com,captura_0000098_H123.csv,2,1,26,11,"[1, 0, 0, 0, 0, 0, 0, 0, 0, 0, 0]","[0, 0, 0, 0, 1, 1, 0, 7, 6, 5, 6]","[0, 1, 1, 7, 0, 0, 2, 0, 0, 0, 0]",False,False,False,False
cloudflare-dns.com,captura_0000098_H123.csv,3,1,28,11,"[1, 0, 0, 0, 0, 0, 0, 0, 0, 0, 0]","[0, 0, 0, 0, 1, 1, 0, 7, 6, 6, 7]","[0, 1, 1, 7, 0, 0, 2, 0, 0, 0, 0]",False,False,False,False
cloudflare-dns.com,captura_0000098_H123.csv,6,1,26,11,"[1, 0, 0, 0, 0, 0, 0, 0, 0, 0, 0]","[0, 0, 0, 0, 1, 1, 0, 7, 6, 5, 6]","[0, 1, 1, 7, 0, 0, 2, 0, 0, 0, 0]",False,False,False,False
cloudflare-dns.com,captura_0000098_H123.csv,7,1,26,11,"[1, 0, 0, 0, 0, 0, 0, 0, 0, 0, 0]","[0, 0, 0, 0, 1, 1, 0, 7, 6, 5, 6]","[0, 1, 1, 7, 0, 0, 2, 0, 0, 0, 0]",False,False,False,False
cloudflare-dns.com,captura_0000098_H123.csv,8,1,26,11,"[1, 0, 0, 0, 0, 0, 0, 0, 0, 0, 0]","[0, 0, 0, 0, 1, 1, 0, 7, 6, 5, 6]","[0, 1, 1, 7, 0, 0, 2, 0, 0, 0, 0]",False,False,False,False
cloudflare-dns.com,captura_0000098_H123.csv,9,1,26,11,"[1, 0, 0, 0, 0, 0, 0, 0, 0, 0, 0]","[0, 0, 0, 0, 1, 1, 0, 7, 6, 5, 6]","[0, 1, 1, 7, 0, 0, 2, 0, 0, 0, 0]",False,False,False,False
cloudflare-dns.com,captura_0000098_H123.csv,10,1,27,11,"[1, 0, 0, 0, 0, 0, 0, 0, 0, 0, 0]","[0, 0, 0, 0, 1, 1, 0, 7, 6, 6, 6]","[0, 1, 1, 7, 0, 0, 2, 0, 0, 0, 0]",False,False,False,False
cloudflare-dns.com,captura_0000098_H123.csv,11,1,25,11,"[1, 0, 0, 0, 0, 0, 0, 0, 0, 0, 0]","[0, 0, 0, 0, 1, 1, 0, 7, 5, 5, 6]","[0, 1, 1, 7, 0, 0, 2, 0, 0, 0, 0]",False,False,False,False
cloudflare-dns.com,captura_0000098_H123.csv,12,1,27,11,"[1, 0, 0, 0, 0, 0, 0, 0, 0, 0, 0]","[0, 0, 0, 0, 1, 1, 0, 7, 6, 6, 6]","[0, 1, 1, 7, 0, 0, 2, 0, 0, 0, 0]",False,False,False,False
cloudflare-dns.com,captura_0000098_H123.csv,13,1,27,11,"[1, 0, 0, 0, 0, 0, 0, 0, 0, 0, 0]","[0, 0, 0, 0, 1, 1, 0, 7, 6, 6, 6]","[0, 1, 1, 7, 0, 0, 2, 0, 0, 0, 0]",False,False,False,False
cloudflare-dns.com,captura_0000098_H123.csv,14,1,27,11,"[1, 0, 0, 0, 0, 0, 0, 0, 0, 0, 0]","[0, 0, 0, 0, 1, 1, 0, 7, 6, 6, 6]","[0, 1, 1, 7, 0, 0, 2, 0, 0, 0, 0]",False,False,False,False
cloudflare-dns.com,captura_0000098_H123.csv,15,1,26,11,"[1, 0, 0, 0, 0, 0, 0, 0, 0, 0, 0]","[0, 0, 0, 0, 1, 1, 0, 7, 6, 5, 6]","[0, 1, 1, 7, 0, 0, 2, 0, 0, 0, 0]",False,False,False,False
cloudflare-dns.com,captura_0000098_H123.csv,16,1,27,11,"[1, 0, 0, 0, 0, 0, 0, 0, 0, 0, 0]","[0, 0, 0, 0, 1, 1, 0, 7, 6, 6, 6]","[0, 1, 1, 7, 0, 0, 2, 0, 0, 0, 0]",False,False,False,False
cloudflare-dns.com,captura_0000098_H123.csv,17,1,27,11,"[1, 0, 0, 0, 0, 0, 0, 0, 0, 0, 0]","[0, 0, 0, 0, 1, 1, 0, 7, 6, 6, 6]","[0, 1, 1, 7, 0, 0, 2, 0, 0, 0, 0]",False,False,False,False
cloudflare-dns.com,captura_0000098_H123.csv,18,1,26,11,"[1, 0, 0, 0, 0, 0, 0, 0, 0, 0, 0]","[0, 0, 0, 0, 1, 1, 0, 7, 6, 5, 6]","[0, 1, 1, 7, 0, 0, 2, 0, 0, 0, 0]",False,False,False,False
cloudflare-dns.com,captura_0000098_H123.csv,19,1,26,11,"[1, 0, 0, 0, 0, 0, 0, 0, 0, 0, 0]","[0, 0, 0, 0, 1, 1, 0, 7, 6, 5, 6]","[0, 1, 1, 7, 0, 0, 2, 0, 0, 0, 0]",False,False,False,False
cloudflare-dns.com,captura_0000098_H123.csv,20,1,26,11,"[1, 0, 0, 0, 0, 0, 0, 0, 0, 0, 0]","[0, 0, 0, 0, 1, 1, 0, 7, 6, 5, 6]","[0, 1, 1, 7, 0, 0, 2, 0, 0, 0, 0]",False,False,False,False
cloudflare.com,captura_0000011_H123.csv,1,1,10,182,"[1, 0, 0, 0, 0, 0, 0, 0, 0, 0, 0]","[0, 0, 0, 0, 0, 0, 1, 0, 2, 1, 6]","[0, 1, 1, 42, 56, 45, 0, 37, 0, 0, 0]",False,False,False,False
cloudflare.com,captura_0000011_H123.csv,2,1,11,179,"[1, 0, 0, 0, 0, 0, 0, 0, 0, 0, 0]","[0, 0, 0, 0, 0, 0, 1, 0, 1, 2, 7]","[0, 1, 1, 40, 56, 44, 0, 37, 0, 0, 0]",False,False,False,False
cloudflare.com,captura_0000011_H123.csv,3,1,10,180,"[1, 0, 0, 0, 0, 0, 0, 0, 0, 0, 0]","[0, 0, 0, 0, 0, 0, 1, 0, 1, 2, 6]","[0, 1, 1, 40, 56, 45, 0, 37, 0, 0, 0]",False,False,False,False
cloudflare.com,captura_0000011_H123.csv,4,1,13,182,"[1, 0, 0, 0, 0, 0, 0, 0, 0, 0, 0, 0]","[0, 0, 0, 0, 0, 0, 1, 0, 1, 2, 7, 2]","[0, 1, 1, 40, 57, 46, 0, 37, 0, 0, 0, 0]",False,False,False,False
cloudflare.com,captura_0000011_H123.csv,5,1,11,182,"[1, 0, 0, 0, 0, 0, 0, 0, 0, 0, 0, 0]","[0, 0, 0, 0, 0, 0, 1, 0, 1, 2, 5, 2]","[0, 1, 1, 42, 56, 45, 0, 37, 0, 0, 0, 0]",False,False,False,False
cloudflare.com,captura_0000011_H123.csv,7,1,11,181,"[1, 0, 0, 0, 0, 0, 0, 0, 0, 0, 0]","[0, 0, 0, 0, 0, 0, 1, 0, 2, 1, 7]","[0, 1, 1, 40, 56, 46, 0, 37, 0, 0, 0]",False,False,False,False
cloudflare.com,captura_0000011_H123.csv,8,1,13,179,"[1, 0, 0, 0, 0, 0, 0, 0, 0, 0, 0, 0, 0]","[0, 0, 0, 0, 0, 1, 2, 0, 0, 1, 2, 5, 2]","[0, 1, 1, 40, 56, 0, 0, 44, 37, 0, 0, 0, 0]",False,False,False,False
cloudflare.com,captura_0000011_H123.csv,9,1,14,181,"[1, 0, 0, 0, 0, 0, 0, 0, 0, 0, 0, 0]","[0, 0, 0, 0, 0, 0, 1, 0, 1, 2, 8, 2]","[0, 1, 1, 40, 56, 46, 0, 37, 0, 0, 0, 0]",False,False,False,False
cloudflare.com,captura_0000011_H123.csv,10,1,9,181,"[1, 0, 0, 0, 0, 0, 0, 0, 0, 0, 0]","[0, 0, 0, 0, 0, 0, 1, 0, 1, 2, 5]","[0, 1, 1, 40, 56, 46, 0, 37, 0, 0, 0]",False,False,False,False
cloudflare.com,captura_0000011_H123.csv,11,1,12,179,"[1, 0, 0, 0, 0, 0, 0, 0, 0, 0, 0, 0]","[0, 0, 0, 0, 0, 0, 1, 0, 0, 1, 2, 8]","[0, 1, 1, 40, 56, 44, 0, 4, 33, 0, 0, 0]",False,False,False,False
cloudflare.com,captura_0000011_H123.csv,12,1,14,179,"[1, 0, 0, 0, 0, 0, 0, 0, 0, 0, 0, 0]","[0, 0, 1, 0, 0, 0, 1, 0, 1, 2, 7, 2]","[0, 1, 0, 40, 56, 45, 0, 37, 0, 0, 0, 0]",False,False,False,False
cloudflare.com,captura_0000011_H123.csv,13,1,12,180,"[1, 0, 0, 0, 0, 0, 0, 0, 0, 0, 0]","[0, 0, 0, 0, 0, 0, 1, 0, 1, 2, 8]","[0, 1, 1, 41, 56, 44, 0, 37, 0, 0, 0]",False,False,False,False
cloudflare.com,captura_0000011_H123.csv,14,1,11,181,"[1, 0, 0, 0, 0, 0, 0, 0, 0, 0, 0, 0]","[0, 0, 0, 0, 0, 1, 0, 0, 1, 2, 5, 2]","[0, 1, 1, 40, 56, 0, 46, 37, 0, 0, 0, 0]",False,False,False,False
cloudflare.com,captura_0000011_H123.csv,15,1,9,180,"[1, 0, 0, 0, 0, 0, 0, 0, 0, 0, 0]","[0, 0, 0, 0, 0, 0, 1, 0, 1, 2, 5]","[0, 1, 1, 40, 56, 45, 0, 37, 0, 0, 0]",False,False,False,False
cloudflare.com,captura_0000011_H123.csv,16,1,9,179,"[1, 0, 0, 0, 0, 0, 0, 0, 0, 0, 0]","[0, 0, 0, 0, 0, 0, 1, 0, 2, 1, 5]","[0, 1, 1, 40, 56, 44, 0, 37, 0, 0, 0]",False,False,False,False
cloudflare.com,captura_0000011_H123.csv,17,1,12,181,"[1, 0, 0, 0, 0, 0, 0, 0, 0, 0, 0, 0]","[0, 0, 0, 0, 0, 0, 1, 0, 2, 1, 6, 2]","[0, 1, 1, 40, 56, 46, 0, 37, 0, 0, 0, 0]",False,False,False,False
cloudflare.com,captura_0000011_H123.csv,18,1,12,182,"[1, 0, 0, 0, 0, 0, 0, 0, 0, 0, 0, 0]","[0, 0, 0, 0, 0, 0, 1, 0, 1, 2, 6, 2]","[0, 1, 1, 41, 57, 45, 0, 37, 0, 0, 0, 0]",False,False,False,False
cloudflare.com,captura_0000011_H123.csv,19,1,12,182,"[1, 0, 0, 0, 0, 0, 0, 0, 0, 0, 0, 0]","[0, 0, 0, 0, 0, 0, 1, 0, 1, 2, 6, 2]","[0, 1, 1, 40, 56, 47, 0, 37, 0, 0, 0, 0]",False,False,False,False
cloudflare.net,captura_0000075_H123.csv,2,1,16,46,"[1, 0, 0, 0, 0, 0, 0]","[0, 0, 9, 1, 0, 0, 6]","[0, 1, 0, 0, 1, 44, 0]",False,False,False,False
cloudflare.net,captura_0000075_H123.csv,4,1,16,46,"[1, 0, 0, 0, 0, 0, 0]","[0, 0, 9, 1, 0, 0, 6]","[0, 1, 0, 0, 1, 44, 0]",False,False,False,False
cloudflare.net,captura_0000075_H123.csv,6,1,16,46,"[1, 0, 0, 0, 0, 0, 0]","[0, 0, 9, 1, 0, 0, 6]","[0, 1, 0, 0, 1, 44, 0]",False,False,False,False
cloudflare.net,captura_0000075_H123.csv,7,1,16,46,"[1, 0, 0, 0, 0, 0, 0]","[0, 9, 0, 1, 0, 0, 6]","[0, 0, 1, 0, 1, 44, 0]",False,False,False,False
cloudflare.net,captura_0000075_H123.csv,9,1,16,46,"[1, 0, 0, 0, 0, 0, 0]","[0, 0, 9, 1, 0, 0, 6]","[0, 1, 0, 0, 1, 44, 0]",False,False,False,False
cloudflare.net,captura_0000075_H123.csv,10,1,16,46,"[1, 0, 0, 0, 0, 0, 0]","[0, 0, 9, 1, 0, 0, 6]","[0, 1, 0, 0, 1, 44, 0]",False,False,False,False
cloudflare.net,captura_0000075_H123.csv,12,1,16,46,"[1, 0, 0, 0, 0, 0, 0]","[0, 0, 9, 1, 0, 0, 6]","[0, 1, 0, 0, 1, 44, 0]",False,False,False,False
cloudflare.net,captura_0000075_H123.csv,14,1,16,46,"[1, 0, 0, 0, 0, 0, 0]","[0, 0, 9, 1, 0, 0, 6]","[0, 1, 0, 0, 1, 44, 0]",False,False,False,False
cloudflare.net,captura_0000075_H123.csv,15,1,16,46,"[1, 0, 0, 0, 0, 0, 0]","[0, 0, 9, 1, 0, 0, 6]","[0, 1, 0, 0, 1, 44, 0]",False,False,False,False
cloudflare.net,captura_0000075_H123.csv,19,1,16,46,"[1, 0, 0, 0, 0, 0, 0]","[0, 0, 9, 1, 0, 0, 6]","[0, 1, 0, 0, 1, 44, 0]",False,False,False,False
cloudflare.net,captura_0000075_H123.csv,20,1,16,46,"[1, 0, 0, 0, 0, 0, 0]","[0, 0, 9, 1, 0, 0, 6]","[0, 1, 0, 0, 1, 44, 0]",False,False,False,False
cnn.com,captura_0000172_H123.csv,1,1,10,1,"[1, 0, 0, 0]","[0, 0, 4, 6]","[0, 1, 0, 0]",False,False,False,False
cnn.com,captura_0000172_H123.csv,2,1,10,1,"[1, 0, 0, 0]","[0, 0, 4, 6]","[0, 1, 0, 0]",False,False,False,False
cnn.com,captura_0000172_H123.csv,3,1,10,1,"[1, 0, 0, 0]","[0, 0, 4, 6]","[0, 1, 0, 0]",False,False,False,False
cnn.com,captura_0000172_H123.csv,4,1,10,1,"[1, 0, 0, 0]","[0, 0, 4, 6]","[0, 1, 0, 0]",False,False,False,False
cnn.com,captura_0000172_H123.csv,5,1,10,1,"[1, 0, 0, 0]","[0, 0, 4, 6]","[0, 1, 0, 0]",False,False,False,False
cnn.com,captura_0000172_H123.csv,6,1,10,1,"[1, 0, 0, 0]","[0, 0, 4, 6]","[0, 1, 0, 0]",False,False,False,False
cnn.com,captura_0000172_H123.csv,7,1,10,1,"[1, 0, 0, 0]","[0, 0, 4, 6]","[0, 1, 0, 0]",False,False,False,False
cnn.com,captura_0000172_H123.csv,8,1,10,1,"[1, 0, 0, 0]","[0, 0, 4, 6]","[0, 1, 0, 0]",False,False,False,False
cnn.com,captura_0000172_H123.csv,9,1,10,1,"[1, 0, 0, 0]","[0, 0, 4, 6]","[0, 1, 0, 0]",False,False,False,False
cnn.com,captura_0000172_H123.csv,10,1,10,1,"[1, 0, 0, 0]","[0, 0, 4, 6]","[0, 1, 0, 0]",False,False,False,False
cnn.com,captura_0000172_H123.csv,11,1,10,1,"[1, 0, 0, 0]","[0, 0, 4, 6]","[0, 1, 0, 0]",False,False,False,False
cnn.com,captura_0000172_H123.csv,12,1,10,1,"[1, 0, 0, 0]","[0, 0, 4, 6]","[0, 1, 0, 0]",False,False,False,False
cnn.com,captura_0000172_H123.csv,13,1,10,1,"[1, 0, 0, 0]","[0, 0, 4, 6]","[0, 1, 0, 0]",False,False,False,False
cnn.com,captura_0000172_H123.csv,14,1,10,1,"[1, 0, 0, 0]","[0, 0, 4, 6]","[0, 1, 0, 0]",False,False,False,False
cnn.com,captura_0000172_H123.csv,15,1,10,1,"[1, 0, 0, 0]","[0, 0, 4, 6]","[0, 1, 0, 0]",False,False,False,False
cnn.com,captura_0000172_H123.csv,17,1,10,1,"[1, 0, 0, 0]","[0, 0, 4, 6]","[0, 1, 0, 0]",False,False,False,False
cnn.com,captura_0000172_H123.csv,18,1,10,1,"[1, 0, 0, 0]","[0, 0, 4, 6]","[0, 1, 0, 0]",False,False,False,False
cnn.com,captura_0000172_H123.csv,19,1,10,1,"[1, 0, 0, 0]","[0, 0, 4, 6]","[0, 1, 0, 0]",False,False,False,False
criteo.com,captura_0000134_H123.csv,2,10,136,9,"[1, 0, 0, 0, 0, 0, 0, 0, 0, 0, 0, 0, 0, 2, 0, 0, 0, 0, 0, 0, 0, 0, 0, 0, 0, 0, 0, 0, 2, 0, 0, 2, 2, 1, 0, 0]","[0, 0, 76, 0, 2, 2, 1, 1, 2, 0, 1, 2, 0, 0, 4, 0, 2, 2, 16, 0, 1, 1, 2, 1, 3, 2, 1, 2, 0, 1, 6, 0, 0, 0, 3, 2]","[0, 1, 0, 4, 0, 0, 0, 0, 0, 1, 0, 0, 1, 0, 0, 1, 0, 0, 0, 1, 0, 0, 0, 0, 0, 0, 0, 0, 0, 0, 0, 0, 0, 0, 0, 0]",False,False,False,False
criteo.com,captura_0000134_H123.csv,3,9,135,9,"[1, 0, 0, 0, 0, 0, 0, 0, 0, 0, 0, 2, 0, 0, 0, 0, 0, 0, 0, 0, 0, 0, 0, 0, 0, 0, 0, 2, 0, 0, 0, 2, 2, 0, 0]","[0, 0, 75, 0, 2, 2, 1, 1, 1, 2, 0, 0, 0, 4, 2, 2, 0, 0, 1, 1, 16, 2, 2, 1, 3, 2, 1, 0, 2, 1, 6, 0, 0, 3, 2]","[0, 1, 0, 4, 0, 0, 0, 0, 0, 0, 1, 0, 1, 0, 0, 0, 1, 1, 0, 0, 0, 0, 0, 0, 0, 0, 0, 0, 0, 0, 0, 0, 0, 0, 0]",False,False,False,False
criteo.com,captura_0000134_H123.csv,4,9,134,9,"[1, 0, 0, 0, 0, 0, 0, 0, 0, 0, 0, 0, 0, 0, 0, 2, 0, 0, 0, 0, 0, 0, 0, 0, 0, 0, 0, 0, 0, 0, 1, 0, 1, 2, 2, 0]","[0, 0, 73, 0, 1, 2, 2, 1, 2, 0, 1, 2, 0, 0, 4, 0, 2, 0, 1, 1, 2, 1, 3, 2, 18, 2, 5, 3, 1, 2, 0, 1, 0, 0, 0, 2]","[0, 1, 0, 4, 0, 0, 0, 0, 0, 1, 0, 0, 1, 1, 0, 0, 0, 1, 0, 0, 0, 0, 0, 0, 0, 0, 0, 0, 0, 0, 0, 0, 0, 0, 0, 0]",False,False,False,False
criteo.com,captura_0000134_H123.csv,5,13,136,9,"[1, 0, 0, 0, 0, 0, 0, 0, 0, 0, 0, 0, 0, 2, 0, 0, 0, 0, 0, 0, 0, 0, 0, 0, 0, 0, 0, 0, 3, 0, 0, 0, 1, 2, 2, 2, 0]","[0, 0, 76, 0, 2, 2, 1, 1, 2, 0, 2, 0, 1, 0, 4, 0, 2, 0, 1, 1, 16, 2, 2, 1, 3, 2, 1, 6, 0, 2, 3, 1, 0, 0, 0, 0, 2]","[0, 1, 0, 4, 0, 0, 0, 0, 0, 1, 0, 1, 0, 0, 0, 1, 0, 1, 0, 0, 0, 0, 0, 0, 0, 0, 0, 0, 0, 0, 0, 0, 0, 0, 0, 0, 0]",False,False,False,False
criteo.com,captura_0000134_H123.csv,6,9,140,9,"[1, 0, 0, 0, 0, 0, 0, 0, 0, 0, 0, 0, 2, 0, 0, 0, 0, 0, 0, 0, 0, 0, 0, 0, 0, 0, 0, 0, 0, 0, 2, 0, 0, 2, 2, 0]","[0, 0, 77, 0, 3, 2, 1, 2, 0, 1, 4, 1, 0, 0, 2, 0, 2, 1, 1, 0, 2, 1, 3, 2, 2, 5, 3, 17, 2, 1, 0, 2, 1, 0, 0, 2]","[0, 1, 0, 4, 0, 0, 0, 0, 1, 0, 0, 0, 0, 1, 0, 1, 0, 0, 0, 1, 0, 0, 0, 0, 0, 0, 0, 0, 0, 0, 0, 0, 0, 0, 0, 0]",False,False,False,False
criteo.com,captura_0000134_H123.csv,7,14,138,9,"[1, 0, 0, 0, 0, 0, 0, 0, 0, 0, 0, 0, 0, 0, 2, 0, 0, 0, 0, 0, 0, 0, 0, 0, 0, 0, 0, 0, 3, 0, 0, 1, 2, 2, 2, 0, 1, 0, 0]","[0, 0, 74, 0, 2, 2, 1, 1, 2, 0, 3, 4, 2, 1, 0, 0, 0, 16, 2, 0, 2, 1, 1, 2, 1, 3, 2, 1, 0, 2, 1, 0, 0, 0, 0, 7, 0, 3, 2]","[0, 1, 0, 4, 0, 0, 0, 0, 0, 1, 0, 0, 0, 0, 0, 1, 1, 0, 0, 1, 0, 0, 0, 0, 0, 0, 0, 0, 0, 0, 0, 0, 0, 0, 0, 0, 0, 0, 0]",False,False,False,False
criteo.com,captura_0000134_H123.csv,8,9,138,9,"[1, 0, 0, 0, 0, 0, 0, 0, 0, 0, 0, 0, 0, 2, 0, 0, 0, 0, 0, 0, 0, 0, 0, 0, 0, 0, 0, 0, 0, 2, 0, 2, 2, 0, 0]","[0, 0, 77, 0, 2, 2, 1, 1, 2, 0, 2, 1, 0, 0, 4, 0, 2, 0, 1, 2, 2, 1, 3, 2, 17, 2, 5, 1, 2, 0, 1, 0, 0, 3, 2]","[0, 1, 0, 4, 0, 0, 0, 0, 0, 1, 0, 0, 1, 0, 0, 1, 0, 1, 0, 0, 0, 0, 0, 0, 0, 0, 0, 0, 0, 0, 0, 0, 0, 0, 0]",False,False,False,False
criteo.com,captura_0000134_H123.csv,9,9,132,9,"[1, 0, 0, 0, 0, 0, 0, 0, 0, 0, 0, 0, 2, 0, 0, 0, 0, 0, 0, 0, 0, 0, 0, 0, 0, 0, 0, 0, 2, 0, 0, 2, 2, 0, 0]","[0, 0, 70, 0, 2, 2, 1, 1, 2, 0, 1, 2, 0, 0, 4, 0, 2, 0, 1, 1, 2, 19, 1, 3, 2, 2, 1, 2, 0, 5, 1, 0, 0, 3, 2]","[0, 1, 0, 4, 0, 0, 0, 0, 0, 1, 0, 0, 0, 1, 0, 1, 0, 1, 0, 0, 0, 0, 0, 0, 0, 0, 0, 0, 0, 0, 0, 0, 0, 0, 0]",False,False,False,False
criteo.com,captura_0000134_H123.csv,10,13,133,9,"[1, 0, 0, 0, 0, 0, 0, 0, 0, 0, 0, 0, 0, 2, 0, 0, 0, 0, 0, 0, 0, 0, 0, 0, 0, 0, 0, 3, 0, 0, 1, 2, 2, 2, 0, 0, 0]","[0, 0, 73, 0, 2, 2, 1, 1, 2, 0, 1, 2, 0, 0, 4, 0, 2, 0, 16, 2, 1, 1, 2, 3, 1, 2, 1, 0, 2, 1, 0, 0, 0, 0, 6, 3, 2]","[0, 1, 0, 4, 0, 0, 0, 0, 0, 1, 0, 0, 1, 0, 0, 1, 0, 1, 0, 0, 0, 0, 0, 0, 0, 0, 0, 0, 0, 0, 0, 0, 0, 0, 0, 0, 0]",False,False,False,False
criteo.com,captura_0000134_H123.csv,11,9,136,9,"[1, 0, 0, 0, 0, 0, 0, 0, 0, 0, 0, 0, 0, 2, 0, 0, 0, 0, 0, 0, 0, 0, 0, 0, 0, 0, 0, 0, 2, 0, 2, 2, 0, 0, 0]","[0, 0, 74, 0, 2, 2, 1, 1, 2, 0, 2, 1, 0, 0, 4, 0, 2, 0, 16, 1, 1, 2, 2, 1, 3, 2, 1, 2, 0, 1, 0, 0, 3, 8, 2]","[0, 1, 0, 4, 0, 0, 0, 0, 0, 1, 0, 0, 1, 0, 0, 1, 0, 1, 0, 0, 0, 0, 0, 0, 0, 0, 0, 0, 0, 0, 0, 0, 0, 0, 0]",False,False,False,False
criteo.com,captura_0000134_H123.csv,12,10,137,9,"[1, 1, 0, 0, 0, 0, 0, 0, 0, 0, 0, 0, 0, 0, 2, 0, 0, 0, 0, 0, 0, 0, 0, 0, 0, 0, 0, 0, 0, 0, 2, 0, 0, 2, 2, 0]","[0, 0, 0, 73, 0, 2, 2, 1, 1, 2, 0, 1, 2, 0, 0, 4, 0, 2, 0, 2, 20, 1, 1, 1, 2, 3, 2, 6, 1, 2, 0, 1, 3, 0, 0, 2]","[0, 0, 1, 0, 4, 0, 0, 0, 0, 0, 1, 0, 0, 1, 0, 0, 1, 0, 1, 0, 0, 0, 0, 0, 0, 0, 0, 0, 0, 0, 0, 0, 0, 0, 0, 0]",False,False,False,False
criteo.com,captura_0000134_H123.csv,13,13,139,9,"[1, 0, 0, 0, 0, 0, 0, 0, 0, 0, 0, 0, 0, 2, 0, 0, 0, 0, 0, 0, 0, 0, 0, 0, 0, 0, 0, 0, 3, 0, 0, 1, 2, 2, 2, 0, 0]","[0, 0, 75, 0, 2, 2, 1, 1, 2, 0, 1, 2, 0, 0, 0, 4, 2, 0, 21, 1, 1, 2, 2, 1, 2, 3, 1, 5, 0, 2, 1, 0, 0, 0, 0, 3, 2]","[0, 1, 0, 4, 0, 0, 0, 0, 0, 1, 0, 0, 1, 0, 1, 0, 0, 1, 0, 0, 0, 0, 0, 0, 0, 0, 0, 0, 0, 0, 0, 0, 0, 0, 0, 0, 0]",False,False,False,False
criteo.com,captura_0000134_H123.csv,14,13,139,9,"[1, 0, 0, 0, 0, 0, 0, 0, 0, 0, 0, 2, 0, 0, 0, 0, 0, 0, 0, 0, 0, 0, 0, 0, 0, 0, 0, 3, 0, 0, 1, 2, 2, 2, 0, 0, 0]","[0, 0, 80, 0, 2, 2, 1, 1, 1, 2, 0, 0, 4, 0, 2, 2, 0, 2, 0, 16, 1, 1, 2, 1, 3, 2, 1, 0, 2, 1, 0, 0, 0, 0, 5, 3, 2]","[0, 1, 0, 4, 0, 0, 0, 0, 0, 0, 1, 0, 0, 1, 0, 0, 1, 0, 1, 0, 0, 0, 0, 0, 0, 0, 0, 0, 0, 0, 0, 0, 0, 0, 0, 0, 0]",False,False,False,False
criteo.com,captura_0000134_H123.csv,15,13,141,9,"[1, 0, 0, 0, 0, 0, 0, 0, 0, 0, 0, 0, 0, 2, 0, 0, 0, 0, 0, 0, 0, 0, 0, 0, 0, 0, 0, 0, 3, 0, 0, 0, 1, 2, 2, 2, 0]","[0, 0, 78, 0, 1, 2, 2, 1, 2, 0, 2, 1, 0, 0, 4, 0, 2, 0, 1, 1, 19, 2, 2, 1, 3, 2, 1, 2, 0, 1, 6, 3, 0, 0, 0, 0, 2]","[0, 1, 0, 4, 0, 0, 0, 0, 0, 1, 0, 0, 1, 0, 0, 1, 0, 1, 0, 0, 0, 0, 0, 0, 0, 0, 0, 0, 0, 0, 0, 0, 0, 0, 0, 0, 0]",False,False,False,False
criteo.com,captura_0000134_H123.csv,16,13,129,9,"[1, 0, 0, 0, 0, 0, 0, 0, 0, 0, 0, 0, 0, 2, 0, 0, 0, 0, 0, 0, 0, 0, 0, 0, 0, 0, 0, 3, 0, 0, 1, 2, 2, 2, 0, 0, 0]","[0, 0, 70, 0, 2, 2, 1, 1, 2, 0, 1, 2, 0, 0, 4, 0, 2, 2, 0, 16, 1, 1, 2, 1, 3, 2, 1, 0, 2, 1, 0, 0, 0, 0, 5, 3, 2]","[0, 1, 0, 4, 0, 0, 0, 0, 0, 1, 0, 0, 1, 0, 0, 1, 0, 0, 1, 0, 0, 0, 0, 0, 0, 0, 0, 0, 0, 0, 0, 0, 0, 0, 0, 0, 0]",False,False,False,False
criteo.com,captura_0000134_H123.csv,17,9,136,9,"[1, 0, 0, 0, 0, 0, 0, 0, 0, 0, 0, 0, 0, 2, 0, 0, 0, 0, 0, 0, 0, 0, 0, 0, 0, 0, 0, 0, 2, 0, 0, 2, 2, 0, 0]","[0, 0, 75, 0, 2, 1, 2, 1, 2, 0, 1, 2, 0, 0, 4, 0, 2, 0, 1, 1, 17, 2, 2, 1, 3, 6, 2, 1, 0, 2, 1, 0, 0, 3, 2]","[0, 1, 0, 4, 0, 0, 0, 0, 0, 1, 0, 0, 1, 0, 0, 1, 0, 1, 0, 0, 0, 0, 0, 0, 0, 0, 0, 0, 0, 0, 0, 0, 0, 0, 0]",False,False,False,False
criteo.com,captura_0000134_H123.csv,18,9,132,9,"[1, 0, 0, 0, 0, 0, 0, 0, 0, 0, 0, 0, 0, 2, 0, 0, 0, 0, 0, 0, 0, 0, 0, 0, 0, 0, 0, 2, 0, 0, 0, 2, 2, 0, 0]","[0, 0, 73, 0, 2, 2, 1, 1, 2, 0, 1, 2, 0, 0, 4, 0, 2, 16, 2, 0, 1, 1, 2, 1, 3, 2, 1, 0, 5, 2, 1, 0, 0, 3, 2]","[0, 1, 0, 4, 0, 0, 0, 0, 0, 1, 0, 0, 1, 0, 0, 1, 0, 0, 0, 1, 0, 0, 0, 0, 0, 0, 0, 0, 0, 0, 0, 0, 0, 0, 0]",False,False,False,False
criteo.com,captura_0000134_H123.csv,19,9,141,9,"[1, 0, 0, 0, 0, 0, 0, 0, 0, 0, 0, 0, 0, 2, 0, 0, 0, 0, 0, 0, 0, 0, 0, 0, 0, 0, 0, 0, 2, 0, 0, 0, 2, 2, 0]","[0, 0, 76, 0, 2, 1, 2, 1, 2, 0, 2, 1, 0, 0, 4, 0, 2, 0, 1, 1, 2, 1, 3, 20, 2, 2, 7, 1, 0, 2, 1, 3, 0, 0, 2]","[0, 1, 0, 4, 0, 0, 0, 0, 0, 1, 0, 0, 1, 0, 0, 1, 0, 1, 0, 0, 0, 0, 0, 0, 0, 0, 0, 0, 0, 0, 0, 0, 0, 0, 0]",False,False,False,False
criteo.com,captura_0000134_H123.csv,20,9,132,9,"[1, 0, 0, 0, 0, 0, 0, 0, 0, 0, 0, 0, 0, 2, 0, 0, 0, 0, 0, 0, 0, 0, 0, 0, 0, 0, 0, 0, 1, 0, 0, 1, 2, 2, 0, 0]","[0, 0, 72, 0, 2, 2, 1, 1, 2, 0, 1, 2, 0, 0, 4, 0, 2, 0, 2, 16, 1, 1, 2, 1, 3, 2, 1, 6, 0, 2, 1, 0, 0, 0, 3, 2]","[0, 1, 0, 4, 0, 0, 0, 0, 0, 1, 0, 0, 1, 0, 0, 1, 0, 1, 0, 0, 0, 0, 0, 0, 0, 0, 0, 0, 0, 0, 0, 0, 0, 0, 0, 0]",False,False,False,False
digicert.com,captura_0000053_H123.csv,2,1,16,2,"[1, 0, 0, 0, 0, 0, 0, 0]","[0, 0, 1, 1, 7, 1, 0, 6]","[0, 1, 0, 0, 0, 0, 1, 0]",False,False,False,False
digicert.com,captura_0000053_H123.csv,3,1,16,2,"[1, 0, 0, 0, 0, 0, 0, 0]","[0, 0, 1, 1, 7, 1, 0, 6]","[0, 1, 0, 0, 0, 0, 1, 0]",False,False,False,False
digicert.com,captura_0000053_H123.csv,6,1,16,2,"[1, 0, 0, 0, 0, 0, 0, 0]","[0, 0, 1, 1, 7, 1, 0, 6]","[0, 1, 0, 0, 0, 0, 1, 0]",False,False,False,False
digicert.com,captura_0000053_H123.csv,7,1,16,2,"[1, 0, 0, 0, 0, 0, 0, 0]","[0, 0, 1, 1, 7, 1, 0, 6]","[0, 1, 0, 0, 0, 0, 1, 0]",False,False,False,False
digicert.com,captura_0000053_H123.csv,9,1,16,2,"[1, 0, 0, 0, 0, 0, 0, 0]","[0, 1, 0, 1, 7, 1, 0, 6]","[0, 0, 1, 0, 0, 0, 1, 0]",False,False,False,False
digicert.com,captura_0000053_H123.csv,11,1,16,2,"[1, 0, 0, 0, 0, 0, 0, 0]","[0, 0, 1, 1, 7, 1, 0, 6]","[0, 1, 0, 0, 0, 0, 1, 0]",False,False,False,False
digicert.com,captura_0000053_H123.csv,12,1,16,2,"[1, 0, 0, 0, 0, 0, 0, 0]","[0, 0, 1, 1, 7, 1, 0, 6]","[0, 1, 0, 0, 0, 0, 1, 0]",False,False,False,False
digicert.com,captura_0000053_H123.csv,13,1,16,2,"[1, 0, 0, 0, 0, 0, 0, 0]","[0, 0, 1, 1, 7, 1, 0, 6]","[0, 1, 0, 0, 0, 0, 1, 0]",False,False,False,False
digicert.com,captura_0000053_H123.csv,14,1,16,2,"[1, 0, 0, 0, 0, 0, 0, 0]","[0, 0, 1, 1, 7, 1, 0, 6]","[0, 1, 0, 0, 0, 0, 1, 0]",False,False,False,False
digicert.com,captura_0000053_H123.csv,15,1,16,2,"[1, 0, 0, 0, 0, 0, 0, 0]","[0, 0, 1, 1, 7, 1, 0, 6]","[0, 1, 0, 0, 0, 0, 1, 0]",False,False,False,False
digicert.com,captura_0000053_H123.csv,16,1,16,2,"[1, 0, 0, 0, 0, 0, 0, 0]","[0, 0, 1, 1, 7, 1, 0, 6]","[0, 1, 0, 0, 0, 0, 1, 0]",False,False,False,False
digicert.com,captura_0000053_H123.csv,18,1,16,2,"[1, 0, 0, 0, 0, 0, 0, 0]","[0, 0, 1, 1, 7, 1, 0, 6]","[0, 1, 0, 0, 0, 0, 1, 0]",False,False,False,False
digicert.com,captura_0000053_H123.csv,20,1,16,2,"[1, 0, 0, 0, 0, 0, 0, 0]","[0, 0, 1, 1, 7, 1, 0, 6]","[0, 1, 0, 0, 0, 0, 1, 0]",False,False,False,False
discord.gg,captura_0000178_H123.csv,2,1,20,117,"[1, 0, 0, 0, 0, 0, 0, 0, 0, 0, 0, 0, 0, 0, 0]","[0, 0, 1, 0, 0, 0, 0, 1, 1, 2, 4, 1, 1, 6, 3]","[0, 1, 0, 43, 14, 58, 1, 0, 0, 0, 0, 0, 0, 0, 0]",False,False,False,False
discord.gg,captura_0000178_H123.csv,3,1,18,117,"[1, 0, 0, 0, 0, 0, 0, 0, 0, 0, 0, 0, 0, 0, 0]","[0, 0, 1, 0, 0, 0, 0, 1, 1, 2, 2, 1, 1, 3, 6]","[0, 1, 0, 44, 13, 58, 1, 0, 0, 0, 0, 0, 0, 0, 0]",False,False,False,False
discord.gg,captura_0000178_H123.csv,5,1,19,117,"[1, 0, 0, 0, 0, 0, 0, 0, 0, 0, 0, 0, 0, 0, 0, 0]","[0, 0, 1, 0, 0, 1, 0, 0, 1, 2, 2, 1, 1, 6, 2, 2]","[0, 1, 0, 44, 1, 0, 13, 58, 0, 0, 0, 0, 0, 0, 0, 0]",False,False,False,False
discord.gg,captura_0000178_H123.csv,6,1,19,117,"[1, 0, 0, 0, 0, 0, 0, 0, 0, 0, 0, 0, 0, 0, 0]","[0, 0, 1, 0, 0, 0, 0, 1, 1, 2, 4, 1, 1, 5, 3]","[0, 1, 0, 44, 13, 1, 58, 0, 0, 0, 0, 0, 0, 0, 0]",False,False,False,False
discord.gg,captura_0000178_H123.csv,8,1,22,117,"[1, 0, 0, 0, 0, 0, 0, 0, 0, 0, 0, 0, 0, 0, 0, 0]","[0, 0, 1, 0, 0, 0, 0, 1, 1, 2, 4, 1, 1, 3, 6, 2]","[0, 1, 0, 44, 13, 58, 1, 0, 0, 0, 0, 0, 0, 0, 0, 0]",False,False,False,False
discord.gg,captura_0000178_H123.csv,10,1,20,117,"[1, 0, 0, 0, 0, 0, 0, 0, 0, 0, 0, 0, 0, 0, 0]","[0, 0, 1, 0, 0, 0, 0, 1, 1, 2, 4, 1, 1, 3, 6]","[0, 1, 0, 44, 13, 58, 1, 0, 0, 0, 0, 0, 0, 0, 0]",False,False,False,False
discord.gg,captura_0000178_H123.csv,11,1,19,117,"[1, 0, 0, 0, 0, 0, 0, 0, 0, 0, 0, 0, 0, 0, 0]","[0, 0, 1, 0, 0, 0, 0, 1, 1, 2, 3, 1, 1, 6, 3]","[0, 1, 0, 44, 13, 58, 1, 0, 0, 0, 0, 0, 0, 0, 0]",False,False,False,False
discord.gg,captura_0000178_H123.csv,13,1,18,117,"[1, 0, 0, 0, 0, 0, 0, 0, 0, 0, 0, 0, 0, 0, 0]","[0, 0, 1, 0, 0, 0, 0, 1, 1, 2, 2, 1, 1, 3, 6]","[0, 1, 0, 44, 13, 1, 58, 0, 0, 0, 0, 0, 0, 0, 0]",False,False,False,False
discord.gg,captura_0000178_H123.csv,14,1,19,117,"[1, 0, 0, 0, 0, 0, 0, 0, 0, 0, 0, 0, 0, 0, 0]","[0, 0, 1, 0, 0, 0, 0, 1, 1, 2, 3, 1, 1, 6, 3]","[0, 1, 0, 44, 13, 58, 1, 0, 0, 0, 0, 0, 0, 0, 0]",False,False,False,False
discord.gg,captura_0000178_H123.csv,15,1,21,117,"[1, 0, 0, 0, 0, 0, 0, 0, 0, 0, 0, 0, 0, 0, 0, 0]","[0, 0, 1, 0, 0, 0, 0, 1, 1, 2, 2, 1, 1, 7, 3, 2]","[0, 1, 0, 44, 13, 58, 1, 0, 0, 0, 0, 0, 0, 0, 0, 0]",False,False,False,False
discord.gg,captura_0000178_H123.csv,16,1,20,117,"[1, 0, 0, 0, 0, 0, 0, 0, 0, 0, 0, 0, 0, 0, 0]","[0, 0, 1, 0, 0, 0, 0, 1, 1, 2, 4, 1, 1, 6, 3]","[0, 1, 0, 44, 13, 1, 58, 0, 0, 0, 0, 0, 0, 0, 0]",False,False,False,False
discord.gg,captura_0000178_H123.csv,18,1,18,117,"[1, 0, 0, 0, 0, 0, 0, 0, 0, 0, 0, 0, 0, 0, 0]","[0, 1, 0, 0, 0, 0, 0, 1, 1, 2, 2, 1, 1, 3, 6]","[0, 0, 1, 44, 13, 58, 1, 0, 0, 0, 0, 0, 0, 0, 0]",False,False,False,False
discord.gg,captura_0000178_H123.csv,19,1,18,117,"[1, 0, 0, 0, 0, 0, 0, 0, 0, 0, 0, 0, 0, 0, 0]","[0, 0, 1, 0, 0, 0, 0, 1, 1, 2, 2, 1, 1, 3, 6]","[0, 1, 0, 44, 13, 58, 1, 0, 0, 0, 0, 0, 0, 0, 0]",False,False,False,False
discord.gg,captura_0000178_H123.csv,20,1,20,117,"[1, 0, 0, 0, 0, 0, 0, 0, 0, 0, 0, 0, 0, 0, 0]","[0, 0, 1, 0, 0, 0, 0, 1, 1, 2, 4, 1, 1, 6, 3]","[0, 1, 0, 44, 13, 58, 1, 0, 0, 0, 0, 0, 0, 0, 0]",False,False,False,False
dns.google,captura_0000146_H123.csv,1,1,15,4,"[1, 0, 0, 0, 0, 0, 0, 0, 0, 0]","[0, 0, 4, 0, 2, 1, 0, 0, 2, 6]","[0, 1, 0, 1, 0, 0, 1, 1, 0, 0]",False,False,False,False
dns.google,captura_0000146_H123.csv,2,1,15,4,"[1, 0, 0, 0, 0, 0, 0, 0, 0, 0]","[0, 0, 4, 0, 2, 1, 0, 0, 2, 6]","[0, 1, 0, 1, 0, 0, 1, 1, 0, 0]",False,False,False,False
dns.google,captura_0000146_H123.csv,3,1,15,4,"[1, 0, 0, 0, 0, 0, 0, 0, 0, 0]","[0, 0, 4, 0, 2, 1, 0, 0, 2, 6]","[0, 1, 0, 1, 0, 0, 1, 1, 0, 0]",False,False,False,False
dns.google,captura_0000146_H123.csv,4,1,15,4,"[1, 0, 0, 0, 0, 0, 0, 0, 0, 0]","[0, 0, 4, 0, 2, 1, 0, 0, 2, 6]","[0, 1, 0, 1, 0, 0, 1, 1, 0, 0]",False,False,False,False
dns.google,captura_0000146_H123.csv,5,1,15,4,"[1, 0, 0, 0, 0, 0, 0, 0, 0, 0]","[0, 0, 4, 0, 2, 1, 0, 0, 2, 6]","[0, 1, 0, 1, 0, 0, 1, 1, 0, 0]",False,False,False,False
dns.google,captura_0000146_H123.csv,7,1,15,4,"[1, 0, 0, 0, 0, 0, 0, 0, 0, 0]","[0, 0, 4, 0, 2, 1, 0, 0, 2, 6]","[0, 1, 0, 1, 0, 0, 1, 1, 0, 0]",False,False,False,False
dns.google,captura_0000146_H123.csv,10,1,15,4,"[1, 0, 0, 0, 0, 0, 0, 0, 0, 0]","[0, 0, 4, 0, 2, 1, 0, 0, 2, 6]","[0, 1, 0, 1, 0, 0, 1, 1, 0, 0]",False,False,False,False
dns.google,captura_0000146_H123.csv,11,1,15,4,"[1, 0, 0, 0, 0, 0, 0, 0, 0, 0]","[0, 0, 4, 0, 2, 1, 0, 0, 2, 6]","[0, 1, 0, 1, 0, 0, 1, 1, 0, 0]",False,False,False,False
dns.google,captura_0000146_H123.csv,12,1,15,4,"[1, 0, 0, 0, 0, 0, 0, 0, 0, 0]","[0, 0, 4, 0, 2, 1, 0, 0, 2, 6]","[0, 1, 0, 1, 0, 0, 1, 1, 0, 0]",False,False,False,False
dns.google,captura_0000146_H123.csv,14,1,15,4,"[1, 0, 0, 0, 0, 0, 0, 0, 0, 0]","[0, 0, 4, 0, 2, 1, 0, 0, 2, 6]","[0, 1, 0, 1, 0, 0, 1, 1, 0, 0]",False,False,False,False
dns.google,captura_0000146_H123.csv,15,1,15,4,"[1, 0, 0, 0, 0, 0, 0, 0, 0, 0]","[0, 0, 4, 0, 2, 1, 0, 0, 2, 6]","[0, 1, 0, 1, 0, 0, 1, 1, 0, 0]",False,False,False,False
dns.google,captura_0000146_H123.csv,16,1,15,4,"[1, 0, 0, 0, 0, 0, 0, 0, 0, 0]","[0, 0, 4, 0, 2, 1, 0, 0, 2, 6]","[0, 1, 0, 1, 0, 0, 1, 1, 0, 0]",False,False,False,False
dns.google,captura_0000146_H123.csv,17,1,15,4,"[1, 0, 0, 0, 0, 0, 0, 0, 0, 0]","[0, 0, 4, 0, 2, 1, 0, 0, 2, 6]","[0, 1, 0, 1, 0, 0, 1, 1, 0, 0]",False,False,False,False
dns.google,captura_0000146_H123.csv,18,1,15,4,"[1, 0, 0, 0, 0, 0, 0, 0, 0, 0]","[0, 0, 4, 0, 2, 1, 0, 0, 2, 6]","[0, 1, 0, 1, 0, 0, 1, 1, 0, 0]",False,False,False,False
dns.google,captura_0000146_H123.csv,19,1,15,4,"[1, 0, 0, 0, 0, 0, 0, 0, 0, 0]","[0, 4, 0, 0, 2, 1, 0, 0, 2, 6]","[0, 0, 1, 1, 0, 0, 1, 1, 0, 0]",False,False,False,False
dns.google,captura_0000146_H123.csv,20,1,15,4,"[1, 0, 0, 0, 0, 0, 0, 0, 0, 0]","[0, 0, 4, 0, 2, 1, 0, 0, 2, 6]","[0, 1, 0, 1, 0, 0, 1, 1, 0, 0]",False,False,False,False
doubleclick.net,captura_0000032_H123.csv,1,1,33,14,"[1, 0, 0, 0, 0, 0, 0, 0, 0, 0, 0, 0, 0, 0, 0, 0, 0]","[0, 0, 1, 3, 0, 5, 2, 1, 0, 0, 0, 3, 7, 2, 1, 6, 2]","[0, 1, 0, 0, 1, 0, 0, 0, 7, 2, 3, 0, 0, 0, 0, 0, 0]",False,False,False,False
doubleclick.net,captura_0000032_H123.csv,3,1,32,14,"[1, 0, 0, 0, 0, 0, 0, 0, 0, 0, 0, 0, 0, 0, 0, 0]","[0, 0, 1, 3, 0, 1, 2, 5, 0, 0, 0, 2, 9, 2, 1, 6]","[0, 1, 0, 0, 1, 0, 0, 0, 7, 3, 2, 0, 0, 0, 0, 0]",False,False,False,False
doubleclick.net,captura_0000032_H123.csv,4,1,33,14,"[1, 0, 0, 0, 0, 0, 0, 0, 0, 0, 0, 0, 0, 0, 0, 0]","[0, 0, 1, 3, 0, 1, 2, 5, 0, 0, 0, 3, 9, 2, 1, 6]","[0, 1, 0, 0, 1, 0, 0, 0, 7, 3, 2, 0, 0, 0, 0, 0]",False,False,False,False
doubleclick.net,captura_0000032_H123.csv,5,1,33,14,"[1, 0, 0, 0, 0, 0, 0, 0, 0, 0, 0, 0, 0, 0, 0, 0]","[0, 0, 1, 3, 0, 1, 2, 5, 0, 0, 0, 2, 10, 2, 1, 6]","[0, 1, 0, 0, 1, 0, 0, 0, 7, 3, 2, 0, 0, 0, 0, 0]",False,False,False,False
doubleclick.net,captura_0000032_H123.csv,7,1,32,14,"[1, 0, 0, 0, 0, 0, 0, 0, 0, 0, 0, 0, 0, 0, 0, 0]","[0, 0, 1, 3, 0, 1, 2, 5, 0, 0, 0, 2, 9, 2, 1, 6]","[0, 1, 0, 0, 1, 0, 0, 0, 7, 3, 2, 0, 0, 0, 0, 0]",False,False,False,False
doubleclick.net,captura_0000032_H123.csv,8,1,31,14,"[1, 0, 0, 0, 0, 0, 0, 0, 0, 0, 0, 0, 0, 0, 0, 0, 0]","[0, 0, 1, 3, 0, 1, 2, 5, 0, 0, 0, 2, 8, 0, 2, 1, 6]","[0, 1, 0, 0, 1, 0, 0, 0, 7, 2, 2, 0, 0, 1, 0, 0, 0]",False,False,False,False
doubleclick.net,captura_0000032_H123.csv,9,1,32,14,"[1, 0, 0, 0, 0, 0, 0, 0, 0, 0, 0, 0, 0, 0, 0, 0, 0]","[0, 0, 1, 3, 0, 1, 2, 5, 0, 0, 3, 0, 8, 0, 2, 1, 6]","[0, 1, 0, 0, 1, 0, 0, 0, 7, 2, 0, 2, 0, 1, 0, 0, 0]",False,False,False,False
doubleclick.net,captura_0000032_H123.csv,10,1,33,14,"[1, 0, 0, 0, 0, 0, 0, 0, 0, 0, 0, 0, 0, 0, 0, 0]","[0, 0, 1, 3, 0, 1, 2, 6, 0, 2, 0, 0, 9, 2, 1, 6]","[0, 1, 0, 0, 1, 0, 0, 0, 7, 0, 2, 3, 0, 0, 0, 0]",False,False,False,False
doubleclick.net,captura_0000032_H123.csv,12,1,32,14,"[1, 0, 0, 0, 0, 0, 0, 0, 0, 0, 0, 0, 0, 0, 0, 0]","[0, 0, 1, 3, 0, 1, 2, 5, 0, 0, 0, 2, 9, 2, 1, 6]","[0, 1, 0, 0, 1, 0, 0, 0, 7, 3, 2, 0, 0, 0, 0, 0]",False,False,False,False
doubleclick.net,captura_0000032_H123.csv,15,1,32,14,"[1, 0, 0, 0, 0, 0, 0, 0, 0, 0, 0, 0, 0, 0, 0, 0, 0]","[0, 0, 1, 3, 0, 1, 2, 5, 0, 0, 3, 0, 8, 0, 2, 1, 6]","[0, 1, 0, 0, 1, 0, 0, 0, 7, 2, 0, 2, 0, 1, 0, 0, 0]",False,False,False,False
doubleclick.net,captura_0000032_H123.csv,17,1,33,14,"[1, 0, 0, 0, 0, 0, 0, 0, 0, 0, 0, 0, 0, 0, 0, 0]","[0, 0, 1, 3, 0, 1, 2, 5, 0, 0, 0, 2, 10, 2, 1, 6]","[0, 1, 0, 0, 1, 0, 0, 0, 7, 3, 2, 0, 0, 0, 0, 0]",False,False,False,False
dropbox.com,captura_0000127_H123.csv,1,2,27,605,"[1, 0, 0, 0, 0, 0, 0, 0, 0, 0, 0, 1, 0, 0, 0, 0]","[0, 0, 1, 3, 0, 0, 5, 6, 0, 0, 2, 0, 1, 6, 2, 1]","[0, 1, 0, 0, 335, 248, 0, 0, 3, 18, 0, 0, 0, 0, 0, 0]",False,False,False,False
dropbox.com,captura_0000127_H123.csv,2,2,26,642,"[1, 0, 0, 0, 0, 0, 0, 0, 0, 0, 0, 0, 1, 0, 0, 0, 0]","[0, 0, 1, 3, 0, 6, 0, 0, 5, 0, 0, 2, 0, 1, 2, 5, 1]","[0, 1, 0, 0, 370, 0, 247, 5, 0, 1, 18, 0, 0, 0, 0, 0, 0]",False,False,False,False
dropbox.com,captura_0000127_H123.csv,3,2,33,590,"[1, 0, 0, 0, 0, 0, 0, 0, 0, 0, 0, 1, 0, 0, 0, 0]","[0, 0, 1, 3, 0, 6, 0, 11, 0, 0, 3, 0, 1, 2, 5, 1]","[0, 1, 0, 0, 321, 0, 1, 0, 249, 18, 0, 0, 0, 0, 0, 0]",False,False,False,False
dropbox.com,captura_0000127_H123.csv,4,2,28,619,"[1, 0, 0, 0, 0, 0, 0, 0, 0, 0, 0, 1, 0, 0, 0, 0]","[0, 0, 1, 3, 0, 7, 0, 6, 0, 0, 2, 0, 1, 5, 1, 2]","[0, 1, 0, 0, 348, 0, 251, 0, 1, 18, 0, 0, 0, 0, 0, 0]",False,False,False,False
dropbox.com,captura_0000127_H123.csv,5,2,28,617,"[1, 0, 0, 0, 0, 0, 0, 0, 0, 0, 0, 1, 0, 0, 0, 0]","[0, 0, 1, 3, 0, 8, 0, 5, 0, 0, 2, 0, 1, 2, 5, 1]","[0, 1, 0, 0, 348, 0, 248, 0, 2, 18, 0, 0, 0, 0, 0, 0]",False,False,False,False
dropbox.com,captura_0000127_H123.csv,7,2,29,625,"[1, 0, 0, 0, 0, 0, 0, 0, 0, 0, 0, 0, 1, 0, 0, 0, 0]","[0, 0, 1, 3, 0, 0, 8, 0, 6, 0, 0, 2, 0, 1, 5, 2, 1]","[0, 1, 0, 0, 353, 245, 0, 6, 0, 2, 18, 0, 0, 0, 0, 0, 0]",False,False,False,False
dropbox.com,captura_0000127_H123.csv,8,2,26,662,"[1, 0, 0, 0, 0, 0, 0, 0, 0, 0, 0, 1, 0, 0, 0, 0]","[0, 0, 1, 3, 0, 5, 6, 0, 0, 0, 2, 0, 1, 2, 5, 1]","[0, 1, 0, 0, 391, 0, 0, 3, 249, 18, 0, 0, 0, 0, 0, 0]",False,False,False,False
dropbox.com,captura_0000127_H123.csv,10,2,32,617,"[1, 0, 0, 0, 0, 0, 0, 0, 0, 0, 0, 1, 0, 0, 0, 0]","[0, 0, 1, 3, 0, 0, 11, 6, 0, 0, 2, 0, 1, 5, 1, 2]","[0, 1, 0, 0, 345, 249, 0, 0, 3, 19, 0, 0, 0, 0, 0, 0]",False,False,False,False
dropbox.com,captura_0000127_H123.csv,11,2,30,606,"[1, 0, 0, 0, 0, 0, 0, 0, 0, 0, 1, 0, 0, 0, 0, 0]","[0, 0, 1, 3, 0, 5, 10, 0, 0, 0, 0, 2, 1, 5, 1, 2]","[0, 1, 0, 0, 337, 0, 0, 3, 247, 18, 0, 0, 0, 0, 0, 0]",False,False,False,False
dropbox.com,captura_0000127_H123.csv,12,2,28,608,"[1, 0, 0, 0, 0, 0, 0, 0, 0, 0, 0, 0, 1, 0, 0, 0, 0]","[0, 0, 1, 3, 0, 7, 0, 0, 6, 0, 0, 2, 0, 1, 2, 5, 1]","[0, 1, 0, 0, 336, 0, 1, 249, 0, 3, 18, 0, 0, 0, 0, 0, 0]",False,False,False,False
dropbox.com,captura_0000127_H123.csv,14,2,29,659,"[1, 0, 0, 0, 0, 0, 0, 0, 0, 1, 0, 0, 0, 0, 0, 0]","[0, 0, 1, 3, 0, 8, 0, 0, 2, 0, 1, 2, 6, 0, 5, 1]","[0, 1, 0, 0, 393, 0, 246, 18, 0, 0, 0, 0, 0, 1, 0, 0]",False,False,False,False
dropbox.com,captura_0000127_H123.csv,15,2,25,613,"[1, 0, 0, 0, 0, 0, 0, 0, 0, 0, 0, 0, 1, 0, 0, 0, 0]","[0, 0, 1, 3, 0, 6, 0, 0, 4, 0, 0, 2, 0, 1, 5, 1, 2]","[0, 1, 0, 0, 335, 0, 3, 249, 0, 7, 18, 0, 0, 0, 0, 0, 0]",False,False,False,False
dropbox.com,captura_0000127_H123.csv,16,2,29,601,"[1, 0, 0, 0, 0, 0, 0, 0, 0, 0, 0, 1, 0, 0, 0, 0]","[0, 0, 1, 3, 0, 0, 7, 6, 0, 0, 3, 0, 1, 5, 1, 2]","[0, 1, 0, 0, 333, 248, 0, 0, 1, 18, 0, 0, 0, 0, 0, 0]",False,False,False,False
dropbox.com,captura_0000127_H123.csv,17,2,31,605,"[1, 0, 0, 0, 0, 0, 0, 0, 0, 0, 0, 1, 0, 0, 0, 0]","[0, 0, 1, 3, 0, 6, 0, 9, 0, 0, 3, 0, 1, 2, 5, 1]","[0, 1, 0, 0, 337, 0, 1, 0, 248, 18, 0, 0, 0, 0, 0, 0]",False,False,False,False
dropbox.com,captura_0000127_H123.csv,18,2,30,637,"[1, 0, 0, 0, 0, 0, 0, 0, 0, 1, 0, 0, 0, 0, 0, 0]","[0, 0, 1, 3, 0, 9, 0, 0, 2, 0, 1, 5, 1, 2, 6, 0]","[0, 1, 0, 0, 369, 0, 248, 18, 0, 0, 0, 0, 0, 0, 0, 1]",False,False,False,False
dropbox.com,captura_0000127_H123.csv,19,2,31,620,"[1, 0, 0, 0, 0, 0, 0, 0, 0, 0, 1, 0, 0, 0, 0, 0, 0]","[0, 0, 1, 3, 0, 0, 9, 0, 0, 3, 0, 1, 5, 1, 2, 6, 0]","[0, 1, 0, 0, 352, 246, 0, 2, 18, 0, 0, 0, 0, 0, 0, 0, 1]",False,False,False,False
dzen.ru,captura_0000005_H123.csv,3,11,23,1,"[1, 0, 1, 3, 1, 3, 1, 1, 0, 0, 0, 0, 0, 0, 0, 0]","[0, 0, 0, 0, 0, 0, 0, 0, 2, 1, 1, 6, 4, 6, 1, 2]","[0, 1, 0, 0, 0, 0, 0, 0, 0, 0, 0, 0, 0, 0, 0, 0]",False,False,False,False
dzen.ru,captura_0000005_H123.csv,5,11,23,1,"[1, 0, 1, 3, 3, 1, 1, 1, 0, 0, 0, 0, 0, 0, 0, 0]","[0, 0, 0, 0, 0, 0, 0, 0, 1, 1, 2, 4, 6, 6, 1, 2]","[0, 1, 0, 0, 0, 0, 0, 0, 0, 0, 0, 0, 0, 0, 0, 0]",False,False,False,False
dzen.ru,captura_0000005_H123.csv,6,11,23,1,"[1, 0, 1, 3, 1, 1, 3, 1, 0, 0, 0, 0, 0, 0, 0, 0]","[0, 0, 0, 0, 0, 0, 0, 0, 1, 1, 2, 4, 6, 6, 1, 2]","[0, 1, 0, 0, 0, 0, 0, 0, 0, 0, 0, 0, 0, 0, 0, 0]",False,False,False,False
dzen.ru,captura_0000005_H123.csv,9,11,23,1,"[1, 0, 1, 3, 1, 1, 3, 1, 0, 0, 0, 0, 0, 0, 0, 0]","[0, 0, 0, 0, 0, 0, 0, 0, 1, 1, 2, 4, 6, 1, 6, 2]","[0, 1, 0, 0, 0, 0, 0, 0, 0, 0, 0, 0, 0, 0, 0, 0]",False,False,False,False
dzen.ru,captura_0000005_H123.csv,10,11,23,1,"[1, 0, 1, 3, 1, 1, 3, 1, 0, 0, 0, 0, 0, 0, 0, 0]","[0, 0, 0, 0, 0, 0, 0, 0, 1, 1, 2, 4, 6, 6, 1, 2]","[0, 1, 0, 0, 0, 0, 0, 0, 0, 0, 0, 0, 0, 0, 0, 0]",False,False,False,False
dzen.ru,captura_0000005_H123.csv,11,11,22,1,"[1, 0, 1, 3, 1, 3, 1, 1, 0, 0, 0, 0, 0, 0, 0, 0]","[0, 0, 0, 0, 0, 0, 0, 0, 1, 1, 2, 4, 6, 5, 1, 2]","[0, 1, 0, 0, 0, 0, 0, 0, 0, 0, 0, 0, 0, 0, 0, 0]",False,False,False,False
dzen.ru,captura_0000005_H123.csv,12,11,24,1,"[1, 0, 1, 3, 1, 1, 3, 1, 0, 0, 0, 0, 0, 0, 0, 0]","[0, 0, 0, 0, 0, 0, 0, 0, 1, 1, 2, 4, 6, 7, 1, 2]","[0, 1, 0, 0, 0, 0, 0, 0, 0, 0, 0, 0, 0, 0, 0, 0]",False,False,False,False
dzen.ru,captura_0000005_H123.csv,13,11,25,1,"[1, 0, 1, 3, 1, 3, 1, 1, 0, 0, 0, 0, 0, 0, 0, 0]","[0, 0, 0, 0, 0, 0, 0, 0, 1, 1, 2, 4, 6, 8, 1, 2]","[0, 1, 0, 0, 0, 0, 0, 0, 0, 0, 0, 0, 0, 0, 0, 0]",False,False,False,False
dzen.ru,captura_0000005_H123.csv,14,11,23,1,"[1, 0, 1, 3, 3, 1, 1, 1, 0, 0, 0, 0, 0, 0, 0, 0]","[0, 0, 0, 0, 0, 0, 0, 0, 1, 1, 2, 4, 6, 6, 1, 2]","[0, 1, 0, 0, 0, 0, 0, 0, 0, 0, 0, 0, 0, 0, 0, 0]",False,False,False,False
dzen.ru,captura_0000005_H123.csv,15,11,22,1,"[1, 0, 1, 3, 1, 3, 1, 1, 0, 0, 0, 0, 0, 0, 0, 0]","[0, 0, 0, 0, 0, 0, 0, 0, 1, 2, 1, 4, 6, 5, 1, 2]","[0, 1, 0, 0, 0, 0, 0, 0, 0, 0, 0, 0, 0, 0, 0, 0]",False,False,False,False
dzen.ru,captura_0000005_H123.csv,16,11,22,1,"[1, 0, 1, 3, 1, 3, 1, 1, 0, 0, 0, 0, 0, 0, 0, 0]","[0, 0, 0, 0, 0, 0, 0, 0, 1, 1, 2, 4, 5, 6, 1, 2]","[0, 1, 0, 0, 0, 0, 0, 0, 0, 0, 0, 0, 0, 0, 0, 0]",False,False,False,False
dzen.ru,captura_0000005_H123.csv,17,11,23,1,"[1, 0, 1, 3, 1, 1, 3, 1, 0, 0, 0, 0, 0, 0, 0, 0]","[0, 0, 0, 0, 0, 0, 0, 0, 1, 1, 2, 4, 6, 6, 1, 2]","[0, 1, 0, 0, 0, 0, 0, 0, 0, 0, 0, 0, 0, 0, 0, 0]",False,False,False,False
dzen.ru,captura_0000005_H123.csv,18,11,23,1,"[1, 0, 1, 3, 1, 1, 3, 1, 0, 0, 0, 0, 0, 0, 0, 0]","[0, 0, 0, 0, 0, 0, 0, 0, 1, 1, 2, 4, 6, 6, 1, 2]","[0, 1, 0, 0, 0, 0, 0, 0, 0, 0, 0, 0, 0, 0, 0, 0]",False,False,False,False
dzen.ru,captura_0000005_H123.csv,19,11,22,1,"[1, 0, 1, 3, 1, 3, 1, 1, 0, 0, 0, 0, 0, 0, 0, 0]","[0, 0, 0, 0, 0, 0, 0, 0, 1, 1, 2, 4, 6, 5, 1, 2]","[0, 1, 0, 0, 0, 0, 0, 0, 0, 0, 0, 0, 0, 0, 0, 0]",False,False,False,False
dzen.ru,captura_0000005_H123.csv,20,11,22,1,"[1, 0, 1, 3, 1, 1, 3, 1, 0, 0, 0, 0, 0, 0, 0, 0]","[0, 0, 0, 0, 0, 0, 0, 0, 1, 1, 2, 4, 6, 5, 1, 2]","[0, 1, 0, 0, 0, 0, 0, 0, 0, 0, 0, 0, 0, 0, 0, 0]",False,False,False,False
epicgames.com,captura_0000137_H123.csv,4,1,10,51,"[1, 0, 0, 0, 0, 0, 0, 0]","[0, 0, 2, 2, 0, 0, 0, 6]","[0, 1, 0, 0, 5, 1, 44, 0]",False,False,False,False
epicgames.com,captura_0000137_H123.csv,6,1,10,51,"[1, 0, 0, 0, 0, 0, 0, 0]","[0, 0, 2, 2, 0, 0, 0, 6]","[0, 1, 0, 0, 5, 1, 44, 0]",False,False,False,False
epicgames.com,captura_0000137_H123.csv,8,1,10,51,"[1, 0, 0, 0, 0, 0, 0, 0]","[0, 0, 2, 2, 0, 0, 0, 6]","[0, 1, 0, 0, 5, 1, 44, 0]",False,False,False,False
epicgames.com,captura_0000137_H123.csv,11,1,10,51,"[1, 0, 0, 0, 0, 0, 0, 0]","[0, 0, 2, 2, 0, 0, 0, 6]","[0, 1, 0, 0, 5, 1, 44, 0]",False,False,False,False
epicgames.com,captura_0000137_H123.csv,14,1,10,51,"[1, 0, 0, 0, 0, 0, 0, 0]","[0, 0, 2, 2, 0, 0, 0, 6]","[0, 1, 0, 0, 5, 1, 44, 0]",False,False,False,False
epicgames.com,captura_0000137_H123.csv,17,1,10,51,"[1, 0, 0, 0, 0, 0, 0, 0]","[0, 0, 2, 2, 0, 0, 0, 6]","[0, 1, 0, 0, 5, 1, 44, 0]",False,False,False,False
epicgames.com,captura_0000137_H123.csv,18,1,10,51,"[1, 0, 0, 0, 0, 0, 0, 0]","[0, 0, 2, 2, 0, 0, 0, 6]","[0, 1, 0, 0, 5, 1, 44, 0]",False,False,False,False
europa.eu,captura_0000109_H123.csv,1,9,42,29,"[1, 0, 1, 0, 0, 3, 0, 0, 4, 0, 0, 0, 0, 0, 0, 0, 0]","[0, 0, 0, 26, 2, 0, 0, 0, 0, 1, 2, 0, 0, 3, 0, 6, 2]","[0, 1, 0, 0, 0, 0, 2, 20, 0, 0, 0, 1, 4, 0, 1, 0, 0]",False,False,False,False
europa.eu,captura_0000109_H123.csv,2,9,46,29,"[1, 0, 1, 0, 0, 0, 3, 0, 4, 0, 0, 0, 0, 0, 0, 0, 0]","[0, 0, 0, 30, 2, 0, 0, 0, 0, 1, 2, 0, 0, 3, 0, 6, 2]","[0, 1, 0, 0, 0, 20, 0, 2, 0, 0, 0, 4, 1, 0, 1, 0, 0]",False,False,False,False
europa.eu,captura_0000109_H123.csv,3,8,39,29,"[1, 0, 1, 0, 0, 0, 2, 0, 4, 0, 0, 0, 0, 0, 0, 0]","[0, 0, 0, 25, 2, 0, 0, 0, 0, 1, 2, 0, 0, 3, 0, 6]","[0, 1, 0, 0, 0, 20, 0, 2, 0, 0, 0, 1, 4, 0, 1, 0]",False,False,False,False
europa.eu,captura_0000109_H123.csv,4,8,39,29,"[1, 0, 1, 0, 0, 0, 2, 0, 4, 0, 0, 0, 0, 0, 0, 0]","[0, 0, 0, 25, 2, 0, 0, 0, 0, 1, 2, 0, 0, 3, 0, 6]","[0, 1, 0, 0, 0, 20, 0, 2, 0, 0, 0, 1, 4, 0, 1, 0]",False,False,False,False
europa.eu,captura_0000109_H123.csv,6,8,44,29,"[1, 0, 1, 0, 0, 0, 2, 0, 4, 0, 0, 0, 0, 0, 0, 0]","[0, 0, 0, 30, 2, 0, 0, 0, 0, 1, 2, 0, 0, 3, 0, 6]","[0, 1, 0, 0, 0, 20, 0, 2, 0, 0, 0, 4, 1, 0, 1, 0]",False,False,False,False
europa.eu,captura_0000109_H123.csv,8,8,42,29,"[1, 0, 1, 0, 0, 2, 0, 0, 4, 0, 0, 0, 0, 0, 0, 0]","[0, 0, 0, 28, 0, 0, 2, 0, 0, 1, 2, 0, 0, 3, 0, 6]","[0, 1, 0, 0, 20, 0, 0, 2, 0, 0, 0, 4, 1, 0, 1, 0]",False,False,False,False
europa.eu,captura_0000109_H123.csv,9,8,44,29,"[1, 0, 1, 0, 0, 0, 2, 0, 4, 0, 0, 0, 0, 0, 0, 0]","[0, 0, 0, 30, 2, 0, 0, 0, 0, 1, 2, 0, 0, 3, 0, 6]","[0, 1, 0, 0, 0, 20, 0, 2, 0, 0, 0, 4, 1, 0, 1, 0]",False,False,False,False
europa.eu,captura_0000109_H123.csv,11,8,46,29,"[1, 0, 1, 0, 0, 0, 2, 0, 4, 0, 0, 0, 0, 0, 0, 0, 0]","[0, 0, 0, 28, 2, 0, 0, 0, 0, 1, 2, 0, 0, 5, 0, 6, 2]","[0, 1, 0, 0, 0, 20, 0, 2, 0, 0, 0, 1, 4, 0, 1, 0, 0]",False,False,False,False
europa.eu,captura_0000109_H123.csv,13,8,43,29,"[1, 0, 1, 0, 0, 0, 6, 0, 0, 0, 0, 0, 0, 0, 0]","[0, 0, 0, 29, 2, 0, 0, 0, 1, 2, 0, 0, 3, 0, 6]","[0, 1, 0, 0, 0, 20, 0, 2, 0, 0, 4, 1, 0, 1, 0]",False,False,False,False
europa.eu,captura_0000109_H123.csv,14,8,43,29,"[1, 0, 1, 0, 0, 6, 0, 0, 0, 0, 0, 0, 0, 0, 0]","[0, 0, 0, 29, 2, 0, 0, 0, 1, 2, 0, 0, 3, 0, 6]","[0, 1, 0, 0, 0, 0, 20, 2, 0, 0, 4, 1, 0, 1, 0]",False,False,False,False
europa.eu,captura_0000109_H123.csv,15,8,39,29,"[1, 0, 1, 0, 2, 0, 0, 0, 4, 0, 0, 0, 0, 0, 0, 0]","[0, 0, 0, 25, 0, 2, 0, 0, 0, 1, 2, 0, 0, 3, 0, 6]","[0, 1, 0, 0, 0, 0, 2, 20, 0, 0, 0, 4, 1, 0, 1, 0]",False,False,False,False
europa.eu,captura_0000109_H123.csv,16,9,42,29,"[1, 0, 1, 0, 0, 0, 3, 0, 4, 0, 0, 0, 0, 0, 0, 0, 0]","[0, 0, 0, 25, 2, 0, 0, 0, 0, 1, 2, 0, 0, 7, 3, 0, 2]","[0, 1, 0, 0, 0, 20, 0, 2, 0, 0, 0, 4, 1, 0, 0, 1, 0]",False,False,False,False
europa.eu,captura_0000109_H123.csv,17,8,43,29,"[1, 0, 1, 0, 0, 0, 6, 0, 0, 0, 0, 0, 0, 0, 0]","[0, 0, 0, 29, 2, 0, 0, 0, 1, 2, 0, 0, 3, 0, 6]","[0, 1, 0, 0, 0, 20, 0, 2, 0, 0, 4, 1, 0, 1, 0]",False,False,False,False
europa.eu,captura_0000109_H123.csv,18,8,44,29,"[1, 0, 1, 0, 0, 0, 2, 0, 4, 0, 0, 0, 0, 0, 0, 0]","[0, 0, 0, 30, 2, 0, 0, 0, 0, 1, 2, 0, 0, 3, 0, 6]","[0, 1, 0, 0, 0, 20, 0, 2, 0, 0, 0, 4, 1, 0, 1, 0]",False,False,False,False
europa.eu,captura_0000109_H123.csv,19,8,42,29,"[1, 0, 1, 0, 0, 0, 6, 0, 0, 0, 0, 0, 0, 0, 0]","[0, 0, 0, 28, 2, 0, 0, 0, 1, 2, 0, 0, 3, 0, 6]","[0, 1, 0, 0, 0, 20, 0, 2, 0, 0, 1, 4, 0, 1, 0]",False,False,False,False
europa.eu,captura_0000109_H123.csv,20,10,41,29,"[1, 0, 1, 0, 0, 3, 0, 0, 4, 0, 0, 0, 0, 0, 0, 0, 0, 1]","[0, 0, 0, 25, 2, 0, 0, 0, 0, 1, 2, 0, 0, 3, 0, 6, 2, 0]","[0, 1, 0, 0, 0, 0, 2, 20, 0, 0, 0, 4, 1, 0, 1, 0, 0, 0]",False,False,False,False
facebook.com,captura_0000004_H123.csv,2,1,7,26,"[1, 0, 0, 0, 0, 0, 0]","[0, 0, 0, 0, 0, 1, 6]","[0, 1, 15, 9, 1, 0, 0]",False,False,False,False
facebook.com,captura_0000004_H123.csv,3,1,7,26,"[1, 0, 0, 0, 0, 0, 0]","[0, 0, 0, 0, 0, 1, 6]","[0, 1, 15, 9, 1, 0, 0]",False,False,False,False
facebook.com,captura_0000004_H123.csv,4,1,7,26,"[1, 0, 0, 0, 0, 0, 0]","[0, 0, 0, 0, 0, 1, 6]","[0, 1, 15, 9, 1, 0, 0]",False,False,False,False
facebook.com,captura_0000004_H123.csv,5,1,7,26,"[1, 0, 0, 0, 0, 0, 0]","[0, 0, 0, 0, 0, 1, 6]","[0, 1, 15, 9, 1, 0, 0]",False,False,False,False
facebook.com,captura_0000004_H123.csv,6,1,7,26,"[1, 0, 0, 0, 0, 0, 0]","[0, 0, 0, 0, 0, 1, 6]","[0, 1, 15, 9, 1, 0, 0]",False,False,False,False
facebook.com,captura_0000004_H123.csv,7,1,7,26,"[1, 0, 0, 0, 0, 0, 0]","[0, 0, 0, 0, 0, 1, 6]","[0, 1, 15, 9, 1, 0, 0]",False,False,False,False
facebook.com,captura_0000004_H123.csv,10,1,7,26,"[1, 0, 0, 0, 0, 0, 0]","[0, 0, 0, 0, 0, 1, 6]","[0, 1, 15, 9, 1, 0, 0]",False,False,False,False
facebook.com,captura_0000004_H123.csv,12,1,7,26,"[1, 0, 0, 0, 0, 0, 0]","[0, 0, 0, 0, 0, 1, 6]","[0, 1, 15, 9, 1, 0, 0]",False,False,False,False
facebook.com,captura_0000004_H123.csv,13,1,7,26,"[1, 0, 0, 0, 0, 0, 0]","[0, 0, 0, 0, 0, 1, 6]","[0, 1, 15, 9, 1, 0, 0]",False,False,False,False
facebook.com,captura_0000004_H123.csv,15,1,7,26,"[1, 0, 0, 0, 0, 0, 0]","[0, 0, 0, 0, 0, 1, 6]","[0, 1, 15, 9, 1, 0, 0]",False,False,False,False
facebook.com,captura_0000004_H123.csv,16,1,7,26,"[1, 0, 0, 0, 0, 0, 0]","[0, 0, 0, 0, 0, 1, 6]","[0, 1, 15, 9, 1, 0, 0]",False,False,False,False
facebook.com,captura_0000004_H123.csv,18,1,7,26,"[1, 0, 0, 0, 0, 0, 0]","[0, 0, 0, 0, 0, 1, 6]","[0, 1, 15, 9, 1, 0, 0]",False,False,False,False
facebook.com,captura_0000004_H123.csv,19,1,7,26,"[1, 0, 0, 0, 0, 0, 0]","[0, 0, 0, 0, 0, 1, 6]","[0, 1, 15, 9, 1, 0, 0]",False,False,False,False
facebook.com,captura_0000004_H123.csv,20,1,7,26,"[1, 0, 0, 0, 0, 0, 0]","[0, 0, 0, 0, 0, 1, 6]","[0, 1, 15, 9, 1, 0, 0]",False,False,False,False
fastly.net,captura_0000043_H123.csv,1,10,113,48,"[1, 0, 1, 0, 0, 0, 0, 0, 3, 0, 0, 0, 0, 0, 1, 0, 0, 1, 0, 0, 0, 0, 0, 0, 0, 0, 0, 1, 0, 0, 0, 0, 0, 0, 0, 0, 0, 0, 0, 0, 1, 0, 0, 0, 0, 0, 1, 0, 0, 0, 0, 0]","[0, 0, 0, 7, 0, 1, 4, 3, 0, 4, 1, 1, 6, 1, 0, 14, 0, 0, 1, 23, 0, 2, 3, 1, 1, 1, 0, 0, 1, 0, 6, 0, 1, 1, 1, 1, 0, 0, 0, 12, 0, 1, 0, 1, 2, 5, 0, 1, 1, 2, 1, 2]","[0, 1, 0, 0, 27, 0, 0, 0, 0, 0, 0, 0, 0, 0, 0, 0, 1, 0, 0, 0, 2, 0, 0, 0, 0, 0, 3, 0, 0, 1, 0, 4, 0, 0, 0, 0, 2, 3, 3, 0, 0, 0, 1, 0, 0, 0, 0, 0, 0, 0, 0, 0]",False,False,False,False
fastly.net,captura_0000043_H123.csv,2,10,111,45,"[1, 0, 1, 0, 0, 0, 0, 0, 3, 0, 0, 0, 1, 0, 0, 0, 0, 0, 0, 1, 0, 0, 0, 0, 0, 0, 0, 1, 0, 0, 0, 0, 0, 0, 0, 0, 0, 0, 0, 0, 1, 0, 0, 0, 0, 1, 0, 0, 0, 0, 0, 0]","[0, 0, 0, 6, 0, 4, 1, 3, 0, 4, 1, 1, 0, 6, 1, 13, 0, 1, 23, 0, 0, 2, 3, 1, 1, 1, 0, 0, 6, 1, 1, 1, 0, 1, 0, 1, 0, 12, 0, 1, 0, 0, 1, 5, 2, 0, 1, 1, 2, 1, 2, 0]","[0, 1, 0, 0, 27, 0, 0, 0, 0, 0, 0, 0, 0, 0, 0, 0, 1, 0, 0, 0, 2, 0, 0, 0, 0, 0, 3, 0, 0, 0, 0, 0, 1, 0, 4, 0, 2, 0, 2, 0, 0, 1, 0, 0, 0, 0, 0, 0, 0, 0, 0, 1]",False,False,False,False
fastly.net,captura_0000043_H123.csv,3,10,110,48,"[1, 0, 1, 0, 0, 0, 0, 0, 3, 0, 0, 0, 0, 1, 0, 0, 0, 0, 1, 0, 0, 0, 0, 0, 0, 0, 0, 1, 0, 0, 0, 0, 0, 0, 0, 0, 0, 0, 0, 0, 0, 1, 0, 0, 0, 0, 1, 0, 0, 0, 0, 0]","[0, 0, 0, 6, 0, 4, 1, 3, 0, 4, 1, 1, 6, 0, 1, 14, 1, 0, 0, 22, 0, 2, 3, 1, 1, 1, 0, 0, 1, 1, 1, 0, 0, 1, 1, 5, 0, 0, 0, 12, 1, 0, 1, 0, 5, 2, 0, 1, 1, 2, 1, 2]","[0, 1, 0, 0, 27, 0, 0, 0, 0, 0, 0, 0, 0, 0, 0, 0, 0, 1, 0, 0, 2, 0, 0, 0, 0, 0, 3, 0, 0, 0, 0, 1, 4, 0, 0, 0, 2, 3, 3, 0, 0, 0, 0, 1, 0, 0, 0, 0, 0, 0, 0, 0]",False,False,False,False
fastly.net,captura_0000043_H123.csv,4,10,110,47,"[1, 0, 1, 0, 0, 0, 0, 0, 3, 0, 0, 0, 1, 0, 0, 0, 0, 0, 1, 0, 0, 0, 0, 0, 0, 0, 0, 1, 0, 0, 0, 0, 0, 0, 0, 0, 0, 0, 0, 0, 1, 0, 0, 0, 0, 0, 1, 0, 0, 0, 0, 0]","[0, 0, 0, 5, 0, 4, 3, 1, 0, 4, 1, 1, 0, 6, 1, 14, 0, 1, 0, 22, 0, 2, 3, 1, 1, 1, 0, 0, 1, 1, 1, 0, 1, 0, 1, 6, 0, 0, 0, 12, 0, 1, 0, 1, 5, 2, 0, 1, 1, 2, 1, 2]","[0, 1, 0, 0, 27, 0, 0, 0, 0, 0, 0, 0, 0, 0, 0, 0, 1, 0, 0, 0, 2, 0, 0, 0, 0, 0, 3, 0, 0, 0, 0, 1, 0, 4, 0, 0, 2, 3, 2, 0, 0, 0, 1, 0, 0, 0, 0, 0, 0, 0, 0, 0]",False,False,False,False
fastly.net,captura_0000043_H123.csv,5,10,110,48,"[1, 0, 1, 0, 0, 0, 0, 0, 3, 0, 0, 0, 1, 0, 0, 0, 0, 0, 1, 0, 0, 0, 0, 0, 0, 0, 0, 0, 1, 0, 0, 0, 0, 0, 0, 0, 0, 0, 0, 0, 0, 1, 0, 0, 0, 0, 1, 0, 0, 0, 0, 0]","[0, 0, 0, 5, 0, 1, 4, 3, 0, 4, 1, 1, 0, 6, 1, 13, 0, 1, 0, 23, 0, 6, 2, 3, 1, 1, 1, 0, 0, 0, 1, 1, 1, 0, 0, 1, 1, 0, 0, 12, 1, 0, 0, 1, 2, 5, 0, 1, 1, 2, 1, 2]","[0, 1, 0, 0, 28, 0, 0, 0, 0, 0, 0, 0, 0, 0, 0, 0, 1, 0, 0, 0, 2, 0, 0, 0, 0, 0, 0, 3, 0, 3, 0, 0, 0, 1, 4, 0, 0, 2, 2, 0, 0, 0, 1, 0, 0, 0, 0, 0, 0, 0, 0, 0]",False,False,False,False
fastly.net,captura_0000043_H123.csv,7,10,112,45,"[1, 0, 1, 0, 0, 0, 0, 0, 3, 0, 0, 0, 0, 1, 0, 0, 0, 0, 1, 0, 0, 0, 0, 0, 0, 0, 0, 1, 0, 0, 0, 0, 0, 0, 0, 0, 0, 0, 0, 0, 0, 0, 0, 1, 0, 0, 0, 1, 0, 0, 0, 0]","[0, 0, 0, 6, 0, 1, 3, 4, 0, 4, 1, 1, 6, 0, 1, 13, 0, 1, 0, 23, 1, 0, 2, 3, 1, 1, 0, 0, 1, 1, 1, 1, 0, 6, 1, 0, 1, 0, 1, 0, 12, 1, 1, 0, 0, 5, 2, 0, 1, 2, 1, 2]","[0, 1, 0, 0, 28, 0, 0, 0, 0, 0, 0, 0, 0, 0, 0, 0, 1, 0, 0, 0, 0, 2, 0, 0, 0, 0, 3, 0, 0, 0, 0, 0, 2, 0, 0, 1, 0, 4, 0, 2, 0, 0, 0, 0, 1, 0, 0, 0, 0, 0, 0, 0]",False,False,False,False
fastly.net,captura_0000043_H123.csv,8,10,112,45,"[1, 0, 1, 0, 0, 0, 0, 0, 3, 0, 0, 0, 0, 1, 0, 0, 0, 0, 1, 0, 0, 0, 0, 0, 0, 0, 0, 1, 0, 0, 0, 0, 0, 0, 0, 0, 0, 0, 0, 0, 0, 0, 1, 0, 0, 0, 0, 1, 0, 0, 0, 0]","[0, 0, 0, 6, 0, 4, 1, 3, 0, 4, 1, 1, 6, 0, 1, 13, 0, 1, 0, 23, 0, 2, 3, 1, 1, 1, 0, 0, 1, 1, 1, 0, 0, 1, 1, 0, 5, 1, 0, 12, 0, 1, 0, 2, 2, 5, 1, 0, 1, 2, 1, 2]","[0, 1, 0, 0, 28, 0, 0, 0, 0, 0, 0, 0, 0, 0, 0, 0, 1, 0, 0, 0, 2, 0, 0, 0, 0, 0, 3, 0, 0, 0, 0, 1, 4, 0, 0, 2, 0, 0, 2, 0, 1, 0, 0, 0, 0, 0, 0, 0, 0, 0, 0, 0]",False,False,False,False
fastly.net,captura_0000043_H123.csv,9,10,109,45,"[1, 0, 1, 0, 0, 0, 0, 0, 3, 0, 0, 0, 0, 0, 0, 1, 0, 0, 0, 1, 0, 0, 0, 0, 0, 0, 0, 1, 0, 0, 0, 0, 0, 0, 0, 0, 0, 0, 0, 0, 0, 0, 1, 0, 0, 0, 0, 1, 0, 0, 0, 0]","[0, 0, 0, 5, 0, 3, 4, 1, 0, 4, 1, 1, 6, 1, 13, 0, 0, 22, 1, 0, 0, 2, 1, 3, 1, 1, 0, 0, 1, 1, 1, 0, 1, 0, 6, 0, 1, 1, 0, 0, 12, 1, 0, 0, 5, 2, 1, 0, 1, 2, 1, 2]","[0, 1, 0, 0, 27, 0, 0, 0, 0, 0, 0, 0, 0, 0, 0, 0, 1, 0, 0, 0, 2, 0, 0, 0, 0, 0, 3, 0, 0, 0, 0, 2, 0, 1, 0, 4, 0, 0, 1, 2, 0, 0, 0, 1, 0, 0, 0, 0, 0, 0, 0, 0]",False,False,False,False
fastly.net,captura_0000043_H123.csv,10,10,111,47,"[1, 0, 1, 0, 0, 0, 0, 0, 3, 0, 0, 0, 0, 1, 0, 0, 0, 0, 1, 0, 0, 0, 0, 0, 0, 0, 0, 0, 1, 0, 0, 0, 0, 0, 0, 0, 0, 0, 0, 0, 1, 0, 0, 0, 0, 0, 1, 0, 0, 0, 0, 0, 0]","[0, 0, 0, 6, 0, 1, 4, 3, 0, 4, 1, 1, 6, 0, 1, 13, 0, 1, 0, 23, 0, 1, 2, 3, 1, 1, 1, 0, 0, 1, 1, 1, 0, 0, 1, 1, 0, 0, 12, 1, 0, 1, 0, 5, 2, 5, 0, 0, 1, 1, 2, 1, 2]","[0, 1, 0, 0, 28, 0, 0, 0, 0, 0, 0, 0, 0, 0, 0, 0, 1, 0, 0, 0, 2, 0, 0, 0, 0, 0, 0, 3, 0, 0, 0, 0, 1, 4, 0, 0, 2, 2, 0, 0, 0, 0, 1, 0, 0, 0, 0, 2, 0, 0, 0, 0, 0]",False,False,False,False
fastly.net,captura_0000043_H123.csv,11,10,109,46,"[1, 0, 1, 0, 0, 0, 0, 0, 3, 0, 0, 0, 0, 1, 0, 0, 0, 0, 1, 0, 0, 0, 0, 0, 0, 0, 0, 1, 0, 0, 0, 0, 0, 0, 0, 0, 0, 0, 0, 1, 0, 0, 0, 0, 0, 1, 0, 0, 0, 0, 0, 0]","[0, 0, 0, 5, 0, 4, 1, 3, 0, 4, 1, 1, 6, 0, 1, 13, 1, 0, 0, 23, 0, 2, 3, 1, 1, 1, 0, 0, 1, 1, 1, 0, 1, 0, 1, 0, 12, 0, 1, 0, 1, 0, 5, 2, 5, 0, 0, 1, 1, 2, 1, 2]","[0, 1, 0, 0, 27, 0, 0, 0, 0, 0, 0, 0, 0, 0, 0, 0, 0, 1, 0, 0, 2, 0, 0, 0, 0, 0, 3, 0, 0, 0, 0, 1, 0, 4, 0, 2, 0, 2, 0, 0, 0, 1, 0, 0, 0, 0, 2, 0, 0, 0, 0, 0]",False,False,False,False
fastly.net,captura_0000043_H123.csv,12,10,108,46,"[1, 0, 1, 0, 0, 0, 0, 0, 3, 0, 0, 0, 1, 0, 0, 0, 0, 0, 1, 0, 0, 0, 0, 0, 0, 0, 0, 1, 0, 0, 0, 0, 0, 0, 0, 0, 0, 0, 0, 0, 0, 0, 1, 0, 0, 0, 1, 0, 0, 0, 0, 0]","[0, 0, 0, 5, 0, 4, 1, 3, 0, 4, 1, 1, 0, 6, 1, 13, 0, 1, 0, 22, 0, 2, 3, 1, 1, 1, 0, 0, 0, 0, 1, 1, 1, 0, 5, 0, 12, 1, 1, 0, 1, 1, 0, 0, 5, 2, 0, 1, 1, 2, 1, 2]","[0, 1, 0, 0, 27, 0, 0, 0, 0, 0, 0, 0, 0, 0, 0, 0, 1, 0, 0, 0, 2, 0, 0, 0, 0, 0, 3, 0, 1, 4, 0, 0, 0, 2, 0, 3, 0, 0, 0, 1, 0, 0, 0, 1, 0, 0, 0, 0, 0, 0, 0, 0]",False,False,False,False
fastly.net,captura_0000043_H123.csv,14,10,109,46,"[1, 0, 1, 0, 0, 0, 0, 0, 3, 0, 0, 0, 1, 0, 0, 0, 0, 0, 1, 0, 0, 0, 0, 0, 0, 0, 0, 1, 0, 0, 0, 0, 0, 0, 0, 0, 0, 0, 0, 0, 0, 0, 0, 1, 0, 0, 0, 1, 0, 0, 0, 0]","[0, 0, 0, 5, 0, 3, 1, 3, 0, 4, 1, 1, 0, 5, 1, 14, 0, 1, 0, 23, 0, 2, 3, 1, 1, 1, 0, 0, 1, 1, 1, 0, 1, 1, 0, 0, 1, 6, 0, 12, 0, 1, 1, 0, 0, 5, 2, 0, 1, 2, 1, 2]","[0, 1, 0, 0, 27, 0, 0, 0, 0, 0, 0, 0, 0, 0, 0, 0, 1, 0, 0, 0, 2, 0, 0, 0, 0, 0, 3, 0, 0, 0, 0, 2, 0, 0, 4, 1, 0, 0, 2, 0, 2, 0, 0, 0, 1, 0, 0, 0, 0, 0, 0, 0]",False,False,False,False
fastly.net,captura_0000043_H123.csv,16,10,111,45,"[1, 0, 1, 0, 0, 0, 0, 0, 3, 0, 0, 0, 0, 1, 0, 0, 0, 0, 1, 0, 0, 0, 0, 0, 0, 0, 0, 1, 0, 0, 0, 0, 0, 0, 0, 0, 0, 0, 0, 0, 1, 0, 0, 0, 0, 0, 1, 0, 0, 0, 0, 0]","[0, 0, 0, 5, 0, 4, 1, 3, 0, 4, 1, 1, 6, 0, 1, 13, 0, 1, 0, 23, 0, 2, 3, 1, 1, 1, 0, 0, 0, 1, 0, 1, 0, 1, 12, 0, 1, 6, 1, 1, 0, 1, 1, 5, 0, 2, 0, 1, 1, 2, 1, 2]","[0, 1, 0, 0, 27, 0, 0, 0, 0, 0, 0, 0, 0, 0, 0, 0, 1, 0, 0, 0, 2, 0, 0, 0, 0, 0, 3, 0, 1, 0, 4, 0, 2, 0, 0, 3, 0, 0, 0, 0, 0, 0, 0, 0, 1, 0, 0, 0, 0, 0, 0, 0]",False,False,False,False
fastly.net,captura_0000043_H123.csv,17,10,111,46,"[1, 0, 1, 0, 0, 0, 0, 0, 3, 0, 0, 0, 0, 0, 0, 1, 0, 0, 0, 1, 0, 0, 0, 0, 0, 0, 1, 0, 0, 0, 0, 0, 0, 0, 0, 0, 0, 0, 0, 0, 0, 0, 1, 0, 0, 0, 0, 1, 0, 0, 0, 0]","[0, 0, 0, 6, 0, 1, 4, 3, 0, 4, 1, 1, 6, 1, 13, 0, 0, 23, 1, 0, 2, 1, 3, 1, 1, 0, 0, 0, 1, 1, 1, 0, 6, 1, 0, 1, 0, 0, 1, 0, 1, 12, 0, 1, 0, 2, 5, 0, 1, 2, 1, 2]","[0, 1, 0, 0, 27, 0, 0, 0, 0, 0, 0, 0, 0, 0, 0, 0, 1, 0, 0, 0, 0, 0, 0, 0, 0, 3, 0, 2, 0, 0, 0, 2, 0, 0, 2, 0, 1, 4, 0, 2, 0, 0, 0, 0, 1, 0, 0, 0, 0, 0, 0, 0]",False,False,False,False
fbcdn.net,captura_0000027_H123.csv,3,1,9,26,"[1, 0, 0, 0, 0, 0, 0, 0, 0]","[0, 0, 0, 0, 0, 0, 1, 6, 2]","[0, 1, 1, 14, 9, 1, 0, 0, 0]",False,False,False,False
fbcdn.net,captura_0000027_H123.csv,4,1,7,26,"[1, 0, 0, 0, 0, 0, 0, 0]","[0, 0, 0, 0, 0, 0, 1, 6]","[0, 1, 1, 14, 9, 1, 0, 0]",False,False,False,False
fbcdn.net,captura_0000027_H123.csv,5,1,9,26,"[1, 0, 0, 0, 0, 0, 0, 0, 0]","[0, 0, 0, 0, 0, 0, 1, 6, 2]","[0, 1, 1, 14, 9, 1, 0, 0, 0]",False,False,False,False
fbcdn.net,captura_0000027_H123.csv,7,1,9,26,"[1, 0, 0, 0, 0, 0, 0, 0, 0]","[0, 0, 0, 0, 0, 0, 1, 6, 2]","[0, 1, 1, 14, 9, 1, 0, 0, 0]",False,False,False,False
fbcdn.net,captura_0000027_H123.csv,8,1,9,26,"[1, 0, 0, 0, 0, 0, 0, 0, 0]","[0, 0, 0, 0, 0, 0, 1, 6, 2]","[0, 1, 1, 14, 9, 1, 0, 0, 0]",False,False,False,False
fbcdn.net,captura_0000027_H123.csv,9,1,9,26,"[1, 0, 0, 0, 0, 0, 0, 0, 0]","[0, 0, 0, 0, 0, 0, 1, 6, 2]","[0, 1, 1, 14, 9, 1, 0, 0, 0]",False,False,False,False
fbcdn.net,captura_0000027_H123.csv,10,1,7,26,"[1, 0, 0, 0, 0, 0, 0, 0]","[0, 0, 0, 0, 0, 0, 1, 6]","[0, 1, 1, 14, 9, 1, 0, 0]",False,False,False,False
fbcdn.net,captura_0000027_H123.csv,11,1,7,26,"[1, 0, 0, 0, 0, 0, 0, 0]","[0, 0, 0, 0, 0, 0, 1, 6]","[0, 1, 1, 14, 9, 1, 0, 0]",False,False,False,False
fbcdn.net,captura_0000027_H123.csv,12,1,7,26,"[1, 0, 0, 0, 0, 0, 0, 0]","[0, 0, 0, 0, 0, 0, 1, 6]","[0, 1, 1, 14, 9, 1, 0, 0]",False,False,False,False
fbcdn.net,captura_0000027_H123.csv,13,1,7,26,"[1, 0, 0, 0, 0, 0, 0, 0]","[0, 0, 0, 0, 0, 0, 1, 6]","[0, 1, 1, 14, 9, 1, 0, 0]",False,False,False,False
fbcdn.net,captura_0000027_H123.csv,17,1,7,26,"[1, 0, 0, 0, 0, 0, 0, 0]","[0, 0, 0, 0, 0, 0, 1, 6]","[0, 1, 1, 14, 9, 1, 0, 0]",False,False,False,False
fbcdn.net,captura_0000027_H123.csv,18,1,7,26,"[1, 0, 0, 0, 0, 0, 0, 0]","[0, 0, 0, 0, 0, 0, 1, 6]","[0, 1, 1, 14, 9, 1, 0, 0]",False,False,False,False
fbcdn.net,captura_0000027_H123.csv,19,1,7,26,"[1, 0, 0, 0, 0, 0, 0, 0]","[0, 0, 0, 0, 0, 0, 1, 6]","[0, 1, 1, 14, 9, 1, 0, 0]",False,False,False,False
fbcdn.net,captura_0000027_H123.csv,20,1,7,26,"[1, 0, 0, 0, 0, 0, 0, 0]","[0, 0, 0, 0, 0, 0, 1, 6]","[0, 1, 1, 14, 9, 1, 0, 0]",False,False,False,False
flickr.com,captura_0000111_H123.csv,1,1,56,192,"[1, 0, 0, 0, 0, 0, 0, 0, 0, 0, 0, 0, 0, 0, 0, 0, 0, 0, 0, 0, 0, 0]","[0, 0, 1, 1, 0, 4, 1, 11, 1, 0, 2, 0, 4, 0, 1, 4, 11, 2, 1, 8, 3, 1]","[0, 1, 0, 0, 12, 0, 0, 0, 0, 4, 0, 2, 0, 173, 0, 0, 0, 0, 0, 0, 0, 0]",False,False,False,False
flickr.com,captura_0000111_H123.csv,3,1,51,193,"[1, 0, 0, 0, 0, 0, 0, 0, 0, 0, 0, 0, 0, 0, 0, 0, 0, 0, 0, 0, 0, 0]","[0, 0, 1, 4, 0, 1, 1, 8, 0, 1, 2, 4, 1, 0, 5, 0, 2, 11, 1, 5, 3, 1]","[0, 1, 0, 0, 12, 0, 0, 0, 4, 0, 0, 0, 0, 2, 0, 174, 0, 0, 0, 0, 0, 0]",False,False,False,False
flickr.com,captura_0000111_H123.csv,4,1,53,193,"[1, 0, 0, 0, 0, 0, 0, 0, 0, 0, 0, 0, 0, 0, 0, 0, 0, 0, 0, 0, 0, 0]","[0, 0, 1, 4, 0, 1, 1, 9, 0, 1, 2, 4, 1, 0, 5, 0, 11, 2, 1, 3, 6, 1]","[0, 1, 0, 0, 12, 0, 0, 0, 4, 0, 0, 0, 0, 2, 0, 174, 0, 0, 0, 0, 0, 0]",False,False,False,False
flickr.com,captura_0000111_H123.csv,5,1,54,190,"[1, 0, 0, 0, 0, 0, 0, 0, 0, 0, 0, 0, 0, 0, 0, 0, 0, 0, 0, 0, 0, 0]","[0, 0, 1, 4, 0, 1, 1, 11, 1, 0, 2, 4, 1, 0, 4, 0, 11, 6, 2, 1, 3, 1]","[0, 1, 0, 0, 12, 0, 0, 0, 0, 4, 0, 0, 0, 2, 0, 171, 0, 0, 0, 0, 0, 0]",False,False,False,False
flickr.com,captura_0000111_H123.csv,6,1,54,190,"[1, 0, 0, 0, 0, 0, 0, 0, 0, 0, 0, 0, 0, 0, 0, 0, 0, 0, 0, 0, 0, 0]","[0, 0, 1, 0, 1, 1, 4, 12, 1, 0, 2, 4, 0, 4, 1, 0, 11, 2, 1, 3, 1, 5]","[0, 1, 0, 12, 0, 0, 0, 0, 0, 4, 0, 0, 2, 0, 0, 171, 0, 0, 0, 0, 0, 0]",False,False,False,False
flickr.com,captura_0000111_H123.csv,7,1,52,191,"[1, 0, 0, 0, 0, 0, 0, 0, 0, 0, 0, 0, 0, 0, 0, 0, 0, 0, 0, 0, 0, 0]","[0, 0, 1, 0, 1, 4, 1, 8, 1, 0, 2, 4, 1, 0, 4, 0, 11, 2, 1, 3, 1, 7]","[0, 1, 0, 12, 0, 0, 0, 0, 0, 4, 0, 0, 0, 2, 0, 172, 0, 0, 0, 0, 0, 0]",False,False,False,False
flickr.com,captura_0000111_H123.csv,8,1,53,191,"[1, 0, 0, 0, 0, 0, 0, 0, 0, 0, 0, 0, 0, 0, 0, 0, 0, 0, 0, 0, 0, 0]","[0, 0, 1, 4, 0, 1, 1, 9, 1, 0, 2, 4, 1, 0, 4, 0, 11, 1, 2, 7, 3, 1]","[0, 1, 0, 0, 12, 0, 0, 0, 0, 4, 0, 0, 0, 2, 0, 172, 0, 0, 0, 0, 0, 0]",False,False,False,False
flickr.com,captura_0000111_H123.csv,9,1,55,191,"[1, 0, 0, 0, 0, 0, 0, 0, 0, 0, 0, 0, 0, 0, 0, 0, 0, 0, 0, 0, 0, 0]","[0, 0, 1, 4, 0, 1, 1, 10, 1, 0, 2, 4, 1, 0, 4, 0, 11, 1, 2, 3, 1, 8]","[0, 1, 0, 0, 12, 0, 0, 0, 0, 4, 0, 0, 0, 2, 0, 172, 0, 0, 0, 0, 0, 0]",False,False,False,False
flickr.com,captura_0000111_H123.csv,10,1,52,194,"[1, 0, 0, 0, 0, 0, 0, 0, 0, 0, 0, 0, 0, 0, 0, 0, 0, 0, 0, 0, 0, 0]","[0, 0, 1, 4, 0, 1, 1, 10, 1, 0, 2, 4, 1, 4, 0, 0, 11, 2, 1, 3, 1, 5]","[0, 1, 0, 0, 12, 0, 0, 0, 0, 4, 0, 0, 0, 0, 2, 175, 0, 0, 0, 0, 0, 0]",False,False,False,False
flickr.com,captura_0000111_H123.csv,11,1,54,192,"[1, 0, 0, 0, 0, 0, 0, 0, 0, 0, 0, 0, 0, 0, 0, 0, 0, 0, 0, 0, 0, 0]","[0, 0, 1, 4, 0, 1, 1, 10, 1, 0, 2, 4, 1, 0, 4, 11, 0, 2, 1, 3, 1, 7]","[0, 1, 0, 0, 13, 0, 0, 0, 0, 4, 0, 0, 0, 2, 0, 0, 172, 0, 0, 0, 0, 0]",False,False,False,False
flickr.com,captura_0000111_H123.csv,12,1,57,191,"[1, 0, 0, 0, 0, 0, 0, 0, 0, 0, 0, 0, 0, 0, 0, 0, 0, 0, 0, 0, 0, 0]","[0, 0, 1, 0, 1, 4, 1, 12, 0, 1, 2, 4, 0, 1, 4, 0, 11, 2, 1, 3, 1, 8]","[0, 1, 0, 12, 0, 0, 0, 0, 4, 0, 0, 0, 2, 0, 0, 172, 0, 0, 0, 0, 0, 0]",False,False,False,False
flickr.com,captura_0000111_H123.csv,13,1,53,194,"[1, 0, 0, 0, 0, 0, 0, 0, 0, 0, 0, 0, 0, 0, 0, 0, 0, 0, 0, 0, 0, 0]","[0, 0, 1, 3, 0, 1, 1, 11, 1, 0, 2, 4, 1, 0, 4, 0, 11, 2, 1, 3, 1, 6]","[0, 1, 0, 0, 14, 0, 0, 0, 0, 4, 0, 0, 0, 2, 0, 173, 0, 0, 0, 0, 0, 0]",False,False,False,False
flickr.com,captura_0000111_H123.csv,15,1,51,194,"[1, 0, 0, 0, 0, 0, 0, 0, 0, 0, 0, 0, 0, 0, 0, 0, 0, 0, 0, 0, 0, 0]","[0, 0, 1, 4, 0, 1, 1, 8, 0, 1, 2, 0, 4, 1, 0, 4, 11, 2, 1, 6, 3, 1]","[0, 1, 0, 0, 13, 0, 0, 0, 4, 0, 0, 2, 0, 0, 174, 0, 0, 0, 0, 0, 0, 0]",False,False,False,False
flickr.com,captura_0000111_H123.csv,16,1,56,191,"[1, 0, 0, 0, 0, 0, 0, 0, 0, 0, 0, 0, 0, 0, 0, 0, 0, 0, 0, 0, 0, 0, 0]","[0, 0, 1, 0, 1, 1, 4, 11, 1, 0, 2, 4, 1, 0, 4, 0, 11, 2, 2, 5, 3, 1, 2]","[0, 1, 0, 13, 0, 0, 0, 0, 0, 4, 0, 0, 0, 2, 0, 171, 0, 0, 0, 0, 0, 0, 0]",False,False,False,False
flickr.com,captura_0000111_H123.csv,17,1,58,191,"[1, 0, 0, 0, 0, 0, 0, 0, 0, 0, 0, 0, 0, 0, 0, 0, 0, 0, 0, 0, 0, 0, 0]","[0, 0, 1, 4, 0, 1, 1, 11, 1, 0, 2, 4, 1, 0, 5, 11, 0, 7, 2, 1, 3, 1, 2]","[0, 1, 0, 0, 12, 0, 0, 0, 0, 4, 0, 0, 0, 2, 0, 0, 172, 0, 0, 0, 0, 0, 0]",False,False,False,False
flickr.com,captura_0000111_H123.csv,18,1,52,191,"[1, 0, 0, 0, 0, 0, 0, 0, 0, 0, 0, 0, 0, 0, 0, 0, 0, 0, 0, 0, 0, 0]","[0, 0, 1, 0, 1, 4, 1, 9, 0, 1, 2, 4, 4, 0, 1, 11, 0, 1, 2, 3, 1, 6]","[0, 1, 0, 12, 0, 0, 0, 0, 4, 0, 0, 0, 0, 2, 0, 0, 172, 0, 0, 0, 0, 0]",False,False,False,False
flickr.com,captura_0000111_H123.csv,19,1,50,191,"[1, 0, 0, 0, 0, 0, 0, 0, 0, 0, 0, 0, 0, 0, 0, 0, 0, 0, 0, 0, 0, 0]","[0, 0, 1, 4, 0, 1, 1, 8, 0, 1, 2, 4, 1, 0, 4, 11, 0, 1, 2, 3, 1, 5]","[0, 1, 0, 0, 12, 0, 0, 0, 4, 0, 0, 0, 0, 2, 0, 0, 172, 0, 0, 0, 0, 0]",False,False,False,False
flickr.com,captura_0000111_H123.csv,20,1,50,190,"[1, 0, 0, 0, 0, 0, 0, 0, 0, 0, 0, 0, 0, 0, 0, 0, 0, 0, 0, 0, 0, 0]","[0, 0, 1, 4, 0, 1, 1, 8, 1, 0, 2, 0, 4, 1, 4, 0, 11, 1, 2, 3, 1, 5]","[0, 1, 0, 0, 12, 0, 0, 0, 0, 4, 0, 2, 0, 0, 0, 171, 0, 0, 0, 0, 0, 0]",False,False,False,False
forbes.com,captura_0000170_H123.csv,2,1,36,23,"[1, 0, 0, 0, 0, 0, 0, 0, 0, 0, 0, 0, 0, 0, 0, 0]","[0, 0, 1, 7, 2, 12, 2, 0, 0, 0, 2, 1, 1, 0, 6, 2]","[0, 1, 0, 0, 0, 0, 0, 5, 5, 4, 0, 0, 0, 8, 0, 0]",False,False,False,False
forbes.com,captura_0000170_H123.csv,3,1,29,23,"[1, 0, 0, 0, 0, 0, 0, 0, 0, 0, 0, 0, 0, 0, 0]","[0, 0, 1, 7, 2, 11, 2, 0, 0, 0, 2, 1, 1, 0, 2]","[0, 1, 0, 0, 0, 0, 0, 5, 5, 4, 0, 0, 0, 8, 0]",False,False,False,False
forbes.com,captura_0000170_H123.csv,4,1,33,25,"[1, 0, 0, 0, 0, 0, 0, 0, 0, 0, 0, 0, 0, 0, 0, 0]","[0, 0, 1, 5, 11, 2, 2, 0, 0, 0, 2, 1, 1, 0, 6, 2]","[0, 1, 0, 0, 0, 0, 0, 7, 5, 4, 0, 0, 0, 8, 0, 0]",False,False,False,False
forbes.com,captura_0000170_H123.csv,5,1,34,23,"[1, 0, 0, 0, 0, 0, 0, 0, 0, 0, 0, 0, 0, 0, 0]","[0, 0, 1, 7, 2, 2, 11, 0, 0, 0, 2, 1, 1, 0, 7]","[0, 1, 0, 0, 0, 0, 0, 5, 5, 4, 0, 0, 0, 8, 0]",False,False,False,False
forbes.com,captura_0000170_H123.csv,6,1,36,25,"[1, 0, 0, 0, 0, 0, 0, 0, 0, 0, 0, 0, 0, 0, 0, 0, 0]","[0, 0, 1, 7, 2, 11, 2, 1, 0, 0, 0, 2, 1, 1, 0, 6, 2]","[0, 1, 0, 0, 0, 0, 0, 0, 5, 5, 4, 0, 0, 0, 10, 0, 0]",False,False,False,False
forbes.com,captura_0000170_H123.csv,7,1,31,23,"[1, 0, 0, 0, 0, 0, 0, 0, 0, 0, 0, 0, 0, 0, 0, 0]","[0, 0, 1, 6, 2, 8, 2, 0, 0, 0, 2, 1, 1, 0, 6, 2]","[0, 1, 0, 0, 0, 0, 0, 5, 5, 4, 0, 0, 0, 8, 0, 0]",False,False,False,False
forbes.com,captura_0000170_H123.csv,8,1,35,23,"[1, 0, 0, 0, 0, 0, 0, 0, 0, 0, 0, 0, 0, 0, 0, 0]","[0, 0, 1, 7, 2, 11, 2, 0, 0, 0, 2, 1, 1, 0, 6, 2]","[0, 1, 0, 0, 0, 0, 0, 5, 5, 4, 0, 0, 0, 8, 0, 0]",False,False,False,False
forbes.com,captura_0000170_H123.csv,9,1,32,23,"[1, 0, 0, 0, 0, 0, 0, 0, 0, 0, 0, 0, 0, 0, 0]","[0, 0, 1, 6, 2, 2, 11, 0, 0, 0, 2, 1, 1, 0, 6]","[0, 1, 0, 0, 0, 0, 0, 5, 5, 4, 0, 0, 0, 8, 0]",False,False,False,False
forbes.com,captura_0000170_H123.csv,10,1,35,23,"[1, 0, 0, 0, 0, 0, 0, 0, 0, 0, 0, 0, 0, 0, 0, 0, 0]","[0, 0, 1, 7, 2, 10, 2, 1, 0, 0, 0, 2, 1, 1, 0, 6, 2]","[0, 1, 0, 0, 0, 0, 0, 0, 5, 5, 4, 0, 0, 0, 8, 0, 0]",False,False,False,False
forbes.com,captura_0000170_H123.csv,11,1,28,23,"[1, 0, 0, 0, 0, 0, 0, 0, 0, 0, 0, 0, 0, 0, 0]","[0, 0, 1, 7, 2, 10, 2, 0, 0, 0, 2, 1, 1, 0, 2]","[0, 1, 0, 0, 0, 0, 0, 5, 5, 4, 0, 0, 0, 8, 0]",False,False,False,False
forbes.com,captura_0000170_H123.csv,13,1,33,23,"[1, 0, 0, 0, 0, 0, 0, 0, 0, 0, 0, 0, 0, 0, 0, 0]","[0, 0, 1, 7, 2, 2, 10, 0, 0, 0, 2, 1, 1, 0, 5, 2]","[0, 1, 0, 0, 0, 0, 0, 5, 4, 5, 0, 0, 0, 8, 0, 0]",False,False,False,False
forbes.com,captura_0000170_H123.csv,14,1,30,23,"[1, 0, 0, 0, 0, 0, 0, 0, 0, 0, 0, 0, 0, 0, 0]","[0, 0, 1, 6, 2, 2, 13, 0, 0, 0, 2, 1, 1, 0, 2]","[0, 1, 0, 0, 0, 0, 0, 5, 5, 4, 0, 0, 0, 8, 0]",False,False,False,False
forbes.com,captura_0000170_H123.csv,15,1,33,24,"[1, 0, 0, 0, 0, 0, 0, 0, 0, 0, 0, 0, 0, 0, 0]","[0, 1, 0, 6, 2, 2, 12, 0, 0, 0, 2, 1, 1, 0, 6]","[0, 0, 1, 0, 0, 0, 0, 5, 5, 5, 0, 0, 0, 8, 0]",False,False,False,False
forbes.com,captura_0000170_H123.csv,16,1,28,23,"[1, 0, 0, 0, 0, 0, 0, 0, 0, 0, 0, 0, 0, 0]","[0, 0, 1, 7, 12, 2, 2, 0, 0, 0, 2, 1, 1, 0]","[0, 1, 0, 0, 0, 0, 0, 5, 5, 4, 0, 0, 0, 8]",False,False,False,False
forbes.com,captura_0000170_H123.csv,17,1,28,23,"[1, 0, 0, 0, 0, 0, 0, 0, 0, 0, 0, 0, 0, 0]","[0, 0, 1, 7, 2, 12, 2, 0, 0, 0, 2, 1, 1, 0]","[0, 1, 0, 0, 0, 0, 0, 5, 5, 4, 0, 0, 0, 8]",False,False,False,False
forbes.com,captura_0000170_H123.csv,19,1,33,23,"[1, 0, 0, 0, 0, 0, 0, 0, 0, 0, 0, 0, 0, 0, 0, 0]","[0, 0, 1, 6, 2, 10, 0, 0, 0, 2, 1, 1, 2, 0, 6, 2]","[0, 1, 0, 0, 0, 0, 5, 4, 5, 0, 0, 0, 0, 8, 0, 0]",False,False,False,False
forms.gle,captura_0000159_H123.csv,1,1,8,1,"[1, 0, 0, 0]","[0, 0, 2, 6]","[0, 1, 0, 0]",False,False,False,False
forms.gle,captura_0000159_H123.csv,2,1,8,1,"[1, 0, 0, 0]","[0, 0, 2, 6]","[0, 1, 0, 0]",False,False,False,False
forms.gle,captura_0000159_H123.csv,3,1,8,1,"[1, 0, 0, 0]","[0, 0, 2, 6]","[0, 1, 0, 0]",False,False,False,False
forms.gle,captura_0000159_H123.csv,5,1,8,1,"[1, 0, 0, 0]","[0, 0, 2, 6]","[0, 1, 0, 0]",False,False,False,False
forms.gle,captura_0000159_H123.csv,6,1,8,1,"[1, 0, 0, 0]","[0, 0, 2, 6]","[0, 1, 0, 0]",False,False,False,False
forms.gle,captura_0000159_H123.csv,7,1,8,1,"[1, 0, 0, 0]","[0, 0, 2, 6]","[0, 1, 0, 0]",False,False,False,False
forms.gle,captura_0000159_H123.csv,8,1,8,1,"[1, 0, 0, 0]","[0, 0, 2, 6]","[0, 1, 0, 0]",False,False,False,False
forms.gle,captura_0000159_H123.csv,10,1,8,1,"[1, 0, 0, 0]","[0, 0, 2, 6]","[0, 1, 0, 0]",False,False,False,False
forms.gle,captura_0000159_H123.csv,11,1,8,1,"[1, 0, 0, 0]","[0, 0, 2, 6]","[0, 1, 0, 0]",False,False,False,False
forms.gle,captura_0000159_H123.csv,12,1,8,1,"[1, 0, 0, 0]","[0, 0, 2, 6]","[0, 1, 0, 0]",False,False,False,False
forms.gle,captura_0000159_H123.csv,13,1,8,1,"[1, 0, 0, 0]","[0, 0, 2, 6]","[0, 1, 0, 0]",False,False,False,False
forms.gle,captura_0000159_H123.csv,14,1,8,1,"[1, 0, 0, 0]","[0, 0, 2, 6]","[0, 1, 0, 0]",False,False,False,False
forms.gle,captura_0000159_H123.csv,15,1,8,1,"[1, 0, 0, 0]","[0, 0, 2, 6]","[0, 1, 0, 0]",False,False,False,False
forms.gle,captura_0000159_H123.csv,16,1,8,1,"[1, 0, 0, 0]","[0, 0, 2, 6]","[0, 1, 0, 0]",False,False,False,False
forms.gle,captura_0000159_H123.csv,17,1,8,1,"[1, 0, 0, 0]","[0, 2, 0, 6]","[0, 0, 1, 0]",False,False,False,False
forms.gle,captura_0000159_H123.csv,18,1,8,1,"[1, 0, 0, 0]","[0, 0, 2, 6]","[0, 1, 0, 0]",False,False,False,False
forms.gle,captura_0000159_H123.csv,19,1,8,1,"[1, 0, 0, 0]","[0, 0, 2, 6]","[0, 1, 0, 0]",False,False,False,False
forms.gle,captura_0000159_H123.csv,20,1,8,1,"[1, 0, 0, 0]","[0, 0, 2, 6]","[0, 1, 0, 0]",False,False,False,False
gandi.net,captura_0000091_H123.csv,1,3,28,1,"[1, 0, 1, 0, 0, 0, 1, 0, 0, 0, 0]","[0, 0, 0, 13, 1, 1, 0, 2, 4, 1, 6]","[0, 1, 0, 0, 0, 0, 0, 0, 0, 0, 0]",False,False,False,False
gandi.net,captura_0000091_H123.csv,2,3,28,1,"[1, 0, 1, 0, 0, 0, 1, 0, 0, 0, 0]","[0, 0, 0, 13, 1, 1, 0, 2, 1, 4, 6]","[0, 1, 0, 0, 0, 0, 0, 0, 0, 0, 0]",False,False,False,False
gandi.net,captura_0000091_H123.csv,4,3,28,1,"[1, 0, 1, 0, 0, 0, 1, 0, 0, 0, 0]","[0, 0, 0, 13, 1, 1, 0, 2, 1, 4, 6]","[0, 1, 0, 0, 0, 0, 0, 0, 0, 0, 0]",False,False,False,False
gandi.net,captura_0000091_H123.csv,5,3,28,1,"[1, 0, 1, 0, 0, 0, 1, 0, 0, 0, 0]","[0, 0, 0, 13, 1, 1, 0, 2, 4, 1, 6]","[0, 1, 0, 0, 0, 0, 0, 0, 0, 0, 0]",False,False,False,False
gandi.net,captura_0000091_H123.csv,6,3,28,1,"[1, 0, 1, 0, 0, 0, 1, 0, 0, 0, 0]","[0, 0, 0, 13, 1, 1, 0, 2, 1, 4, 6]","[0, 1, 0, 0, 0, 0, 0, 0, 0, 0, 0]",False,False,False,False
gandi.net,captura_0000091_H123.csv,8,3,28,1,"[1, 0, 1, 0, 0, 0, 1, 0, 0, 0, 0]","[0, 0, 0, 13, 1, 1, 0, 2, 4, 1, 6]","[0, 1, 0, 0, 0, 0, 0, 0, 0, 0, 0]",False,False,False,False
gandi.net,captura_0000091_H123.csv,9,3,28,1,"[1, 0, 1, 0, 0, 0, 1, 0, 0, 0, 0]","[0, 0, 0, 13, 1, 1, 0, 2, 4, 1, 6]","[0, 1, 0, 0, 0, 0, 0, 0, 0, 0, 0]",False,False,False,False
gandi.net,captura_0000091_H123.csv,10,3,28,1,"[1, 0, 1, 0, 0, 0, 1, 0, 0, 0, 0]","[0, 0, 0, 13, 1, 1, 0, 2, 4, 1, 6]","[0, 1, 0, 0, 0, 0, 0, 0, 0, 0, 0]",False,False,False,False
gandi.net,captura_0000091_H123.csv,11,3,28,1,"[1, 0, 1, 0, 0, 0, 1, 0, 0, 0, 0]","[0, 0, 0, 13, 1, 1, 0, 2, 1, 4, 6]","[0, 1, 0, 0, 0, 0, 0, 0, 0, 0, 0]",False,False,False,False
gandi.net,captura_0000091_H123.csv,12,3,28,1,"[1, 0, 1, 0, 0, 0, 1, 0, 0, 0, 0]","[0, 0, 0, 13, 1, 1, 0, 2, 1, 4, 6]","[0, 1, 0, 0, 0, 0, 0, 0, 0, 0, 0]",False,False,False,False
gandi.net,captura_0000091_H123.csv,13,3,28,1,"[1, 0, 1, 0, 0, 1, 0, 0, 0, 0, 0]","[0, 0, 0, 13, 1, 0, 1, 2, 4, 1, 6]","[0, 1, 0, 0, 0, 0, 0, 0, 0, 0, 0]",False,False,False,False
gandi.net,captura_0000091_H123.csv,14,3,28,1,"[1, 0, 1, 0, 0, 0, 1, 0, 0, 0, 0]","[0, 0, 0, 13, 1, 1, 0, 2, 1, 4, 6]","[0, 1, 0, 0, 0, 0, 0, 0, 0, 0, 0]",False,False,False,False
gandi.net,captura_0000091_H123.csv,15,3,28,1,"[1, 0, 1, 0, 0, 0, 1, 0, 0, 0, 0]","[0, 0, 0, 13, 1, 1, 0, 2, 1, 4, 6]","[0, 1, 0, 0, 0, 0, 0, 0, 0, 0, 0]",False,False,False,False
gandi.net,captura_0000091_H123.csv,16,3,28,1,"[1, 0, 1, 0, 0, 0, 1, 0, 0, 0, 0]","[0, 0, 0, 13, 1, 1, 0, 2, 1, 4, 6]","[0, 1, 0, 0, 0, 0, 0, 0, 0, 0, 0]",False,False,False,False
gandi.net,captura_0000091_H123.csv,17,3,28,1,"[1, 0, 1, 0, 0, 0, 1, 0, 0, 0, 0]","[0, 0, 0, 13, 1, 1, 0, 2, 4, 1, 6]","[0, 1, 0, 0, 0, 0, 0, 0, 0, 0, 0]",False,False,False,False
gandi.net,captura_0000091_H123.csv,18,3,28,1,"[1, 0, 1, 0, 0, 0, 1, 0, 0, 0, 0]","[0, 0, 0, 13, 1, 1, 0, 2, 4, 1, 6]","[0, 1, 0, 0, 0, 0, 0, 0, 0, 0, 0]",False,False,False,False
gandi.net,captura_0000091_H123.csv,20,3,28,1,"[1, 0, 1, 0, 0, 0, 1, 0, 0, 0, 0]","[0, 0, 0, 13, 1, 1, 0, 2, 1, 4, 6]","[0, 1, 0, 0, 0, 0, 0, 0, 0, 0, 0]",False,False,False,False
github.com,captura_0000036_H123.csv,1,1,95,1,"[1, 0, 0, 0, 0, 0, 0, 0, 0, 0]","[0, 0, 3, 66, 2, 10, 4, 2, 6, 2]","[0, 1, 0, 0, 0, 0, 0, 0, 0, 0]",False,False,False,False
github.com,captura_0000036_H123.csv,3,1,95,1,"[1, 0, 0, 0, 0, 0, 0, 0, 0, 0]","[0, 0, 3, 67, 2, 9, 4, 2, 6, 2]","[0, 1, 0, 0, 0, 0, 0, 0, 0, 0]",False,False,False,False
github.com,captura_0000036_H123.csv,4,1,92,1,"[1, 0, 0, 0, 0, 0, 0, 0, 0, 0]","[0, 0, 3, 61, 2, 12, 4, 2, 6, 2]","[0, 1, 0, 0, 0, 0, 0, 0, 0, 0]",False,False,False,False
github.com,captura_0000036_H123.csv,5,1,94,1,"[1, 0, 0, 0, 0, 0, 0, 0, 0, 0]","[0, 0, 3, 66, 2, 9, 4, 2, 6, 2]","[0, 1, 0, 0, 0, 0, 0, 0, 0, 0]",False,False,False,False
github.com,captura_0000036_H123.csv,6,1,97,1,"[1, 0, 0, 0, 0, 0, 0, 0, 0, 0]","[0, 0, 3, 69, 2, 9, 4, 2, 6, 2]","[0, 1, 0, 0, 0, 0, 0, 0, 0, 0]",False,False,False,False
github.com,captura_0000036_H123.csv,7,1,93,1,"[1, 0, 0, 0, 0, 0, 0, 0, 0, 0]","[0, 0, 3, 65, 2, 9, 4, 2, 6, 2]","[0, 1, 0, 0, 0, 0, 0, 0, 0, 0]",False,False,False,False
github.com,captura_0000036_H123.csv,8,1,94,1,"[1, 0, 0, 0, 0, 0, 0, 0, 0, 0]","[0, 0, 3, 66, 2, 9, 4, 2, 6, 2]","[0, 1, 0, 0, 0, 0, 0, 0, 0, 0]",False,False,False,False
github.com,captura_0000036_H123.csv,9,1,97,1,"[1, 0, 0, 0, 0, 0, 0, 0, 0, 0]","[0, 0, 3, 69, 2, 9, 4, 2, 6, 2]","[0, 1, 0, 0, 0, 0, 0, 0, 0, 0]",False,False,False,False
github.com,captura_0000036_H123.csv,10,1,98,1,"[1, 0, 0, 0, 0, 0, 0, 0, 0, 0]","[0, 0, 3, 64, 2, 13, 4, 8, 2, 2]","[0, 1, 0, 0, 0, 0, 0, 0, 0, 0]",False,False,False,False
github.com,captura_0000036_H123.csv,11,1,91,1,"[1, 0, 0, 0, 0, 0, 0, 0, 0, 0]","[0, 0, 3, 62, 2, 10, 4, 2, 6, 2]","[0, 1, 0, 0, 0, 0, 0, 0, 0, 0]",False,False,False,False
github.com,captura_0000036_H123.csv,12,1,92,1,"[1, 0, 0, 0, 0, 0, 0, 0, 0, 0]","[0, 0, 3, 64, 2, 9, 4, 6, 2, 2]","[0, 1, 0, 0, 0, 0, 0, 0, 0, 0]",False,False,False,False
github.com,captura_0000036_H123.csv,13,1,95,1,"[1, 0, 0, 0, 0, 0, 0, 0, 0, 0]","[0, 0, 3, 65, 2, 11, 4, 2, 6, 2]","[0, 1, 0, 0, 0, 0, 0, 0, 0, 0]",False,False,False,False
github.com,captura_0000036_H123.csv,14,1,96,1,"[1, 0, 0, 0, 0, 0, 0, 0, 0, 0]","[0, 0, 3, 68, 2, 9, 4, 2, 6, 2]","[0, 1, 0, 0, 0, 0, 0, 0, 0, 0]",False,False,False,False
github.com,captura_0000036_H123.csv,15,1,92,1,"[1, 0, 0, 0, 0, 0, 0, 0, 0, 0]","[0, 0, 3, 63, 2, 10, 4, 6, 2, 2]","[0, 1, 0, 0, 0, 0, 0, 0, 0, 0]",False,False,False,False
github.com,captura_0000036_H123.csv,16,1,95,1,"[1, 0, 0, 0, 0, 0, 0, 0, 0, 0]","[0, 0, 3, 67, 2, 10, 4, 5, 2, 2]","[0, 1, 0, 0, 0, 0, 0, 0, 0, 0]",False,False,False,False
github.com,captura_0000036_H123.csv,18,1,88,1,"[1, 0, 0, 0, 0, 0, 0, 0, 0, 0]","[0, 0, 3, 61, 9, 2, 4, 5, 2, 2]","[0, 1, 0, 0, 0, 0, 0, 0, 0, 0]",False,False,False,False
github.com,captura_0000036_H123.csv,19,1,96,1,"[1, 0, 0, 0, 0, 0, 0, 0, 0, 0]","[0, 3, 0, 65, 3, 11, 4, 2, 6, 2]","[0, 0, 1, 0, 0, 0, 0, 0, 0, 0]",False,False,False,False
github.com,captura_0000036_H123.csv,20,1,94,1,"[1, 0, 0, 0, 0, 0, 0, 0, 0, 0]","[0, 0, 3, 65, 2, 10, 4, 2, 6, 2]","[0, 1, 0, 0, 0, 0, 0, 0, 0, 0]",False,False,False,False
github.io,captura_0000132_H123.csv,1,1,55,1,"[1, 0, 0, 0, 0, 0, 0, 0, 0, 0]","[0, 0, 1, 15, 26, 1, 2, 2, 6, 2]","[0, 1, 0, 0, 0, 0, 0, 0, 0, 0]",False,False,False,False
github.io,captura_0000132_H123.csv,2,1,57,1,"[1, 0, 0, 0, 0, 0, 0, 0, 0, 0]","[0, 0, 1, 19, 24, 1, 2, 2, 6, 2]","[0, 1, 0, 0, 0, 0, 0, 0, 0, 0]",False,False,False,False
github.io,captura_0000132_H123.csv,3,1,57,1,"[1, 0, 0, 0, 0, 0, 0, 0, 0, 0]","[0, 0, 1, 18, 25, 1, 2, 2, 6, 2]","[0, 1, 0, 0, 0, 0, 0, 0, 0, 0]",False,False,False,False
github.io,captura_0000132_H123.csv,4,1,55,1,"[1, 0, 0, 0, 0, 0, 0, 0, 0, 0]","[0, 0, 1, 14, 27, 1, 2, 2, 6, 2]","[0, 1, 0, 0, 0, 0, 0, 0, 0, 0]",False,False,False,False
github.io,captura_0000132_H123.csv,5,1,54,1,"[1, 0, 0, 0, 0, 0, 0, 0, 0, 0]","[0, 0, 1, 13, 27, 1, 2, 2, 6, 2]","[0, 1, 0, 0, 0, 0, 0, 0, 0, 0]",False,False,False,False
github.io,captura_0000132_H123.csv,6,1,58,1,"[1, 0, 0, 0, 0, 0, 0, 0, 0, 0]","[0, 0, 1, 17, 27, 1, 2, 2, 6, 2]","[0, 1, 0, 0, 0, 0, 0, 0, 0, 0]",False,False,False,False
github.io,captura_0000132_H123.csv,7,1,60,1,"[1, 0, 0, 0, 0, 0, 0, 0, 0, 0]","[0, 0, 1, 19, 27, 1, 2, 2, 6, 2]","[0, 1, 0, 0, 0, 0, 0, 0, 0, 0]",False,False,False,False
github.io,captura_0000132_H123.csv,8,1,58,1,"[1, 0, 0, 0, 0, 0, 0, 0, 0, 0]","[0, 0, 1, 17, 27, 2, 1, 2, 6, 2]","[0, 1, 0, 0, 0, 0, 0, 0, 0, 0]",False,False,False,False
github.io,captura_0000132_H123.csv,9,1,55,1,"[1, 0, 0, 0, 0, 0, 0, 0, 0, 0]","[0, 0, 1, 17, 24, 1, 2, 2, 6, 2]","[0, 1, 0, 0, 0, 0, 0, 0, 0, 0]",False,False,False,False
github.io,captura_0000132_H123.csv,10,1,53,1,"[1, 0, 0, 0, 0, 0, 0, 0, 0, 0]","[0, 0, 1, 14, 25, 1, 2, 2, 6, 2]","[0, 1, 0, 0, 0, 0, 0, 0, 0, 0]",False,False,False,False
github.io,captura_0000132_H123.csv,11,1,54,1,"[1, 0, 0, 0, 0, 0, 0, 0, 0, 0]","[0, 0, 1, 16, 24, 1, 2, 2, 6, 2]","[0, 1, 0, 0, 0, 0, 0, 0, 0, 0]",False,False,False,False
github.io,captura_0000132_H123.csv,12,1,55,1,"[1, 0, 0, 0, 0, 0, 0, 0, 0, 0]","[0, 0, 1, 14, 27, 1, 2, 2, 6, 2]","[0, 1, 0, 0, 0, 0, 0, 0, 0, 0]",False,False,False,False
github.io,captura_0000132_H123.csv,13,1,56,1,"[1, 0, 0, 0, 0, 0, 0, 0, 0, 0]","[0, 0, 1, 17, 25, 1, 2, 2, 6, 2]","[0, 1, 0, 0, 0, 0, 0, 0, 0, 0]",False,False,False,False
github.io,captura_0000132_H123.csv,14,1,57,1,"[1, 0, 0, 0, 0, 0, 0, 0, 0, 0]","[0, 0, 1, 19, 24, 1, 2, 2, 6, 2]","[0, 1, 0, 0, 0, 0, 0, 0, 0, 0]",False,False,False,False
github.io,captura_0000132_H123.csv,15,1,55,1,"[1, 0, 0, 0, 0, 0, 0, 0, 0]","[0, 0, 1, 18, 25, 1, 2, 2, 6]","[0, 1, 0, 0, 0, 0, 0, 0, 0]",False,False,False,False
github.io,captura_0000132_H123.csv,16,1,53,1,"[1, 0, 0, 0, 0, 0, 0, 0, 0, 0]","[0, 0, 1, 16, 23, 1, 2, 2, 6, 2]","[0, 1, 0, 0, 0, 0, 0, 0, 0, 0]",False,False,False,False
github.io,captura_0000132_H123.csv,17,1,57,1,"[1, 0, 0, 0, 0, 0, 0, 0, 0, 0]","[0, 0, 1, 18, 25, 1, 2, 2, 6, 2]","[0, 1, 0, 0, 0, 0, 0, 0, 0, 0]",False,False,False,False
github.io,captura_0000132_H123.csv,18,1,59,1,"[1, 0, 0, 0, 0, 0, 0, 0, 0, 0]","[0, 0, 1, 18, 27, 1, 2, 2, 6, 2]","[0, 1, 0, 0, 0, 0, 0, 0, 0, 0]",False,False,False,False
github.io,captura_0000132_H123.csv,19,1,57,1,"[1, 0, 0, 0, 0, 0, 0, 0, 0, 0]","[0, 0, 1, 18, 25, 1, 2, 2, 6, 2]","[0, 1, 0, 0, 0, 0, 0, 0, 0, 0]",False,False,False,False
gmail.com,captura_0000199_H123.csv,1,1,11,2,"[1, 0, 0, 0, 0, 0, 0]","[0, 0, 1, 1, 1, 2, 6]","[0, 2, 0, 0, 0, 0, 0]",False,False,False,False
gmail.com,captura_0000199_H123.csv,2,1,11,2,"[1, 0, 0, 0, 0, 0, 0]","[0, 0, 1, 1, 1, 2, 6]","[0, 2, 0, 0, 0, 0, 0]",False,False,False,False
gmail.com,captura_0000199_H123.csv,4,1,11,2,"[1, 0, 0, 0, 0, 0, 0]","[0, 0, 1, 1, 1, 2, 6]","[0, 2, 0, 0, 0, 0, 0]",False,False,False,False
gmail.com,captura_0000199_H123.csv,5,1,11,2,"[1, 0, 0, 0, 0, 0, 0]","[0, 0, 1, 1, 1, 2, 6]","[0, 2, 0, 0, 0, 0, 0]",False,False,False,False
gmail.com,captura_0000199_H123.csv,6,1,11,2,"[1, 0, 0, 0, 0, 0, 0]","[0, 0, 1, 1, 1, 2, 6]","[0, 2, 0, 0, 0, 0, 0]",False,False,False,False
gmail.com,captura_0000199_H123.csv,7,1,11,2,"[1, 0, 0, 0, 0, 0, 0]","[0, 0, 1, 1, 1, 2, 6]","[0, 2, 0, 0, 0, 0, 0]",False,False,False,False
gmail.com,captura_0000199_H123.csv,8,1,11,2,"[1, 0, 0, 0, 0, 0, 0]","[0, 0, 1, 1, 1, 2, 6]","[0, 2, 0, 0, 0, 0, 0]",False,False,False,False
gmail.com,captura_0000199_H123.csv,11,1,11,2,"[1, 0, 0, 0, 0, 0, 0]","[0, 0, 1, 1, 1, 2, 6]","[0, 2, 0, 0, 0, 0, 0]",False,False,False,False
gmail.com,captura_0000199_H123.csv,12,1,11,2,"[1, 0, 0, 0, 0, 0, 0]","[0, 0, 1, 1, 1, 2, 6]","[0, 2, 0, 0, 0, 0, 0]",False,False,False,False
gmail.com,captura_0000199_H123.csv,13,1,11,2,"[1, 0, 0, 0, 0, 0, 0]","[0, 0, 1, 1, 1, 2, 6]","[0, 2, 0, 0, 0, 0, 0]",False,False,False,False
gmail.com,captura_0000199_H123.csv,15,1,11,2,"[1, 0, 0, 0, 0, 0, 0]","[0, 0, 1, 1, 1, 2, 6]","[0, 2, 0, 0, 0, 0, 0]",False,False,False,False
gmail.com,captura_0000199_H123.csv,16,1,11,2,"[1, 0, 0, 0, 0, 0, 0]","[0, 0, 1, 1, 1, 2, 6]","[0, 2, 0, 0, 0, 0, 0]",False,False,False,False
gmail.com,captura_0000199_H123.csv,17,1,11,2,"[1, 0, 0, 0, 0, 0, 0]","[0, 0, 1, 1, 1, 2, 6]","[0, 2, 0, 0, 0, 0, 0]",False,False,False,False
gmail.com,captura_0000199_H123.csv,18,1,11,2,"[1, 0, 0, 0, 0, 0, 0]","[0, 0, 1, 1, 1, 2, 6]","[0, 2, 0, 0, 0, 0, 0]",False,False,False,False
gmail.com,captura_0000199_H123.csv,19,1,11,2,"[1, 0, 0, 0, 0, 0, 0]","[0, 0, 1, 1, 1, 2, 6]","[0, 2, 0, 0, 0, 0, 0]",False,False,False,False
goo.gl,captura_0000060_H123.csv,1,1,9,1,"[1, 0, 0, 0, 0]","[0, 0, 2, 1, 6]","[0, 1, 0, 0, 0]",False,False,False,False
goo.gl,captura_0000060_H123.csv,2,1,9,1,"[1, 0, 0, 0, 0]","[0, 0, 2, 1, 6]","[0, 1, 0, 0, 0]",False,False,False,False
goo.gl,captura_0000060_H123.csv,3,1,9,1,"[1, 0, 0, 0, 0]","[0, 0, 2, 1, 6]","[0, 1, 0, 0, 0]",False,False,False,False
goo.gl,captura_0000060_H123.csv,4,1,9,1,"[1, 0, 0, 0, 0]","[0, 0, 2, 1, 6]","[0, 1, 0, 0, 0]",False,False,False,False
goo.gl,captura_0000060_H123.csv,5,1,9,1,"[1, 0, 0, 0, 0]","[0, 0, 2, 1, 6]","[0, 1, 0, 0, 0]",False,False,False,False
goo.gl,captura_0000060_H123.csv,6,1,9,1,"[1, 0, 0, 0, 0]","[0, 0, 2, 1, 6]","[0, 1, 0, 0, 0]",False,False,False,False
goo.gl,captura_0000060_H123.csv,7,1,9,1,"[1, 0, 0, 0, 0]","[0, 0, 2, 1, 6]","[0, 1, 0, 0, 0]",False,False,False,False
goo.gl,captura_0000060_H123.csv,9,1,9,1,"[1, 0, 0, 0, 0]","[0, 0, 2, 1, 6]","[0, 1, 0, 0, 0]",False,False,False,False
goo.gl,captura_0000060_H123.csv,10,1,9,1,"[1, 0, 0, 0, 0]","[0, 0, 2, 1, 6]","[0, 1, 0, 0, 0]",False,False,False,False
goo.gl,captura_0000060_H123.csv,11,1,9,1,"[1, 0, 0, 0, 0]","[0, 0, 2, 1, 6]","[0, 1, 0, 0, 0]",False,False,False,False
goo.gl,captura_0000060_H123.csv,12,1,9,1,"[1, 0, 0, 0, 0]","[0, 0, 2, 1, 6]","[0, 1, 0, 0, 0]",False,False,False,False
goo.gl,captura_0000060_H123.csv,13,1,9,1,"[1, 0, 0, 0, 0]","[0, 0, 2, 1, 6]","[0, 1, 0, 0, 0]",False,False,False,False
goo.gl,captura_0000060_H123.csv,15,1,9,1,"[1, 0, 0, 0, 0]","[0, 0, 2, 1, 6]","[0, 1, 0, 0, 0]",False,False,False,False
goo.gl,captura_0000060_H123.csv,16,1,9,1,"[1, 0, 0, 0, 0]","[0, 0, 2, 1, 6]","[0, 1, 0, 0, 0]",False,False,False,False
goo.gl,captura_0000060_H123.csv,17,1,9,1,"[1, 0, 0, 0, 0]","[0, 0, 2, 1, 6]","[0, 1, 0, 0, 0]",False,False,False,False
goo.gl,captura_0000060_H123.csv,18,1,9,1,"[1, 0, 0, 0, 0]","[0, 0, 2, 1, 6]","[0, 1, 0, 0, 0]",False,False,False,False
goo.gl,captura_0000060_H123.csv,19,1,9,1,"[1, 0, 0, 0, 0]","[0, 0, 2, 1, 6]","[0, 1, 0, 0, 0]",False,False,False,False
goo.gl,captura_0000060_H123.csv,20,1,9,1,"[1, 0, 0, 0, 0]","[0, 0, 2, 1, 6]","[0, 1, 0, 0, 0]",False,False,False,False
google-analytics.com,captura_0000069_H123.csv,4,1,34,8,"[1, 0, 0, 0, 0, 0, 0, 0, 0, 0, 0, 0, 0, 0, 0]","[0, 0, 1, 3, 0, 1, 2, 9, 0, 0, 2, 7, 2, 1, 6]","[0, 2, 0, 0, 1, 0, 0, 0, 3, 2, 0, 0, 0, 0, 0]",False,False,False,False
google-analytics.com,captura_0000069_H123.csv,6,1,34,8,"[1, 0, 0, 0, 0, 0, 0, 0, 0, 0, 0, 0, 0, 0, 0]","[0, 0, 1, 3, 0, 1, 2, 9, 0, 0, 2, 7, 2, 1, 6]","[0, 2, 0, 0, 1, 0, 0, 0, 3, 2, 0, 0, 0, 0, 0]",False,False,False,False
google-analytics.com,captura_0000069_H123.csv,12,1,34,8,"[1, 0, 0, 0, 0, 0, 0, 0, 0, 0, 0, 0, 0, 0, 0]","[0, 0, 1, 3, 0, 1, 2, 9, 0, 0, 2, 7, 2, 1, 6]","[0, 2, 0, 0, 1, 0, 0, 0, 3, 2, 0, 0, 0, 0, 0]",False,False,False,False
google-analytics.com,captura_0000069_H123.csv,13,1,34,8,"[1, 0, 0, 0, 0, 0, 0, 0, 0, 0, 0, 0, 0, 0, 0]","[0, 0, 1, 3, 0, 1, 2, 9, 0, 0, 2, 7, 2, 6, 1]","[0, 2, 0, 0, 1, 0, 0, 0, 3, 2, 0, 0, 0, 0, 0]",False,False,False,False
google-analytics.com,captura_0000069_H123.csv,15,1,34,8,"[1, 0, 0, 0, 0, 0, 0, 0, 0, 0, 0, 0, 0, 0, 0]","[0, 0, 1, 3, 0, 1, 2, 9, 0, 0, 2, 7, 2, 1, 6]","[0, 2, 0, 0, 1, 0, 0, 0, 3, 2, 0, 0, 0, 0, 0]",False,False,False,False
google-analytics.com,captura_0000069_H123.csv,17,1,34,8,"[1, 0, 0, 0, 0, 0, 0, 0, 0, 0, 0, 0, 0, 0, 0]","[0, 0, 1, 3, 0, 1, 2, 9, 0, 0, 2, 7, 2, 1, 6]","[0, 2, 0, 0, 1, 0, 0, 0, 3, 2, 0, 0, 0, 0, 0]",False,False,False,False
google-analytics.com,captura_0000069_H123.csv,19,1,34,8,"[1, 0, 0, 0, 0, 0, 0, 0, 0, 0, 0, 0, 0, 0, 0]","[0, 0, 1, 3, 0, 1, 2, 9, 0, 0, 2, 7, 2, 1, 6]","[0, 2, 0, 0, 1, 0, 0, 0, 3, 2, 0, 0, 0, 0, 0]",False,False,False,False
google.com,captura_0000001_H123.csv,3,1,14,41,"[1, 0, 0, 0, 0, 0, 0, 0, 0, 0, 0, 0]","[0, 0, 0, 0, 3, 2, 1, 0, 1, 6, 1, 0]","[0, 37, 1, 1, 0, 0, 0, 1, 0, 0, 0, 1]",False,False,False,False
google.com,captura_0000001_H123.csv,8,1,14,41,"[1, 0, 0, 0, 0, 0, 0, 0, 0, 0, 0, 0]","[0, 0, 0, 0, 3, 2, 1, 0, 1, 6, 1, 0]","[0, 37, 1, 1, 0, 0, 0, 1, 0, 0, 0, 1]",False,False,False,False
google.com,captura_0000001_H123.csv,9,1,14,41,"[1, 0, 0, 0, 0, 0, 0, 0, 0, 0, 0, 0]","[0, 0, 0, 0, 3, 2, 1, 0, 1, 1, 6, 0]","[0, 37, 1, 1, 0, 0, 0, 1, 0, 0, 0, 1]",False,False,False,False
google.com,captura_0000001_H123.csv,10,1,14,41,"[1, 0, 0, 0, 0, 0, 0, 0, 0, 0, 0, 0]","[0, 0, 0, 0, 3, 2, 1, 0, 1, 6, 1, 0]","[0, 37, 1, 1, 0, 0, 0, 1, 0, 0, 0, 1]",False,False,False,False
google.com,captura_0000001_H123.csv,11,1,16,41,"[1, 0, 0, 0, 0, 0, 0, 0, 0, 0, 0, 0, 0]","[0, 0, 0, 0, 3, 2, 1, 0, 1, 6, 1, 0, 2]","[0, 37, 1, 1, 0, 0, 0, 1, 0, 0, 0, 1, 0]",False,False,False,False
google.com,captura_0000001_H123.csv,12,1,14,41,"[1, 0, 0, 0, 0, 0, 0, 0, 0, 0, 0, 0]","[0, 0, 0, 0, 3, 2, 1, 0, 1, 1, 0, 6]","[0, 1, 37, 1, 0, 0, 0, 1, 0, 0, 1, 0]",False,False,False,False
google.com,captura_0000001_H123.csv,13,1,14,41,"[1, 0, 0, 0, 0, 0, 0, 0, 0, 0, 0, 0]","[0, 0, 0, 0, 3, 2, 1, 0, 1, 6, 1, 0]","[0, 37, 1, 1, 0, 0, 0, 1, 0, 0, 0, 1]",False,False,False,False
google.com,captura_0000001_H123.csv,15,1,14,41,"[1, 0, 0, 0, 0, 0, 0, 0, 0, 0, 0, 0]","[0, 0, 0, 0, 3, 2, 1, 0, 1, 1, 0, 6]","[0, 37, 1, 1, 0, 0, 0, 1, 0, 0, 1, 0]",False,False,False,False
google.com,captura_0000001_H123.csv,16,1,16,41,"[1, 0, 0, 0, 0, 0, 0, 0, 0, 0, 0, 0, 0]","[0, 0, 0, 0, 3, 2, 1, 0, 1, 6, 1, 0, 2]","[0, 37, 1, 1, 0, 0, 0, 1, 0, 0, 0, 1, 0]",False,False,False,False
google.com,captura_0000001_H123.csv,17,1,16,41,"[1, 0, 0, 0, 0, 0, 0, 0, 0, 0, 0, 0, 0]","[0, 0, 0, 0, 3, 2, 1, 0, 1, 6, 1, 0, 2]","[0, 37, 1, 1, 0, 0, 0, 1, 0, 0, 0, 1, 0]",False,False,False,False
google.com,captura_0000001_H123.csv,18,1,16,41,"[1, 0, 0, 0, 0, 0, 0, 0, 0, 0, 0, 0, 0]","[0, 0, 0, 0, 3, 2, 1, 0, 1, 1, 0, 6, 2]","[0, 37, 1, 1, 0, 0, 0, 1, 0, 0, 1, 0, 0]",False,False,False,False
google.com,captura_0000001_H123.csv,19,1,14,41,"[1, 0, 0, 0, 0, 0, 0, 0, 0, 0, 0, 0]","[0, 0, 0, 0, 3, 2, 1, 0, 1, 1, 6, 0]","[0, 37, 1, 1, 0, 0, 0, 1, 0, 0, 0, 1]",False,False,False,False
googleadservices.com,captura_0000100_H123.csv,1,1,8,2,"[1, 0, 0, 0, 0]","[0, 0, 2, 0, 6]","[0, 1, 0, 1, 0]",False,False,False,False
googleadservices.com,captura_0000100_H123.csv,2,1,8,2,"[1, 0, 0, 0, 0]","[0, 0, 2, 0, 6]","[0, 1, 0, 1, 0]",False,False,False,False
googleadservices.com,captura_0000100_H123.csv,4,1,8,2,"[1, 0, 0, 0, 0]","[0, 0, 2, 0, 6]","[0, 1, 0, 1, 0]",False,False,False,False
googleadservices.com,captura_0000100_H123.csv,5,1,8,2,"[1, 0, 0, 0, 0]","[0, 0, 2, 0, 6]","[0, 1, 0, 1, 0]",False,False,False,False
googleadservices.com,captura_0000100_H123.csv,6,1,8,2,"[1, 0, 0, 0, 0]","[0, 0, 2, 0, 6]","[0, 1, 0, 1, 0]",False,False,False,False
googleadservices.com,captura_0000100_H123.csv,7,1,8,2,"[1, 0, 0, 0, 0]","[0, 0, 2, 0, 6]","[0, 1, 0, 1, 0]",False,False,False,False
googleadservices.com,captura_0000100_H123.csv,9,1,8,2,"[1, 0, 0, 0, 0]","[0, 0, 2, 0, 6]","[0, 1, 0, 1, 0]",False,False,False,False
googleadservices.com,captura_0000100_H123.csv,10,1,8,2,"[1, 0, 0, 0, 0]","[0, 0, 2, 0, 6]","[0, 1, 0, 1, 0]",False,False,False,False
googleadservices.com,captura_0000100_H123.csv,11,1,8,2,"[1, 0, 0, 0, 0]","[0, 0, 2, 0, 6]","[0, 1, 0, 1, 0]",False,False,False,False
googleadservices.com,captura_0000100_H123.csv,12,1,8,2,"[1, 0, 0, 0, 0]","[0, 0, 2, 0, 6]","[0, 1, 0, 1, 0]",False,False,False,False
googleadservices.com,captura_0000100_H123.csv,13,1,8,2,"[1, 0, 0, 0, 0]","[0, 0, 2, 0, 6]","[0, 1, 0, 1, 0]",False,False,False,False
googleadservices.com,captura_0000100_H123.csv,14,1,8,2,"[1, 0, 0, 0, 0]","[0, 0, 2, 0, 6]","[0, 1, 0, 1, 0]",False,False,False,False
googleadservices.com,captura_0000100_H123.csv,15,1,8,2,"[1, 0, 0, 0, 0]","[0, 0, 2, 0, 6]","[0, 1, 0, 1, 0]",False,False,False,False
googleadservices.com,captura_0000100_H123.csv,16,1,8,2,"[1, 0, 0, 0, 0]","[0, 0, 2, 0, 6]","[0, 1, 0, 1, 0]",False,False,False,False
googleadservices.com,captura_0000100_H123.csv,17,1,8,2,"[1, 0, 0, 0, 0]","[0, 0, 2, 0, 6]","[0, 1, 0, 1, 0]",False,False,False,False
googleadservices.com,captura_0000100_H123.csv,18,1,8,2,"[1, 0, 0, 0, 0]","[0, 0, 2, 0, 6]","[0, 1, 0, 1, 0]",False,False,False,False
googleadservices.com,captura_0000100_H123.csv,19,1,8,2,"[1, 0, 0, 0, 0]","[0, 0, 2, 0, 6]","[0, 1, 0, 1, 0]",False,False,False,False
googleadservices.com,captura_0000100_H123.csv,20,1,8,2,"[1, 0, 0, 0, 0]","[0, 0, 2, 0, 6]","[0, 1, 0, 1, 0]",False,False,False,False
googleapis.com,captura_0000010_H123.csv,1,1,8,2,"[1, 0, 0, 0, 0]","[0, 0, 2, 0, 6]","[0, 1, 0, 1, 0]",False,False,False,False
googleapis.com,captura_0000010_H123.csv,2,1,8,2,"[1, 0, 0, 0, 0]","[0, 0, 2, 0, 6]","[0, 1, 0, 1, 0]",False,False,False,False
googleapis.com,captura_0000010_H123.csv,3,1,8,2,"[1, 0, 0, 0, 0]","[0, 0, 2, 0, 6]","[0, 1, 0, 1, 0]",False,False,False,False
googleapis.com,captura_0000010_H123.csv,4,1,8,2,"[1, 0, 0, 0, 0]","[0, 0, 2, 0, 6]","[0, 1, 0, 1, 0]",False,False,False,False
googleapis.com,captura_0000010_H123.csv,5,1,8,2,"[1, 0, 0, 0, 0]","[0, 0, 2, 0, 6]","[0, 1, 0, 1, 0]",False,False,False,False
googleapis.com,captura_0000010_H123.csv,6,1,8,2,"[1, 0, 0, 0, 0]","[0, 0, 2, 0, 6]","[0, 1, 0, 1, 0]",False,False,False,False
googleapis.com,captura_0000010_H123.csv,7,1,8,2,"[1, 0, 0, 0, 0]","[0, 0, 2, 0, 6]","[0, 1, 0, 1, 0]",False,False,False,False
googleapis.com,captura_0000010_H123.csv,8,1,8,2,"[1, 0, 0, 0, 0]","[0, 0, 2, 0, 6]","[0, 1, 0, 1, 0]",False,False,False,False
googleapis.com,captura_0000010_H123.csv,9,1,8,2,"[1, 0, 0, 0, 0]","[0, 0, 2, 0, 6]","[0, 1, 0, 1, 0]",False,False,False,False
googleapis.com,captura_0000010_H123.csv,10,1,8,2,"[1, 0, 0, 0, 0]","[0, 0, 2, 0, 6]","[0, 1, 0, 1, 0]",False,False,False,False
googleapis.com,captura_0000010_H123.csv,11,1,8,2,"[1, 0, 0, 0, 0]","[0, 0, 2, 0, 6]","[0, 1, 0, 1, 0]",False,False,False,False
googleapis.com,captura_0000010_H123.csv,12,1,8,2,"[1, 0, 0, 0, 0]","[0, 0, 2, 0, 6]","[0, 1, 0, 1, 0]",False,False,False,False
googleapis.com,captura_0000010_H123.csv,13,1,8,2,"[1, 0, 0, 0, 0]","[0, 0, 2, 0, 6]","[0, 1, 0, 1, 0]",False,False,False,False
googleapis.com,captura_0000010_H123.csv,14,1,8,2,"[1, 0, 0, 0, 0]","[0, 0, 2, 0, 6]","[0, 1, 0, 1, 0]",False,False,False,False
googleapis.com,captura_0000010_H123.csv,15,1,8,2,"[1, 0, 0, 0, 0]","[0, 0, 2, 0, 6]","[0, 1, 0, 1, 0]",False,False,False,False
googleapis.com,captura_0000010_H123.csv,16,1,8,2,"[1, 0, 0, 0, 0]","[0, 0, 2, 0, 6]","[0, 1, 0, 1, 0]",False,False,False,False
googleapis.com,captura_0000010_H123.csv,17,1,8,2,"[1, 0, 0, 0, 0]","[0, 0, 2, 0, 6]","[0, 1, 0, 1, 0]",False,False,False,False
googleapis.com,captura_0000010_H123.csv,18,1,8,2,"[1, 0, 0, 0, 0]","[0, 0, 2, 0, 6]","[0, 1, 0, 1, 0]",False,False,False,False
googleapis.com,captura_0000010_H123.csv,19,1,8,2,"[0, 0, 0, 0, 1]","[0, 2, 0, 6, 0]","[1, 0, 1, 0, 0]",False,False,False,False
googledomains.com,captura_0000101_H123.csv,1,1,12,3,"[1, 0, 0, 0, 0, 0, 0, 0]","[0, 0, 1, 4, 0, 1, 0, 6]","[0, 1, 0, 0, 1, 0, 1, 0]",False,False,False,False
googledomains.com,captura_0000101_H123.csv,2,1,12,3,"[1, 0, 0, 0, 0, 0, 0, 0]","[0, 0, 1, 4, 0, 1, 0, 6]","[0, 1, 0, 0, 1, 0, 1, 0]",False,False,False,False
googledomains.com,captura_0000101_H123.csv,3,1,12,3,"[1, 0, 0, 0, 0, 0, 0, 0]","[0, 0, 1, 4, 0, 1, 0, 6]","[0, 1, 0, 0, 1, 0, 1, 0]",False,False,False,False
googledomains.com,captura_0000101_H123.csv,5,1,12,3,"[1, 0, 0, 0, 0, 0, 0, 0]","[0, 0, 1, 4, 0, 1, 0, 6]","[0, 1, 0, 0, 1, 0, 1, 0]",False,False,False,False
googledomains.com,captura_0000101_H123.csv,6,1,12,3,"[1, 0, 0, 0, 0, 0, 0, 0]","[0, 0, 1, 4, 0, 1, 0, 6]","[0, 1, 0, 0, 1, 0, 1, 0]",False,False,False,False
googledomains.com,captura_0000101_H123.csv,7,1,12,3,"[1, 0, 0, 0, 0, 0, 0, 0]","[0, 0, 1, 4, 0, 1, 0, 6]","[0, 1, 0, 0, 1, 0, 1, 0]",False,False,False,False
googledomains.com,captura_0000101_H123.csv,8,1,12,3,"[1, 0, 0, 0, 0, 0, 0, 0]","[0, 0, 1, 4, 0, 1, 0, 6]","[0, 1, 0, 0, 1, 0, 1, 0]",False,False,False,False
googledomains.com,captura_0000101_H123.csv,10,1,12,3,"[1, 0, 0, 0, 0, 0, 0, 0]","[0, 0, 1, 4, 0, 1, 0, 6]","[0, 1, 0, 0, 1, 0, 1, 0]",False,False,False,False
googledomains.com,captura_0000101_H123.csv,11,1,12,3,"[1, 0, 0, 0, 0, 0, 0, 0]","[0, 0, 1, 4, 0, 1, 0, 6]","[0, 1, 0, 0, 1, 0, 1, 0]",False,False,False,False
googledomains.com,captura_0000101_H123.csv,13,1,12,3,"[1, 0, 0, 0, 0, 0, 0, 0]","[0, 0, 1, 4, 0, 1, 0, 6]","[0, 1, 0, 0, 1, 0, 1, 0]",False,False,False,False
googledomains.com,captura_0000101_H123.csv,14,1,12,3,"[1, 0, 0, 0, 0, 0, 0, 0]","[0, 0, 1, 4, 0, 1, 0, 6]","[0, 1, 0, 0, 1, 0, 1, 0]",False,False,False,False
googledomains.com,captura_0000101_H123.csv,15,1,12,3,"[1, 0, 0, 0, 0, 0, 0, 0]","[0, 0, 1, 4, 0, 1, 0, 6]","[0, 1, 0, 0, 1, 0, 1, 0]",False,False,False,False
googledomains.com,captura_0000101_H123.csv,16,1,12,3,"[1, 0, 0, 0, 0, 0, 0, 0]","[0, 0, 1, 4, 0, 1, 0, 6]","[0, 1, 0, 0, 1, 0, 1, 0]",False,False,False,False
googledomains.com,captura_0000101_H123.csv,17,1,12,3,"[1, 0, 0, 0, 0, 0, 0, 0]","[0, 0, 1, 4, 0, 1, 0, 6]","[0, 1, 0, 0, 1, 0, 1, 0]",False,False,False,False
googledomains.com,captura_0000101_H123.csv,18,1,12,3,"[1, 0, 0, 0, 0, 0, 0, 0]","[0, 0, 1, 4, 0, 1, 0, 6]","[0, 1, 0, 0, 1, 0, 1, 0]",False,False,False,False
googledomains.com,captura_0000101_H123.csv,19,1,12,3,"[1, 0, 0, 0, 0, 0, 0, 0]","[0, 0, 1, 4, 0, 1, 0, 6]","[0, 1, 0, 0, 1, 0, 1, 0]",False,False,False,False
googledomains.com,captura_0000101_H123.csv,20,1,12,3,"[1, 0, 0, 0, 0, 0, 0, 0]","[0, 0, 1, 4, 0, 1, 0, 6]","[0, 1, 0, 0, 1, 0, 1, 0]",False,False,False,False
googlesyndication.com,captura_0000056_H123.csv,1,1,17,40,"[1, 0, 0, 0, 0, 0, 0, 0, 0, 0, 0, 0, 0]","[0, 0, 1, 0, 3, 2, 1, 0, 1, 6, 1, 0, 2]","[0, 37, 0, 1, 0, 0, 0, 1, 0, 0, 0, 1, 0]",False,False,False,False
googlesyndication.com,captura_0000056_H123.csv,2,1,17,40,"[1, 0, 0, 0, 0, 0, 0, 0, 0, 0, 0, 0, 0]","[0, 0, 1, 0, 3, 2, 1, 0, 1, 6, 1, 0, 2]","[0, 37, 0, 1, 0, 0, 0, 1, 0, 0, 0, 1, 0]",False,False,False,False
googlesyndication.com,captura_0000056_H123.csv,3,1,17,40,"[1, 0, 0, 0, 0, 0, 0, 0, 0, 0, 0, 0, 0]","[0, 0, 1, 0, 3, 2, 1, 0, 1, 1, 6, 0, 2]","[0, 37, 0, 1, 0, 0, 0, 1, 0, 0, 0, 1, 0]",False,False,False,False
googlesyndication.com,captura_0000056_H123.csv,6,1,17,40,"[1, 0, 0, 0, 0, 0, 0, 0, 0, 0, 0, 0, 0]","[0, 0, 1, 0, 3, 2, 1, 0, 1, 6, 1, 0, 2]","[0, 37, 0, 1, 0, 0, 0, 1, 0, 0, 0, 1, 0]",False,False,False,False
googlesyndication.com,captura_0000056_H123.csv,7,1,17,40,"[1, 0, 0, 0, 0, 0, 0, 0, 0, 0, 0, 0, 0]","[0, 0, 1, 0, 3, 2, 1, 0, 1, 1, 0, 6, 2]","[0, 37, 0, 1, 0, 0, 0, 1, 0, 0, 1, 0, 0]",False,False,False,False
googlesyndication.com,captura_0000056_H123.csv,8,1,17,40,"[1, 0, 0, 0, 0, 0, 0, 0, 0, 0, 0, 0, 0]","[0, 0, 1, 0, 3, 2, 1, 0, 1, 6, 1, 0, 2]","[0, 37, 0, 1, 0, 0, 0, 1, 0, 0, 0, 1, 0]",False,False,False,False
googlesyndication.com,captura_0000056_H123.csv,9,1,17,40,"[1, 0, 0, 0, 0, 0, 0, 0, 0, 0, 0, 0, 0]","[0, 0, 1, 0, 3, 2, 1, 0, 1, 1, 0, 6, 2]","[0, 37, 0, 1, 0, 0, 0, 1, 0, 0, 1, 0, 0]",False,False,False,False
googlesyndication.com,captura_0000056_H123.csv,10,1,17,40,"[1, 0, 0, 0, 0, 0, 0, 0, 0, 0, 0, 0, 0]","[0, 0, 1, 0, 3, 2, 1, 0, 1, 1, 0, 6, 2]","[0, 37, 0, 1, 0, 0, 0, 1, 0, 0, 1, 0, 0]",False,False,False,False
googlesyndication.com,captura_0000056_H123.csv,13,1,17,40,"[1, 0, 0, 0, 0, 0, 0, 0, 0, 0, 0, 0, 0]","[0, 0, 1, 0, 3, 2, 1, 0, 1, 6, 1, 0, 2]","[0, 37, 0, 1, 0, 0, 0, 1, 0, 0, 0, 1, 0]",False,False,False,False
googlesyndication.com,captura_0000056_H123.csv,17,1,16,40,"[1, 0, 0, 0, 0, 0, 0, 0, 0, 0, 0, 0, 0]","[0, 0, 1, 0, 3, 2, 1, 0, 1, 5, 1, 0, 2]","[0, 37, 0, 1, 0, 0, 0, 1, 0, 0, 0, 1, 0]",False,False,False,False
googlesyndication.com,captura_0000056_H123.csv,20,1,16,40,"[1, 0, 0, 0, 0, 0, 0, 0, 0, 0, 0, 0]","[0, 0, 1, 0, 3, 2, 1, 0, 1, 1, 7, 0]","[0, 37, 0, 1, 0, 0, 0, 1, 0, 0, 0, 1]",False,False,False,False
googletagmanager.com,captura_0000023_H123.csv,1,1,8,2,"[1, 0, 0, 0, 0]","[0, 0, 2, 0, 6]","[0, 1, 0, 1, 0]",False,False,False,False
googletagmanager.com,captura_0000023_H123.csv,2,1,8,2,"[1, 0, 0, 0, 0]","[0, 0, 2, 0, 6]","[0, 1, 0, 1, 0]",False,False,False,False
googletagmanager.com,captura_0000023_H123.csv,3,1,8,2,"[1, 0, 0, 0, 0]","[0, 0, 2, 0, 6]","[0, 1, 0, 1, 0]",False,False,False,False
googletagmanager.com,captura_0000023_H123.csv,4,1,8,2,"[1, 0, 0, 0, 0]","[0, 0, 2, 0, 6]","[0, 1, 0, 1, 0]",False,False,False,False
googletagmanager.com,captura_0000023_H123.csv,5,1,8,2,"[1, 0, 0, 0, 0]","[0, 0, 2, 0, 6]","[0, 1, 0, 1, 0]",False,False,False,False
googletagmanager.com,captura_0000023_H123.csv,6,1,8,2,"[1, 0, 0, 0, 0]","[0, 0, 2, 0, 6]","[0, 1, 0, 1, 0]",False,False,False,False
googletagmanager.com,captura_0000023_H123.csv,7,1,8,2,"[1, 0, 0, 0, 0]","[0, 0, 2, 0, 6]","[0, 1, 0, 1, 0]",False,False,False,False
googletagmanager.com,captura_0000023_H123.csv,8,1,8,2,"[1, 0, 0, 0, 0]","[0, 0, 2, 0, 6]","[0, 1, 0, 1, 0]",False,False,False,False
googletagmanager.com,captura_0000023_H123.csv,9,1,8,2,"[1, 0, 0, 0, 0]","[0, 0, 2, 0, 6]","[0, 1, 0, 1, 0]",False,False,False,False
googletagmanager.com,captura_0000023_H123.csv,10,1,8,2,"[1, 0, 0, 0, 0]","[0, 0, 2, 0, 6]","[0, 1, 0, 1, 0]",False,False,False,False
googletagmanager.com,captura_0000023_H123.csv,11,1,8,2,"[1, 0, 0, 0, 0]","[0, 0, 2, 0, 6]","[0, 1, 0, 1, 0]",False,False,False,False
googletagmanager.com,captura_0000023_H123.csv,12,1,8,2,"[1, 0, 0, 0, 0]","[0, 0, 2, 0, 6]","[0, 1, 0, 1, 0]",False,False,False,False
googletagmanager.com,captura_0000023_H123.csv,13,1,8,2,"[1, 0, 0, 0, 0]","[0, 0, 2, 0, 6]","[0, 1, 0, 1, 0]",False,False,False,False
googletagmanager.com,captura_0000023_H123.csv,14,1,8,2,"[1, 0, 0, 0, 0]","[0, 0, 2, 0, 6]","[0, 1, 0, 1, 0]",False,False,False,False
googletagmanager.com,captura_0000023_H123.csv,17,1,8,2,"[1, 0, 0, 0, 0]","[0, 0, 2, 0, 6]","[0, 1, 0, 1, 0]",False,False,False,False
googletagmanager.com,captura_0000023_H123.csv,18,1,8,2,"[1, 0, 0, 0, 0]","[0, 0, 2, 0, 6]","[0, 1, 0, 1, 0]",False,False,False,False
googletagmanager.com,captura_0000023_H123.csv,20,1,8,2,"[1, 0, 0, 0, 0]","[0, 0, 2, 0, 6]","[0, 1, 0, 1, 0]",False,False,False,False
googleusercontent.com,captura_0000033_H123.csv,1,1,8,2,"[1, 0, 0, 0, 0]","[0, 0, 2, 0, 6]","[0, 1, 0, 1, 0]",False,False,False,False
googleusercontent.com,captura_0000033_H123.csv,2,1,8,2,"[1, 0, 0, 0, 0]","[0, 0, 2, 0, 6]","[0, 1, 0, 1, 0]",False,False,False,False
googleusercontent.com,captura_0000033_H123.csv,4,1,8,2,"[1, 0, 0, 0, 0]","[0, 0, 2, 0, 6]","[0, 1, 0, 1, 0]",False,False,False,False
googleusercontent.com,captura_0000033_H123.csv,5,1,8,2,"[1, 0, 0, 0, 0]","[0, 0, 2, 0, 6]","[0, 1, 0, 1, 0]",False,False,False,False
googleusercontent.com,captura_0000033_H123.csv,6,1,8,2,"[1, 0, 0, 0, 0]","[0, 0, 2, 0, 6]","[0, 1, 0, 1, 0]",False,False,False,False
googleusercontent.com,captura_0000033_H123.csv,8,1,8,2,"[1, 0, 0, 0, 0]","[0, 0, 2, 0, 6]","[0, 1, 0, 1, 0]",False,False,False,False
googleusercontent.com,captura_0000033_H123.csv,9,1,8,2,"[1, 0, 0, 0, 0]","[0, 0, 2, 0, 6]","[0, 1, 0, 1, 0]",False,False,False,False
googleusercontent.com,captura_0000033_H123.csv,10,1,8,2,"[1, 0, 0, 0, 0]","[0, 0, 2, 0, 6]","[0, 1, 0, 1, 0]",False,False,False,False
googleusercontent.com,captura_0000033_H123.csv,11,1,8,2,"[1, 0, 0, 0, 0]","[0, 0, 2, 0, 6]","[0, 1, 0, 1, 0]",False,False,False,False
googleusercontent.com,captura_0000033_H123.csv,12,1,8,2,"[1, 0, 0, 0, 0]","[0, 0, 2, 0, 6]","[0, 1, 0, 1, 0]",False,False,False,False
googleusercontent.com,captura_0000033_H123.csv,13,1,8,2,"[1, 0, 0, 0, 0]","[0, 0, 2, 0, 6]","[0, 1, 0, 1, 0]",False,False,False,False
googleusercontent.com,captura_0000033_H123.csv,14,1,8,2,"[1, 0, 0, 0, 0]","[0, 0, 2, 0, 6]","[0, 1, 0, 1, 0]",False,False,False,False
googleusercontent.com,captura_0000033_H123.csv,15,1,8,2,"[1, 0, 0, 0, 0]","[0, 0, 2, 0, 6]","[0, 1, 0, 1, 0]",False,False,False,False
googleusercontent.com,captura_0000033_H123.csv,16,1,8,2,"[1, 0, 0, 0, 0]","[0, 0, 2, 0, 6]","[0, 1, 0, 1, 0]",False,False,False,False
googleusercontent.com,captura_0000033_H123.csv,17,1,8,2,"[1, 0, 0, 0, 0]","[0, 0, 2, 0, 6]","[0, 1, 0, 1, 0]",False,False,False,False
googleusercontent.com,captura_0000033_H123.csv,18,1,8,2,"[1, 0, 0, 0, 0]","[0, 0, 2, 0, 6]","[0, 1, 0, 1, 0]",False,False,False,False
googleusercontent.com,captura_0000033_H123.csv,19,1,8,2,"[1, 0, 0, 0, 0]","[0, 0, 2, 0, 6]","[0, 1, 0, 1, 0]",False,False,False,False
googleusercontent.com,captura_0000033_H123.csv,20,1,8,2,"[1, 0, 0, 0, 0]","[0, 0, 2, 0, 6]","[0, 1, 0, 1, 0]",False,False,False,False
googlevideo.com,captura_0000024_H123.csv,3,1,17,40,"[1, 0, 0, 0, 0, 0, 0, 0, 0, 0, 0, 0, 0]","[0, 0, 1, 0, 3, 2, 1, 0, 1, 6, 1, 0, 2]","[0, 37, 0, 1, 0, 0, 0, 1, 0, 0, 0, 1, 0]",False,False,False,False
googlevideo.com,captura_0000024_H123.csv,5,1,15,40,"[1, 0, 0, 0, 0, 0, 0, 0, 0, 0, 0, 0]","[0, 0, 1, 0, 3, 2, 1, 0, 1, 6, 1, 0]","[0, 37, 0, 1, 0, 0, 0, 1, 0, 0, 0, 1]",False,False,False,False
googlevideo.com,captura_0000024_H123.csv,6,1,17,40,"[1, 0, 0, 0, 0, 0, 0, 0, 0, 0, 0, 0, 0]","[0, 0, 1, 0, 3, 2, 1, 0, 1, 6, 1, 0, 2]","[0, 37, 0, 1, 0, 0, 0, 1, 0, 0, 0, 1, 0]",False,False,False,False
googlevideo.com,captura_0000024_H123.csv,8,1,15,40,"[1, 0, 0, 0, 0, 0, 0, 0, 0, 0, 0, 0]","[0, 0, 1, 0, 3, 2, 1, 0, 1, 6, 1, 0]","[0, 37, 0, 1, 0, 0, 0, 1, 0, 0, 0, 1]",False,False,False,False
googlevideo.com,captura_0000024_H123.csv,10,1,17,40,"[1, 0, 0, 0, 0, 0, 0, 0, 0, 0, 0, 0, 0]","[0, 0, 1, 0, 3, 2, 1, 0, 1, 6, 1, 0, 2]","[0, 37, 0, 1, 0, 0, 0, 1, 0, 0, 0, 1, 0]",False,False,False,False
googlevideo.com,captura_0000024_H123.csv,13,1,17,40,"[1, 0, 0, 0, 0, 0, 0, 0, 0, 0, 0, 0, 0]","[0, 0, 1, 0, 3, 2, 1, 0, 1, 6, 1, 0, 2]","[0, 37, 0, 1, 0, 0, 0, 1, 0, 0, 0, 1, 0]",False,False,False,False
googlevideo.com,captura_0000024_H123.csv,14,1,17,40,"[1, 0, 0, 0, 0, 0, 0, 0, 0, 0, 0, 0, 0]","[0, 0, 1, 0, 3, 2, 1, 0, 1, 6, 1, 0, 2]","[0, 37, 0, 1, 0, 0, 0, 1, 0, 0, 0, 1, 0]",False,False,False,False
googlevideo.com,captura_0000024_H123.csv,15,1,17,40,"[1, 0, 0, 0, 0, 0, 0, 0, 0, 0, 0, 0, 0]","[0, 0, 1, 0, 3, 2, 1, 0, 1, 6, 1, 0, 2]","[0, 37, 0, 1, 0, 0, 0, 1, 0, 0, 0, 1, 0]",False,False,False,False
googlevideo.com,captura_0000024_H123.csv,18,1,17,40,"[1, 0, 0, 0, 0, 0, 0, 0, 0, 0, 0, 0, 0]","[0, 0, 1, 0, 3, 2, 1, 0, 1, 6, 1, 0, 2]","[0, 37, 0, 1, 0, 0, 0, 1, 0, 0, 0, 1, 0]",False,False,False,False
googlevideo.com,captura_0000024_H123.csv,19,1,17,40,"[1, 0, 0, 0, 0, 0, 0, 0, 0, 0, 0, 0, 0]","[0, 0, 1, 0, 3, 2, 1, 0, 1, 6, 1, 0, 2]","[0, 37, 0, 1, 0, 0, 0, 1, 0, 0, 0, 1, 0]",False,False,False,False
googlevideo.com,captura_0000024_H123.csv,20,1,16,40,"[1, 0, 0, 0, 0, 0, 0, 0, 0, 0, 0, 0, 0]","[0, 0, 1, 0, 3, 2, 1, 0, 1, 5, 1, 0, 2]","[0, 37, 0, 1, 0, 0, 0, 1, 0, 0, 0, 1, 0]",False,False,False,False
gravatar.com,captura_0000129_H123.csv,2,1,27,19,"[1, 0, 0, 0, 0, 0, 0, 0, 0, 0, 0, 0, 0, 0, 0, 0, 0, 0, 0, 0, 0]","[0, 0, 3, 0, 3, 1, 1, 1, 1, 3, 0, 1, 1, 1, 1, 0, 0, 2, 0, 6, 2]","[0, 1, 0, 12, 0, 0, 0, 0, 0, 0, 2, 0, 0, 0, 0, 1, 2, 0, 1, 0, 0]",False,False,False,False
gravatar.com,captura_0000129_H123.csv,3,1,27,19,"[1, 0, 0, 0, 0, 0, 0, 0, 0, 0, 0, 0, 0, 0, 0, 0, 0, 0, 0, 0, 0]","[0, 0, 3, 0, 3, 1, 1, 1, 1, 3, 0, 1, 1, 6, 1, 1, 0, 0, 2, 0, 2]","[0, 1, 0, 12, 0, 0, 0, 0, 0, 0, 2, 0, 0, 0, 0, 0, 2, 1, 0, 1, 0]",False,False,False,False
gravatar.com,captura_0000129_H123.csv,4,1,27,19,"[1, 0, 0, 0, 0, 0, 0, 0, 0, 0, 0, 0, 0, 0, 0, 0, 0, 0, 0, 0, 0]","[0, 0, 3, 0, 3, 1, 1, 1, 1, 3, 0, 1, 1, 1, 0, 0, 2, 6, 1, 0, 2]","[0, 1, 0, 12, 0, 0, 0, 0, 0, 0, 2, 0, 0, 0, 1, 2, 0, 0, 0, 1, 0]",False,False,False,False
gravatar.com,captura_0000129_H123.csv,5,1,27,19,"[1, 0, 0, 0, 0, 0, 0, 0, 0, 0, 0, 0, 0, 0, 0, 0, 0, 0, 0, 0, 0]","[0, 0, 3, 0, 3, 1, 1, 1, 1, 3, 0, 1, 1, 1, 1, 0, 0, 2, 0, 6, 2]","[0, 1, 0, 12, 0, 0, 0, 0, 0, 0, 2, 0, 0, 0, 0, 1, 2, 0, 1, 0, 0]",False,False,False,False
gravatar.com,captura_0000129_H123.csv,6,1,27,19,"[1, 0, 0, 0, 0, 0, 0, 0, 0, 0, 0, 0, 0, 0, 0, 0, 0, 0, 0, 0, 0]","[0, 0, 3, 0, 3, 1, 1, 1, 1, 3, 0, 1, 1, 6, 1, 1, 0, 0, 2, 0, 2]","[0, 1, 0, 12, 0, 0, 0, 0, 0, 0, 2, 0, 0, 0, 0, 0, 1, 2, 0, 1, 0]",False,False,False,False
gravatar.com,captura_0000129_H123.csv,8,1,27,19,"[1, 0, 0, 0, 0, 0, 0, 0, 0, 0, 0, 0, 0, 0, 0, 0, 0, 0, 0, 0, 0]","[0, 0, 3, 0, 3, 1, 1, 1, 1, 3, 0, 1, 1, 1, 1, 0, 0, 2, 0, 6, 2]","[0, 1, 0, 12, 0, 0, 0, 0, 0, 0, 2, 0, 0, 0, 0, 1, 2, 0, 1, 0, 0]",False,False,False,False
gravatar.com,captura_0000129_H123.csv,12,1,27,19,"[1, 0, 0, 0, 0, 0, 0, 0, 0, 0, 0, 0, 0, 0, 0, 0, 0, 0, 0, 0, 0]","[0, 0, 3, 0, 3, 1, 1, 1, 1, 3, 0, 1, 6, 1, 1, 1, 0, 0, 2, 0, 2]","[0, 1, 0, 12, 0, 0, 0, 0, 0, 0, 2, 0, 0, 0, 0, 0, 1, 2, 0, 1, 0]",False,False,False,False
gravatar.com,captura_0000129_H123.csv,13,1,27,19,"[1, 0, 0, 0, 0, 0, 0, 0, 0, 0, 0, 0, 0, 0, 0, 0, 0, 0, 0, 0, 0]","[0, 3, 0, 0, 3, 1, 1, 1, 1, 3, 0, 1, 1, 1, 1, 0, 0, 2, 0, 6, 2]","[0, 0, 1, 12, 0, 0, 0, 0, 0, 0, 2, 0, 0, 0, 0, 1, 2, 0, 1, 0, 0]",False,False,False,False
gravatar.com,captura_0000129_H123.csv,15,1,27,19,"[1, 0, 0, 0, 0, 0, 0, 0, 0, 0, 0, 0, 0, 0, 0, 0, 0, 0, 0, 0]","[0, 0, 3, 0, 3, 1, 2, 1, 3, 0, 1, 1, 1, 1, 0, 0, 2, 0, 6, 2]","[0, 1, 0, 12, 0, 0, 0, 0, 0, 2, 0, 0, 0, 0, 1, 2, 0, 1, 0, 0]",False,False,False,False
gravatar.com,captura_0000129_H123.csv,16,1,27,19,"[1, 0, 0, 0, 0, 0, 0, 0, 0, 0, 0, 0, 0, 0, 0, 0, 0, 0, 0, 0, 0]","[0, 0, 3, 0, 3, 1, 1, 1, 1, 3, 0, 1, 1, 1, 1, 0, 0, 2, 0, 6, 2]","[0, 1, 0, 12, 0, 0, 0, 0, 0, 0, 2, 0, 0, 0, 0, 1, 2, 0, 1, 0, 0]",False,False,False,False
gravatar.com,captura_0000129_H123.csv,19,1,27,19,"[1, 0, 0, 0, 0, 0, 0, 0, 0, 0, 0, 0, 0, 0, 0, 0, 0, 0, 0, 0, 0]","[0, 0, 3, 0, 3, 1, 1, 1, 1, 3, 0, 1, 1, 1, 1, 0, 0, 2, 0, 6, 2]","[0, 1, 0, 12, 0, 0, 0, 0, 0, 0, 2, 0, 0, 0, 0, 1, 2, 0, 1, 0, 0]",False,False,False,False
gstatic.com,captura_0000018_H123.csv,1,1,9,2,"[1, 0, 0, 0, 0, 0]","[0, 0, 1, 2, 0, 6]","[0, 1, 0, 0, 1, 0]",False,False,False,False
gstatic.com,captura_0000018_H123.csv,2,1,9,2,"[1, 0, 0, 0, 0, 0]","[0, 0, 1, 2, 0, 6]","[0, 1, 0, 0, 1, 0]",False,False,False,False
gstatic.com,captura_0000018_H123.csv,3,1,9,2,"[1, 0, 0, 0, 0, 0]","[0, 0, 1, 2, 0, 6]","[0, 1, 0, 0, 1, 0]",False,False,False,False
gstatic.com,captura_0000018_H123.csv,4,1,9,2,"[1, 0, 0, 0, 0, 0]","[0, 0, 1, 2, 0, 6]","[0, 1, 0, 0, 1, 0]",False,False,False,False
gstatic.com,captura_0000018_H123.csv,5,1,9,2,"[1, 0, 0, 0, 0, 0]","[0, 0, 1, 2, 0, 6]","[0, 1, 0, 0, 1, 0]",False,False,False,False
gstatic.com,captura_0000018_H123.csv,6,1,9,2,"[1, 0, 0, 0, 0, 0]","[0, 0, 1, 2, 0, 6]","[0, 1, 0, 0, 1, 0]",False,False,False,False
gstatic.com,captura_0000018_H123.csv,7,1,9,2,"[1, 0, 0, 0, 0, 0]","[0, 0, 1, 2, 0, 6]","[0, 1, 0, 0, 1, 0]",False,False,False,False
gstatic.com,captura_0000018_H123.csv,8,1,9,2,"[1, 0, 0, 0, 0, 0]","[0, 0, 1, 2, 0, 6]","[0, 1, 0, 0, 1, 0]",False,False,False,False
gstatic.com,captura_0000018_H123.csv,9,1,9,2,"[1, 0, 0, 0, 0, 0]","[0, 0, 1, 2, 0, 6]","[0, 1, 0, 0, 1, 0]",False,False,False,False
gstatic.com,captura_0000018_H123.csv,10,1,9,2,"[1, 0, 0, 0, 0, 0]","[0, 0, 1, 2, 0, 6]","[0, 1, 0, 0, 1, 0]",False,False,False,False
gstatic.com,captura_0000018_H123.csv,11,1,9,2,"[1, 0, 0, 0, 0, 0]","[0, 0, 1, 2, 0, 6]","[0, 1, 0, 0, 1, 0]",False,False,False,False
gstatic.com,captura_0000018_H123.csv,12,1,9,2,"[1, 0, 0, 0, 0, 0]","[0, 0, 1, 2, 0, 6]","[0, 1, 0, 0, 1, 0]",False,False,False,False
gstatic.com,captura_0000018_H123.csv,13,1,9,2,"[1, 0, 0, 0, 0, 0]","[0, 0, 1, 2, 0, 6]","[0, 1, 0, 0, 1, 0]",False,False,False,False
gstatic.com,captura_0000018_H123.csv,15,1,9,2,"[1, 0, 0, 0, 0, 0]","[0, 0, 1, 2, 0, 6]","[0, 1, 0, 0, 1, 0]",False,False,False,False
gstatic.com,captura_0000018_H123.csv,16,1,9,2,"[1, 0, 0, 0, 0, 0]","[0, 0, 1, 2, 0, 6]","[0, 1, 0, 0, 1, 0]",False,False,False,False
gstatic.com,captura_0000018_H123.csv,17,1,9,2,"[1, 0, 0, 0, 0, 0]","[0, 0, 1, 2, 0, 6]","[0, 1, 0, 0, 1, 0]",False,False,False,False
gstatic.com,captura_0000018_H123.csv,18,1,9,2,"[1, 0, 0, 0, 0, 0]","[0, 0, 1, 2, 0, 6]","[0, 1, 0, 0, 1, 0]",False,False,False,False
gstatic.com,captura_0000018_H123.csv,19,1,9,2,"[1, 0, 0, 0, 0, 0]","[0, 0, 1, 2, 0, 6]","[0, 1, 0, 0, 1, 0]",False,False,False,False
gstatic.com,captura_0000018_H123.csv,20,1,9,2,"[1, 0, 0, 0, 0, 0]","[0, 0, 1, 2, 0, 6]","[0, 1, 0, 0, 1, 0]",False,False,False,False
health.mil,captura_0000120_H123.csv,1,4,6,1,"[1, 0, 1, 1, 1, 0]","[0, 0, 0, 0, 0, 6]","[0, 1, 0, 0, 0, 0]",False,False,False,False
health.mil,captura_0000120_H123.csv,2,4,6,1,"[1, 0, 1, 1, 1, 0]","[0, 0, 0, 0, 0, 6]","[0, 1, 0, 0, 0, 0]",False,False,False,False
health.mil,captura_0000120_H123.csv,3,4,6,1,"[1, 0, 1, 1, 1, 0]","[0, 0, 0, 0, 0, 6]","[0, 1, 0, 0, 0, 0]",False,False,False,False
health.mil,captura_0000120_H123.csv,4,4,6,1,"[1, 0, 1, 1, 1, 0]","[0, 0, 0, 0, 0, 6]","[0, 1, 0, 0, 0, 0]",False,False,False,False
health.mil,captura_0000120_H123.csv,5,4,6,1,"[1, 0, 1, 1, 1, 0]","[0, 0, 0, 0, 0, 6]","[0, 1, 0, 0, 0, 0]",False,False,False,False
health.mil,captura_0000120_H123.csv,6,4,6,1,"[1, 0, 1, 1, 1, 0]","[0, 0, 0, 0, 0, 6]","[0, 1, 0, 0, 0, 0]",False,False,False,False
health.mil,captura_0000120_H123.csv,7,4,6,1,"[1, 0, 1, 1, 1, 0]","[0, 0, 0, 0, 0, 6]","[0, 1, 0, 0, 0, 0]",False,False,False,False
health.mil,captura_0000120_H123.csv,8,4,6,1,"[1, 0, 1, 1, 1, 0]","[0, 0, 0, 0, 0, 6]","[0, 1, 0, 0, 0, 0]",False,False,False,False
health.mil,captura_0000120_H123.csv,9,4,6,1,"[1, 0, 1, 1, 1, 0]","[0, 0, 0, 0, 0, 6]","[0, 1, 0, 0, 0, 0]",False,False,False,False
health.mil,captura_0000120_H123.csv,10,4,6,1,"[1, 0, 1, 1, 1, 0]","[0, 0, 0, 0, 0, 6]","[0, 1, 0, 0, 0, 0]",False,False,False,False
health.mil,captura_0000120_H123.csv,11,4,6,1,"[1, 0, 1, 1, 1, 0]","[0, 0, 0, 0, 0, 6]","[0, 1, 0, 0, 0, 0]",False,False,False,False
health.mil,captura_0000120_H123.csv,12,4,6,1,"[1, 0, 1, 1, 1, 0]","[0, 0, 0, 0, 0, 6]","[0, 1, 0, 0, 0, 0]",False,False,False,False
health.mil,captura_0000120_H123.csv,13,4,6,1,"[1, 0, 1, 1, 1, 0]","[0, 0, 0, 0, 0, 6]","[0, 1, 0, 0, 0, 0]",False,False,False,False
health.mil,captura_0000120_H123.csv,14,4,6,1,"[1, 0, 1, 1, 1, 0]","[0, 0, 0, 0, 0, 6]","[0, 1, 0, 0, 0, 0]",False,False,False,False
health.mil,captura_0000120_H123.csv,15,4,6,1,"[1, 0, 1, 1, 1, 0]","[0, 0, 0, 0, 0, 6]","[0, 1, 0, 0, 0, 0]",False,False,False,False
health.mil,captura_0000120_H123.csv,16,4,6,1,"[1, 0, 1, 1, 1, 0]","[0, 0, 0, 0, 0, 6]","[0, 1, 0, 0, 0, 0]",False,False,False,False
health.mil,captura_0000120_H123.csv,17,4,6,1,"[1, 0, 1, 1, 1, 0]","[0, 0, 0, 0, 0, 6]","[0, 1, 0, 0, 0, 0]",False,False,False,False
health.mil,captura_0000120_H123.csv,18,4,6,1,"[1, 0, 1, 1, 1, 0]","[0, 0, 0, 0, 0, 6]","[0, 1, 0, 0, 0, 0]",False,False,False,False
health.mil,captura_0000120_H123.csv,19,4,6,1,"[1, 0, 1, 1, 1, 0]","[0, 0, 0, 0, 0, 6]","[0, 1, 0, 0, 0, 0]",False,False,False,False
health.mil,captura_0000120_H123.csv,20,4,6,1,"[1, 0, 1, 1, 1, 0]","[0, 0, 0, 0, 0, 6]","[0, 1, 0, 0, 0, 0]",False,False,False,False
icloud.com,captura_0000046_H123.csv,1,4,31,1,"[1, 0, 0, 0, 1, 0, 0, 1, 1, 0, 0]","[0, 0, 1, 19, 0, 1, 2, 0, 0, 6, 2]","[0, 1, 0, 0, 0, 0, 0, 0, 0, 0, 0]",False,False,False,False
icloud.com,captura_0000046_H123.csv,2,4,30,1,"[1, 0, 0, 0, 0, 0, 1, 1, 1, 0]","[0, 0, 1, 20, 1, 2, 0, 0, 0, 6]","[0, 1, 0, 0, 0, 0, 0, 0, 0, 0]",False,False,False,False
icloud.com,captura_0000046_H123.csv,3,4,31,1,"[1, 0, 0, 0, 1, 0, 0, 1, 1, 0]","[0, 0, 1, 21, 0, 1, 2, 0, 0, 6]","[0, 1, 0, 0, 0, 0, 0, 0, 0, 0]",False,False,False,False
icloud.com,captura_0000046_H123.csv,4,4,30,1,"[1, 0, 0, 0, 1, 0, 0, 1, 1, 0]","[0, 0, 1, 20, 0, 1, 2, 0, 0, 6]","[0, 1, 0, 0, 0, 0, 0, 0, 0, 0]",False,False,False,False
icloud.com,captura_0000046_H123.csv,5,4,30,1,"[1, 0, 0, 0, 0, 0, 1, 1, 1, 0]","[0, 0, 1, 20, 1, 2, 0, 0, 0, 6]","[0, 1, 0, 0, 0, 0, 0, 0, 0, 0]",False,False,False,False
icloud.com,captura_0000046_H123.csv,6,4,32,1,"[1, 0, 0, 0, 1, 0, 0, 1, 1, 0]","[0, 0, 1, 21, 0, 2, 2, 0, 0, 6]","[0, 1, 0, 0, 0, 0, 0, 0, 0, 0]",False,False,False,False
icloud.com,captura_0000046_H123.csv,8,4,29,1,"[1, 0, 0, 0, 1, 0, 0, 1, 1, 0]","[0, 1, 0, 19, 0, 1, 2, 0, 0, 6]","[0, 0, 1, 0, 0, 0, 0, 0, 0, 0]",False,False,False,False
icloud.com,captura_0000046_H123.csv,9,4,29,1,"[1, 0, 0, 0, 0, 0, 1, 1, 1, 0]","[0, 0, 1, 18, 1, 3, 0, 0, 0, 6]","[0, 1, 0, 0, 0, 0, 0, 0, 0, 0]",False,False,False,False
icloud.com,captura_0000046_H123.csv,10,4,31,1,"[1, 0, 0, 0, 1, 0, 0, 1, 1, 0]","[0, 0, 1, 20, 0, 1, 3, 0, 0, 6]","[0, 1, 0, 0, 0, 0, 0, 0, 0, 0]",False,False,False,False
icloud.com,captura_0000046_H123.csv,11,4,33,1,"[1, 0, 0, 0, 0, 0, 1, 1, 1, 0]","[0, 0, 1, 21, 1, 4, 0, 0, 0, 6]","[0, 1, 0, 0, 0, 0, 0, 0, 0, 0]",False,False,False,False
icloud.com,captura_0000046_H123.csv,12,4,31,1,"[1, 0, 0, 0, 1, 0, 0, 1, 1, 0]","[0, 0, 1, 21, 0, 1, 2, 0, 0, 6]","[0, 1, 0, 0, 0, 0, 0, 0, 0, 0]",False,False,False,False
icloud.com,captura_0000046_H123.csv,13,4,31,1,"[1, 0, 0, 0, 0, 0, 1, 1, 1, 0]","[0, 0, 1, 21, 1, 2, 0, 0, 0, 6]","[0, 1, 0, 0, 0, 0, 0, 0, 0, 0]",False,False,False,False
icloud.com,captura_0000046_H123.csv,14,4,32,1,"[1, 0, 0, 0, 1, 0, 0, 1, 1, 0]","[0, 0, 2, 20, 0, 1, 3, 0, 0, 6]","[0, 1, 0, 0, 0, 0, 0, 0, 0, 0]",False,False,False,False
icloud.com,captura_0000046_H123.csv,15,4,30,1,"[1, 0, 0, 0, 0, 0, 1, 1, 1, 0]","[0, 0, 1, 20, 1, 2, 0, 0, 0, 6]","[0, 1, 0, 0, 0, 0, 0, 0, 0, 0]",False,False,False,False
icloud.com,captura_0000046_H123.csv,16,4,33,1,"[1, 0, 0, 0, 1, 0, 0, 1, 1, 0, 0]","[0, 0, 1, 21, 0, 1, 2, 0, 0, 6, 2]","[0, 1, 0, 0, 0, 0, 0, 0, 0, 0, 0]",False,False,False,False
icloud.com,captura_0000046_H123.csv,17,4,29,1,"[1, 0, 0, 0, 1, 0, 0, 1, 1, 0]","[0, 0, 1, 19, 0, 1, 2, 0, 0, 6]","[0, 1, 0, 0, 0, 0, 0, 0, 0, 0]",False,False,False,False
icloud.com,captura_0000046_H123.csv,18,4,29,1,"[1, 0, 0, 0, 0, 0, 1, 1, 1, 0]","[0, 0, 1, 19, 1, 2, 0, 0, 0, 6]","[0, 1, 0, 0, 0, 0, 0, 0, 0, 0]",False,False,False,False
icloud.com,captura_0000046_H123.csv,19,4,32,1,"[1, 0, 0, 0, 0, 0, 1, 1, 1, 0, 0]","[0, 0, 1, 20, 1, 3, 0, 0, 0, 5, 2]","[0, 1, 0, 0, 0, 0, 0, 0, 0, 0, 0]",False,False,False,False
icloud.com,captura_0000046_H123.csv,20,4,32,1,"[1, 0, 0, 0, 1, 0, 0, 1, 1, 0, 0]","[0, 0, 1, 20, 0, 1, 2, 0, 0, 6, 2]","[0, 1, 0, 0, 0, 0, 0, 0, 0, 0, 0]",False,False,False,False
instagram.com,captura_0000014_H123.csv,2,1,10,38,"[1, 0, 0, 0, 0, 0, 0, 0, 0]","[0, 0, 0, 0, 0, 2, 0, 6, 2]","[0, 1, 25, 10, 1, 0, 1, 0, 0]",False,False,False,False
instagram.com,captura_0000014_H123.csv,4,1,10,40,"[1, 0, 0, 0, 0, 0, 0, 0, 0]","[0, 0, 0, 0, 2, 0, 0, 6, 2]","[0, 1, 26, 11, 0, 1, 1, 0, 0]",False,False,False,False
instagram.com,captura_0000014_H123.csv,5,1,10,34,"[1, 0, 0, 0, 0, 0, 0, 0, 0]","[0, 0, 0, 0, 0, 2, 6, 0, 2]","[0, 1, 21, 10, 1, 0, 0, 1, 0]",False,False,False,False
instagram.com,captura_0000014_H123.csv,8,1,10,39,"[1, 0, 0, 0, 0, 0, 0, 0, 0]","[0, 0, 0, 0, 2, 0, 0, 6, 2]","[0, 1, 26, 10, 0, 1, 1, 0, 0]",False,False,False,False
instagram.com,captura_0000014_H123.csv,9,1,10,40,"[1, 0, 0, 0, 0, 0, 0, 0]","[0, 0, 0, 0, 0, 5, 3, 2]","[0, 1, 27, 11, 1, 0, 0, 0]",False,False,False,False
instagram.com,captura_0000014_H123.csv,11,1,10,39,"[1, 0, 0, 0, 0, 0, 0, 0]","[0, 0, 0, 0, 0, 7, 1, 2]","[0, 1, 26, 11, 1, 0, 0, 0]",False,False,False,False
instagram.com,captura_0000014_H123.csv,14,1,10,39,"[1, 0, 0, 0, 0, 0, 0, 0, 0]","[0, 0, 0, 0, 0, 2, 0, 6, 2]","[0, 1, 25, 11, 1, 0, 1, 0, 0]",False,False,False,False
instagram.com,captura_0000014_H123.csv,16,1,10,40,"[1, 0, 0, 0, 0, 0, 0, 0, 0]","[0, 0, 0, 0, 0, 2, 0, 6, 2]","[0, 1, 26, 11, 1, 0, 1, 0, 0]",False,False,False,False
instagram.com,captura_0000014_H123.csv,20,1,10,41,"[1, 0, 0, 0, 0, 0, 0, 0, 0]","[0, 0, 0, 0, 2, 0, 0, 6, 2]","[0, 1, 26, 12, 0, 1, 1, 0, 0]",False,False,False,False
intuit.com,captura_0000077_H123.csv,1,4,93,1,"[1, 0, 1, 0, 0, 0, 0, 0, 0, 0, 0, 0, 0, 0, 0, 0, 0, 1, 0, 0, 0, 0, 0, 1, 0, 0, 0, 0, 0, 0]","[0, 0, 0, 33, 8, 4, 5, 2, 1, 6, 6, 1, 1, 1, 1, 1, 1, 0, 2, 3, 1, 1, 2, 0, 2, 2, 2, 2, 3, 2]","[0, 1, 0, 0, 0, 0, 0, 0, 0, 0, 0, 0, 0, 0, 0, 0, 0, 0, 0, 0, 0, 0, 0, 0, 0, 0, 0, 0, 0, 0]",False,False,False,False
intuit.com,captura_0000077_H123.csv,2,4,89,1,"[1, 0, 1, 0, 0, 0, 0, 0, 0, 0, 0, 0, 0, 0, 0, 0, 0, 1, 0, 0, 0, 0, 0, 0, 0, 1, 0, 0, 0, 0]","[0, 0, 0, 30, 8, 5, 4, 2, 1, 6, 1, 1, 1, 1, 1, 1, 1, 0, 1, 1, 3, 2, 2, 2, 2, 0, 2, 3, 2, 6]","[0, 1, 0, 0, 0, 0, 0, 0, 0, 0, 0, 0, 0, 0, 0, 0, 0, 0, 0, 0, 0, 0, 0, 0, 0, 0, 0, 0, 0, 0]",False,False,False,False
intuit.com,captura_0000077_H123.csv,3,4,87,1,"[1, 0, 1, 0, 0, 0, 0, 0, 0, 0, 0, 0, 0, 0, 0, 0, 0, 0, 0, 1, 0, 0, 0, 0, 0, 0, 1, 0, 0]","[0, 0, 0, 34, 8, 4, 5, 2, 1, 6, 1, 1, 1, 1, 1, 1, 1, 1, 3, 0, 1, 2, 2, 2, 2, 2, 0, 3, 2]","[0, 1, 0, 0, 0, 0, 0, 0, 0, 0, 0, 0, 0, 0, 0, 0, 0, 0, 0, 0, 0, 0, 0, 0, 0, 0, 0, 0, 0]",False,False,False,False
intuit.com,captura_0000077_H123.csv,4,4,92,1,"[1, 0, 1, 0, 0, 0, 0, 0, 0, 0, 0, 0, 0, 0, 0, 0, 0, 1, 0, 0, 0, 0, 0, 0, 0, 1, 0, 0, 0, 0]","[0, 0, 0, 34, 4, 8, 5, 2, 1, 6, 1, 1, 1, 5, 1, 1, 1, 0, 1, 1, 3, 1, 2, 2, 2, 0, 2, 2, 3, 2]","[0, 1, 0, 0, 0, 0, 0, 0, 0, 0, 0, 0, 0, 0, 0, 0, 0, 0, 0, 0, 0, 0, 0, 0, 0, 0, 0, 0, 0, 0]",False,False,False,False
intuit.com,captura_0000077_H123.csv,5,4,96,1,"[1, 0, 1, 0, 0, 0, 0, 0, 0, 0, 0, 0, 0, 0, 0, 0, 0, 0, 1, 0, 0, 0, 0, 0, 0, 0, 0, 1, 0, 0]","[0, 0, 0, 37, 8, 5, 4, 2, 1, 6, 1, 1, 1, 1, 1, 1, 1, 1, 0, 3, 1, 2, 6, 2, 2, 2, 2, 0, 3, 2]","[0, 1, 0, 0, 0, 0, 0, 0, 0, 0, 0, 0, 0, 0, 0, 0, 0, 0, 0, 0, 0, 0, 0, 0, 0, 0, 0, 0, 0, 0]",False,False,False,False
intuit.com,captura_0000077_H123.csv,6,4,98,1,"[1, 0, 1, 0, 0, 0, 0, 0, 0, 0, 0, 0, 0, 0, 0, 0, 0, 1, 0, 0, 0, 0, 1, 0, 0, 0, 0, 0, 0, 0]","[0, 0, 0, 39, 8, 4, 5, 2, 1, 6, 1, 1, 1, 1, 1, 1, 1, 0, 1, 3, 1, 6, 0, 2, 2, 2, 2, 2, 3, 2]","[0, 1, 0, 0, 0, 0, 0, 0, 0, 0, 0, 0, 0, 0, 0, 0, 0, 0, 0, 0, 0, 0, 0, 0, 0, 0, 0, 0, 0, 0]",False,False,False,False
intuit.com,captura_0000077_H123.csv,7,4,92,1,"[1, 0, 1, 0, 0, 0, 0, 0, 0, 0, 0, 0, 0, 0, 0, 0, 0, 1, 0, 0, 0, 1, 0, 0, 0, 0, 0, 0, 0, 0]","[0, 0, 0, 33, 4, 8, 2, 5, 1, 6, 1, 1, 1, 1, 1, 1, 1, 0, 3, 1, 1, 0, 6, 2, 2, 2, 2, 2, 3, 2]","[0, 1, 0, 0, 0, 0, 0, 0, 0, 0, 0, 0, 0, 0, 0, 0, 0, 0, 0, 0, 0, 0, 0, 0, 0, 0, 0, 0, 0, 0]",False,False,False,False
intuit.com,captura_0000077_H123.csv,8,4,95,1,"[1, 0, 1, 0, 0, 0, 0, 0, 0, 0, 0, 0, 0, 0, 0, 0, 0, 1, 0, 0, 0, 0, 0, 0, 0, 1, 0, 0, 0, 0]","[0, 0, 0, 35, 8, 5, 2, 4, 1, 6, 1, 1, 1, 1, 1, 1, 1, 0, 1, 3, 1, 2, 2, 2, 2, 0, 2, 4, 2, 6]","[0, 1, 0, 0, 0, 0, 0, 0, 0, 0, 0, 0, 0, 0, 0, 0, 0, 0, 0, 0, 0, 0, 0, 0, 0, 0, 0, 0, 0, 0]",False,False,False,False
intuit.com,captura_0000077_H123.csv,11,4,87,1,"[1, 0, 1, 0, 0, 0, 0, 0, 0, 0, 0, 0, 0, 0, 0, 0, 0, 0, 1, 0, 0, 0, 0, 0, 0, 0, 0, 1, 0, 0]","[0, 0, 0, 28, 8, 4, 2, 5, 1, 6, 1, 1, 1, 1, 1, 1, 1, 6, 0, 1, 3, 1, 2, 2, 2, 2, 2, 0, 3, 2]","[0, 1, 0, 0, 0, 0, 0, 0, 0, 0, 0, 0, 0, 0, 0, 0, 0, 0, 0, 0, 0, 0, 0, 0, 0, 0, 0, 0, 0, 0]",False,False,False,False
intuit.com,captura_0000077_H123.csv,14,4,94,1,"[1, 0, 1, 0, 0, 0, 0, 0, 0, 0, 0, 0, 0, 0, 0, 0, 0, 1, 0, 0, 0, 0, 0, 0, 0, 0, 1, 0, 0, 0]","[0, 0, 0, 34, 8, 5, 5, 2, 1, 6, 1, 1, 1, 1, 1, 1, 1, 0, 1, 1, 3, 2, 6, 2, 2, 2, 0, 2, 3, 2]","[0, 1, 0, 0, 0, 0, 0, 0, 0, 0, 0, 0, 0, 0, 0, 0, 0, 0, 0, 0, 0, 0, 0, 0, 0, 0, 0, 0, 0, 0]",False,False,False,False
intuit.com,captura_0000077_H123.csv,17,4,96,1,"[1, 0, 1, 0, 0, 0, 0, 0, 0, 0, 0, 0, 0, 0, 0, 0, 1, 0, 0, 0, 0, 0, 0, 0, 1, 0, 0, 0, 0, 0]","[0, 0, 0, 37, 8, 4, 2, 5, 1, 6, 1, 1, 1, 1, 1, 1, 0, 1, 1, 6, 3, 1, 2, 2, 0, 2, 2, 2, 3, 2]","[0, 1, 0, 0, 0, 0, 0, 0, 0, 0, 0, 0, 0, 0, 0, 0, 0, 0, 0, 0, 0, 0, 0, 0, 0, 0, 0, 0, 0, 0]",False,False,False,False
intuit.com,captura_0000077_H123.csv,18,4,93,1,"[1, 0, 1, 0, 0, 0, 0, 0, 0, 0, 0, 0, 0, 0, 0, 0, 0, 0, 0, 1, 0, 0, 0, 0, 0, 0, 0, 1, 0, 0]","[0, 0, 0, 34, 4, 5, 8, 2, 1, 6, 1, 1, 1, 6, 1, 1, 1, 1, 3, 0, 1, 1, 2, 2, 2, 2, 2, 0, 3, 2]","[0, 1, 0, 0, 0, 0, 0, 0, 0, 0, 0, 0, 0, 0, 0, 0, 0, 0, 0, 0, 0, 0, 0, 0, 0, 0, 0, 0, 0, 0]",False,False,False,False
intuit.com,captura_0000077_H123.csv,19,4,92,1,"[1, 0, 1, 0, 0, 0, 0, 0, 0, 0, 0, 0, 0, 0, 0, 0, 0, 0, 1, 0, 0, 0, 0, 0, 0, 0, 1, 0, 0, 0]","[0, 0, 0, 33, 4, 5, 8, 2, 1, 6, 1, 1, 1, 6, 1, 1, 1, 1, 0, 1, 3, 1, 2, 2, 2, 2, 0, 2, 3, 2]","[0, 1, 0, 0, 0, 0, 0, 0, 0, 0, 0, 0, 0, 0, 0, 0, 0, 0, 0, 0, 0, 0, 0, 0, 0, 0, 0, 0, 0, 0]",False,False,False,False
intuit.com,captura_0000077_H123.csv,20,4,91,1,"[1, 0, 1, 0, 0, 0, 0, 0, 0, 0, 0, 0, 0, 0, 0, 0, 0, 0, 1, 0, 0, 0, 0, 1, 0, 0, 0, 0, 0, 0]","[0, 0, 0, 33, 8, 4, 2, 5, 1, 6, 1, 1, 5, 1, 1, 1, 1, 1, 0, 1, 3, 1, 2, 0, 2, 2, 2, 2, 3, 2]","[0, 1, 0, 0, 0, 0, 0, 0, 0, 0, 0, 0, 0, 0, 0, 0, 0, 0, 0, 0, 0, 0, 0, 0, 0, 0, 0, 0, 0, 0]",False,False,False,False
ivi.ru,captura_0000155_H123.csv,1,74,161,4,"[1, 0, 1, 1, 0, 0, 4, 0, 1, 1, 0, 0, 14, 0, 0, 0, 1, 2, 4, 2, 2, 4, 0, 0, 0, 12, 2, 0, 2, 1, 3, 0, 1, 11, 0, 1, 1, 2, 0, 0, 0]","[0, 0, 0, 0, 6, 0, 0, 2, 0, 0, 94, 16, 0, 14, 2, 3, 0, 0, 0, 0, 0, 0, 0, 12, 2, 0, 0, 1, 0, 0, 0, 1, 0, 0, 2, 0, 0, 0, 3, 1, 2]","[0, 1, 0, 0, 0, 1, 0, 0, 0, 0, 0, 0, 0, 0, 0, 0, 0, 0, 0, 0, 0, 0, 2, 0, 0, 0, 0, 0, 0, 0, 0, 0, 0, 0, 0, 0, 0, 0, 0, 0, 0]",False,False,False,False
ivi.ru,captura_0000155_H123.csv,2,74,152,4,"[1, 0, 1, 1, 4, 0, 0, 0, 0, 1, 14, 0, 0, 1, 0, 0, 0, 1, 4, 2, 2, 2, 4, 0, 0, 0, 0, 2, 0, 12, 1, 3, 0, 3, 11, 1, 1, 0, 2, 0, 0]","[0, 0, 0, 0, 0, 6, 2, 56, 29, 0, 0, 0, 16, 0, 14, 2, 3, 0, 0, 0, 0, 0, 0, 12, 1, 0, 2, 0, 1, 0, 0, 0, 2, 0, 0, 0, 0, 3, 0, 1, 2]","[0, 1, 0, 0, 0, 0, 0, 0, 0, 0, 0, 1, 0, 0, 0, 0, 0, 0, 0, 0, 0, 0, 0, 0, 0, 2, 0, 0, 0, 0, 0, 0, 0, 0, 0, 0, 0, 0, 0, 0, 0]",False,False,False,False
ivi.ru,captura_0000155_H123.csv,3,71,140,5,"[1, 0, 1, 1, 4, 0, 0, 0, 1, 0, 12, 1, 0, 0, 0, 0, 0, 1, 4, 2, 2, 2, 4, 0, 0, 0, 0, 2, 0, 12, 1, 3, 0, 3, 9, 0, 1, 0, 1, 1, 1, 0, 1]","[0, 0, 0, 0, 0, 2, 44, 28, 0, 19, 0, 0, 14, 7, 2, 2, 0, 0, 0, 0, 0, 0, 0, 0, 10, 1, 2, 0, 1, 0, 0, 0, 2, 0, 0, 3, 0, 1, 0, 0, 0, 2, 0]","[0, 1, 0, 0, 0, 0, 0, 0, 0, 0, 0, 0, 0, 0, 0, 0, 2, 0, 0, 0, 0, 0, 0, 2, 0, 0, 0, 0, 0, 0, 0, 0, 0, 0, 0, 0, 0, 0, 0, 0, 0, 0, 0]",False,False,False,False
ivi.ru,captura_0000155_H123.csv,4,74,148,6,"[1, 0, 1, 1, 4, 0, 0, 1, 0, 18, 1, 0, 0, 0, 0, 0, 1, 4, 2, 2, 2, 4, 0, 0, 0, 0, 2, 0, 8, 1, 3, 0, 3, 11, 1, 1, 0, 2, 0, 0]","[0, 0, 0, 0, 0, 82, 2, 0, 16, 0, 0, 6, 0, 14, 2, 3, 0, 0, 0, 0, 0, 0, 0, 11, 2, 1, 0, 1, 0, 0, 0, 2, 0, 0, 0, 0, 3, 0, 1, 2]","[0, 1, 0, 0, 0, 0, 0, 0, 0, 0, 0, 0, 3, 0, 0, 0, 0, 0, 0, 0, 0, 0, 2, 0, 0, 0, 0, 0, 0, 0, 0, 0, 0, 0, 0, 0, 0, 0, 0, 0]",False,False,False,False
ivi.ru,captura_0000155_H123.csv,5,74,142,5,"[1, 0, 1, 1, 4, 0, 0, 0, 1, 18, 1, 0, 0, 0, 0, 0, 1, 2, 2, 4, 2, 4, 0, 0, 0, 0, 2, 0, 8, 1, 3, 0, 3, 11, 1, 1, 0, 2, 0, 0]","[0, 0, 0, 0, 0, 78, 2, 15, 0, 0, 0, 6, 0, 14, 2, 2, 0, 0, 0, 0, 0, 0, 11, 1, 0, 2, 0, 1, 0, 0, 0, 2, 0, 0, 0, 0, 3, 0, 1, 2]","[0, 1, 0, 0, 0, 0, 0, 0, 0, 0, 0, 0, 2, 0, 0, 0, 0, 0, 0, 0, 0, 0, 0, 0, 2, 0, 0, 0, 0, 0, 0, 0, 0, 0, 0, 0, 0, 0, 0, 0]",False,False,False,False
ivi.ru,captura_0000155_H123.csv,6,74,138,4,"[1, 0, 1, 1, 4, 0, 0, 0, 1, 0, 18, 1, 0, 0, 0, 0, 0, 1, 2, 2, 4, 2, 4, 0, 0, 0, 0, 2, 8, 0, 1, 3, 0, 3, 11, 1, 1, 0, 2, 0, 0]","[0, 0, 0, 0, 0, 45, 2, 26, 0, 18, 0, 0, 14, 2, 3, 5, 0, 0, 0, 0, 0, 0, 0, 0, 11, 2, 1, 0, 0, 1, 0, 0, 2, 0, 0, 0, 0, 3, 0, 1, 2]","[0, 1, 0, 0, 0, 0, 0, 0, 0, 0, 0, 0, 0, 0, 0, 0, 1, 0, 0, 0, 0, 0, 0, 2, 0, 0, 0, 0, 0, 0, 0, 0, 0, 0, 0, 0, 0, 0, 0, 0, 0]",False,False,False,False
ivi.ru,captura_0000155_H123.csv,7,70,142,5,"[1, 0, 1, 1, 4, 0, 0, 0, 0, 1, 0, 12, 0, 1, 0, 0, 0, 1, 2, 4, 2, 2, 4, 0, 0, 0, 0, 2, 0, 2, 10, 1, 3, 3, 0, 2, 0, 9, 1, 1, 0, 0]","[0, 0, 0, 0, 0, 6, 0, 2, 30, 0, 18, 0, 45, 0, 14, 2, 2, 0, 0, 0, 0, 0, 0, 0, 2, 11, 1, 0, 1, 0, 0, 0, 0, 0, 2, 0, 3, 0, 0, 0, 1, 2]","[0, 1, 0, 0, 0, 0, 2, 0, 0, 0, 0, 0, 0, 0, 0, 0, 0, 0, 0, 0, 0, 0, 0, 2, 0, 0, 0, 0, 0, 0, 0, 0, 0, 0, 0, 0, 0, 0, 0, 0, 0, 0]",False,False,False,False
ivi.ru,captura_0000155_H123.csv,8,74,150,5,"[1, 0, 1, 1, 4, 0, 1, 1, 0, 0, 0, 14, 0, 0, 0, 0, 0, 1, 2, 4, 2, 2, 4, 0, 0, 0, 2, 12, 0, 0, 3, 1, 3, 0, 11, 1, 1, 0, 2, 0, 0]","[0, 0, 0, 0, 0, 2, 0, 0, 6, 15, 28, 0, 56, 0, 14, 2, 3, 0, 0, 0, 0, 0, 0, 0, 12, 2, 0, 0, 1, 1, 0, 0, 0, 2, 0, 0, 0, 3, 0, 1, 2]","[0, 1, 0, 0, 0, 0, 0, 0, 0, 0, 0, 0, 0, 2, 0, 0, 0, 0, 0, 0, 0, 0, 0, 2, 0, 0, 0, 0, 0, 0, 0, 0, 0, 0, 0, 0, 0, 0, 0, 0, 0]",False,False,False,False
ivi.ru,captura_0000155_H123.csv,9,74,156,6,"[1, 0, 1, 1, 4, 0, 0, 1, 0, 0, 16, 1, 0, 0, 0, 0, 1, 2, 4, 2, 2, 4, 0, 0, 0, 0, 10, 2, 0, 1, 3, 3, 0, 11, 1, 1, 2, 0, 0, 0]","[0, 0, 0, 0, 0, 2, 88, 0, 6, 18, 0, 0, 0, 14, 2, 3, 0, 0, 0, 0, 0, 0, 11, 1, 0, 2, 0, 0, 1, 0, 0, 0, 2, 0, 0, 0, 0, 3, 1, 2]","[0, 1, 0, 0, 0, 0, 0, 0, 0, 0, 0, 0, 3, 0, 0, 0, 0, 0, 0, 0, 0, 0, 0, 0, 2, 0, 0, 0, 0, 0, 0, 0, 0, 0, 0, 0, 0, 0, 0, 0]",False,False,False,False
ivi.ru,captura_0000155_H123.csv,10,71,141,5,"[1, 0, 1, 1, 4, 0, 0, 0, 0, 1, 0, 18, 0, 1, 0, 0, 0, 1, 4, 2, 2, 2, 4, 0, 0, 0, 2, 2, 4, 0, 0, 1, 3, 3, 0, 9, 0, 2, 0, 1, 1, 0, 1]","[0, 0, 0, 0, 0, 6, 44, 2, 30, 0, 16, 0, 0, 0, 14, 2, 3, 0, 0, 0, 0, 0, 0, 0, 2, 12, 0, 0, 0, 1, 1, 0, 0, 0, 2, 0, 3, 0, 1, 0, 0, 2, 0]","[0, 1, 0, 0, 0, 0, 0, 0, 0, 0, 0, 0, 2, 0, 0, 0, 0, 0, 0, 0, 0, 0, 0, 2, 0, 0, 0, 0, 0, 0, 0, 0, 0, 0, 0, 0, 0, 0, 0, 0, 0, 0, 0]",False,False,False,False
ivi.ru,captura_0000155_H123.csv,11,74,135,6,"[1, 0, 1, 1, 4, 0, 0, 0, 1, 0, 20, 1, 0, 0, 0, 1, 0, 2, 4, 2, 2, 4, 0, 0, 0, 0, 0, 2, 6, 0, 1, 3, 0, 2, 1, 11, 1, 1, 0, 1, 0, 1, 0]","[0, 0, 0, 0, 0, 41, 2, 29, 0, 16, 0, 0, 14, 2, 3, 0, 5, 0, 0, 0, 0, 0, 0, 1, 0, 2, 11, 0, 0, 1, 0, 0, 2, 0, 0, 0, 0, 0, 3, 0, 1, 0, 2]","[0, 1, 0, 0, 0, 0, 0, 0, 0, 0, 0, 0, 0, 0, 0, 0, 0, 0, 0, 0, 0, 0, 3, 0, 2, 0, 0, 0, 0, 0, 0, 0, 0, 0, 0, 0, 0, 0, 0, 0, 0, 0, 0]",False,False,False,False
ivi.ru,captura_0000155_H123.csv,12,74,143,4,"[1, 0, 1, 1, 4, 0, 0, 0, 1, 0, 22, 0, 1, 0, 0, 0, 0, 1, 2, 2, 4, 2, 4, 0, 0, 0, 2, 0, 0, 4, 3, 1, 3, 0, 11, 1, 1, 0, 2, 0, 0]","[0, 0, 0, 0, 0, 48, 2, 29, 0, 15, 0, 6, 0, 14, 0, 2, 3, 0, 0, 0, 0, 0, 0, 12, 0, 2, 0, 1, 1, 0, 0, 0, 0, 2, 0, 0, 0, 3, 0, 1, 2]","[0, 1, 0, 0, 0, 0, 0, 0, 0, 0, 0, 0, 0, 0, 1, 0, 0, 0, 0, 0, 0, 0, 0, 0, 2, 0, 0, 0, 0, 0, 0, 0, 0, 0, 0, 0, 0, 0, 0, 0, 0]",False,False,False,False
ivi.ru,captura_0000155_H123.csv,13,74,142,5,"[1, 0, 1, 1, 4, 0, 0, 0, 1, 0, 12, 1, 0, 0, 0, 0, 0, 1, 4, 2, 2, 2, 4, 0, 0, 0, 0, 2, 12, 2, 0, 1, 3, 0, 1, 11, 2, 1, 1, 2, 0, 0, 0]","[0, 0, 0, 0, 0, 46, 2, 28, 0, 19, 0, 0, 14, 5, 0, 2, 3, 0, 0, 0, 0, 0, 0, 1, 0, 2, 11, 0, 0, 0, 1, 0, 0, 2, 0, 0, 0, 0, 0, 0, 3, 1, 2]","[0, 1, 0, 0, 0, 0, 0, 0, 0, 0, 0, 0, 0, 0, 2, 0, 0, 0, 0, 0, 0, 0, 0, 0, 2, 0, 0, 0, 0, 0, 0, 0, 0, 0, 0, 0, 0, 0, 0, 0, 0, 0, 0]",False,False,False,False
ivi.ru,captura_0000155_H123.csv,15,74,130,5,"[1, 0, 1, 1, 4, 0, 0, 0, 1, 0, 18, 1, 0, 0, 0, 0, 0, 1, 2, 2, 4, 2, 4, 0, 0, 0, 0, 2, 0, 8, 1, 3, 0, 3, 11, 1, 1, 0, 2, 0, 0]","[0, 0, 0, 0, 0, 38, 2, 28, 0, 14, 0, 0, 6, 0, 14, 2, 3, 0, 0, 0, 0, 0, 0, 0, 1, 2, 11, 0, 1, 0, 0, 0, 2, 0, 0, 0, 0, 3, 0, 1, 2]","[0, 1, 0, 0, 0, 0, 0, 0, 0, 0, 0, 0, 0, 2, 0, 0, 0, 0, 0, 0, 0, 0, 0, 2, 0, 0, 0, 0, 0, 0, 0, 0, 0, 0, 0, 0, 0, 0, 0, 0, 0]",False,False,False,False
ivi.ru,captura_0000155_H123.csv,16,73,138,4,"[1, 0, 1, 1, 4, 0, 0, 0, 0, 1, 1, 0, 0, 22, 0, 0, 1, 2, 2, 2, 4, 4, 0, 0, 0, 2, 0, 2, 2, 0, 1, 3, 1, 0, 2, 10, 0, 1, 1, 1, 0, 1, 0]","[0, 0, 0, 0, 0, 6, 73, 2, 0, 0, 0, 15, 3, 0, 2, 14, 0, 0, 0, 0, 0, 0, 0, 2, 11, 0, 1, 0, 0, 1, 0, 0, 0, 2, 0, 0, 3, 0, 0, 0, 1, 0, 2]","[0, 1, 0, 0, 0, 0, 0, 0, 1, 0, 0, 0, 0, 0, 0, 0, 0, 0, 0, 0, 0, 0, 2, 0, 0, 0, 0, 0, 0, 0, 0, 0, 0, 0, 0, 0, 0, 0, 0, 0, 0, 0, 0]",False,False,False,False
ivi.ru,captura_0000155_H123.csv,17,72,161,5,"[1, 0, 1, 1, 4, 0, 0, 0, 1, 0, 0, 20, 1, 0, 0, 0, 1, 2, 2, 2, 4, 4, 0, 0, 0, 0, 2, 2, 2, 0, 0, 1, 3, 3, 10, 0, 2, 1, 1, 0, 0, 1]","[0, 0, 0, 0, 0, 5, 2, 94, 0, 17, 0, 0, 0, 14, 2, 3, 0, 0, 0, 0, 0, 0, 1, 0, 2, 12, 0, 0, 0, 1, 2, 0, 0, 0, 0, 3, 0, 0, 0, 1, 2, 0]","[0, 1, 0, 0, 0, 0, 0, 0, 0, 0, 2, 0, 0, 0, 0, 0, 0, 0, 0, 0, 0, 0, 0, 2, 0, 0, 0, 0, 0, 0, 0, 0, 0, 0, 0, 0, 0, 0, 0, 0, 0, 0]",False,False,False,False
ivi.ru,captura_0000155_H123.csv,18,74,141,6,"[1, 0, 1, 1, 4, 0, 14, 0, 0, 1, 0, 1, 0, 0, 0, 0, 0, 1, 2, 2, 4, 2, 4, 0, 0, 0, 0, 2, 12, 0, 0, 1, 2, 3, 0, 1, 11, 2, 0, 1, 1, 0, 0]","[0, 0, 0, 0, 0, 16, 0, 28, 45, 0, 2, 0, 14, 7, 2, 4, 0, 0, 0, 0, 0, 0, 0, 0, 11, 0, 2, 0, 0, 1, 1, 0, 0, 0, 2, 0, 0, 0, 3, 0, 0, 1, 2]","[0, 1, 0, 0, 0, 0, 0, 0, 0, 0, 0, 0, 0, 0, 0, 0, 1, 0, 0, 0, 0, 0, 0, 2, 0, 2, 0, 0, 0, 0, 0, 0, 0, 0, 0, 0, 0, 0, 0, 0, 0, 0, 0]",False,False,False,False
ivi.ru,captura_0000155_H123.csv,19,74,133,4,"[1, 0, 1, 1, 4, 0, 0, 1, 0, 22, 1, 0, 0, 0, 0, 0, 1, 4, 2, 2, 2, 4, 0, 0, 0, 0, 2, 0, 4, 1, 3, 0, 2, 1, 11, 1, 1, 0, 2, 0, 0]","[0, 0, 0, 0, 0, 67, 2, 0, 17, 0, 0, 14, 2, 3, 5, 0, 0, 0, 0, 0, 0, 0, 1, 11, 0, 2, 0, 1, 0, 0, 0, 2, 0, 0, 0, 0, 0, 3, 0, 1, 2]","[0, 1, 0, 0, 0, 0, 0, 0, 0, 0, 0, 0, 0, 0, 0, 1, 0, 0, 0, 0, 0, 0, 0, 0, 2, 0, 0, 0, 0, 0, 0, 0, 0, 0, 0, 0, 0, 0, 0, 0, 0]",False,False,False,False
ivi.ru,captura_0000155_H123.csv,20,71,138,5,"[1, 0, 1, 1, 4, 0, 0, 1, 0, 0, 18, 1, 0, 0, 0, 0, 0, 1, 2, 2, 4, 2, 4, 0, 0, 0, 2, 6, 0, 0, 3, 1, 3, 0, 10, 0, 1, 0, 1, 1, 1, 0]","[0, 0, 0, 0, 0, 45, 28, 0, 2, 15, 0, 0, 14, 2, 3, 5, 0, 0, 0, 0, 0, 0, 0, 12, 0, 2, 0, 0, 1, 1, 0, 0, 0, 2, 0, 3, 0, 1, 0, 0, 0, 2]","[0, 1, 0, 0, 0, 0, 0, 0, 0, 0, 0, 0, 0, 0, 0, 0, 2, 0, 0, 0, 0, 0, 0, 0, 2, 0, 0, 0, 0, 0, 0, 0, 0, 0, 0, 0, 0, 0, 0, 0, 0, 0]",False,False,False,False
kaspersky.com,captura_0000192_H123.csv,1,1,99,1,"[1, 0, 0, 0, 0, 0, 0, 0, 0, 0, 0, 0, 0, 0, 0, 0, 0, 0, 0]","[0, 0, 1, 1, 26, 1, 2, 20, 1, 6, 6, 1, 15, 2, 1, 1, 6, 7, 2]","[0, 1, 0, 0, 0, 0, 0, 0, 0, 0, 0, 0, 0, 0, 0, 0, 0, 0, 0]",False,False,False,False
kaspersky.com,captura_0000192_H123.csv,2,1,101,4,"[1, 0, 0, 0, 0, 0, 0, 0, 0, 0, 0, 0, 0, 0, 0, 0, 0, 0, 0, 0]","[0, 0, 1, 1, 27, 1, 21, 1, 2, 6, 6, 1, 15, 2, 1, 1, 6, 0, 7, 2]","[0, 1, 0, 0, 0, 0, 0, 0, 0, 0, 0, 0, 0, 0, 0, 0, 0, 3, 0, 0]",False,False,False,False
kaspersky.com,captura_0000192_H123.csv,3,1,99,4,"[1, 0, 0, 0, 0, 0, 0, 0, 0, 0, 0, 0, 0, 0, 0, 0, 0, 0, 0, 0]","[0, 0, 1, 1, 27, 1, 1, 2, 21, 6, 5, 1, 15, 2, 1, 1, 5, 0, 7, 2]","[0, 1, 0, 0, 0, 0, 0, 0, 0, 0, 0, 0, 0, 0, 0, 0, 0, 3, 0, 0]",False,False,False,False
kaspersky.com,captura_0000192_H123.csv,5,2,98,3,"[1, 0, 0, 0, 0, 0, 0, 0, 0, 0, 0, 0, 0, 0, 0, 0, 0, 0, 0, 0, 1]","[0, 0, 1, 1, 26, 1, 2, 20, 1, 6, 5, 1, 15, 2, 1, 1, 6, 0, 7, 2, 0]","[0, 1, 0, 0, 0, 0, 0, 0, 0, 0, 0, 0, 0, 0, 0, 0, 0, 2, 0, 0, 0]",False,False,False,False
kaspersky.com,captura_0000192_H123.csv,7,1,95,1,"[1, 0, 0, 0, 0, 0, 0, 0, 0, 0, 0, 0, 0, 0, 0, 0, 0, 0, 0]","[0, 0, 1, 1, 26, 1, 18, 2, 1, 4, 6, 1, 15, 2, 1, 1, 8, 5, 2]","[0, 1, 0, 0, 0, 0, 0, 0, 0, 0, 0, 0, 0, 0, 0, 0, 0, 0, 0]",False,False,False,False
kaspersky.com,captura_0000192_H123.csv,8,1,98,2,"[1, 0, 0, 0, 0, 0, 0, 0, 0, 0, 0, 0, 0, 0, 0, 0, 0, 0, 0, 0]","[0, 0, 1, 1, 26, 1, 18, 2, 1, 6, 5, 1, 15, 2, 1, 1, 6, 0, 9, 2]","[0, 1, 0, 0, 0, 0, 0, 0, 0, 0, 0, 0, 0, 0, 0, 0, 0, 1, 0, 0]",False,False,False,False
kaspersky.com,captura_0000192_H123.csv,10,1,102,3,"[1, 0, 0, 0, 0, 0, 0, 0, 0, 0, 0, 0, 0, 0, 0, 0, 0, 0, 0, 0]","[0, 0, 1, 1, 27, 1, 22, 2, 1, 6, 6, 1, 15, 2, 1, 1, 6, 0, 7, 2]","[0, 1, 0, 0, 0, 0, 0, 0, 0, 0, 0, 0, 0, 0, 0, 0, 0, 2, 0, 0]",False,False,False,False
kaspersky.com,captura_0000192_H123.csv,13,1,106,3,"[1, 0, 0, 0, 0, 0, 0, 0, 0, 0, 0, 0, 0, 0, 0, 0, 0, 0, 0, 0]","[0, 0, 1, 1, 31, 1, 20, 2, 1, 6, 1, 4, 15, 2, 1, 1, 6, 0, 11, 2]","[0, 1, 0, 0, 0, 0, 0, 0, 0, 0, 0, 0, 0, 0, 0, 0, 0, 2, 0, 0]",False,False,False,False
kaspersky.com,captura_0000192_H123.csv,14,1,99,2,"[1, 0, 0, 0, 0, 0, 0, 0, 0, 0, 0, 0, 0, 0, 0, 0, 0, 0, 0, 0]","[0, 0, 6, 0, 1, 2, 1, 27, 1, 20, 2, 1, 4, 5, 1, 15, 2, 1, 1, 9]","[0, 1, 0, 1, 0, 0, 0, 0, 0, 0, 0, 0, 0, 0, 0, 0, 0, 0, 0, 0]",False,False,False,False
kaspersky.com,captura_0000192_H123.csv,15,1,99,4,"[1, 0, 0, 0, 0, 0, 0, 0, 0, 0, 0, 0, 0, 0, 0, 0, 0, 0, 0, 0]","[0, 0, 1, 1, 28, 1, 18, 2, 1, 6, 5, 1, 15, 2, 1, 1, 6, 0, 8, 2]","[0, 1, 0, 0, 0, 0, 0, 0, 0, 0, 0, 0, 0, 0, 0, 0, 0, 3, 0, 0]",False,False,False,False
kaspersky.com,captura_0000192_H123.csv,16,1,102,3,"[1, 0, 0, 0, 0, 0, 0, 0, 0, 0, 0, 0, 0, 0, 0, 0, 0, 0, 0, 0]","[0, 0, 1, 1, 27, 1, 1, 2, 23, 6, 4, 1, 15, 2, 1, 1, 6, 0, 8, 2]","[0, 1, 0, 0, 0, 0, 0, 0, 0, 0, 0, 0, 0, 0, 0, 0, 0, 2, 0, 0]",False,False,False,False
kaspersky.com,captura_0000192_H123.csv,17,1,106,3,"[1, 0, 0, 0, 0, 0, 0, 0, 0, 0, 0, 0, 0, 0, 0, 0, 0, 0, 0, 0]","[0, 0, 1, 1, 27, 1, 23, 2, 1, 6, 6, 1, 17, 2, 1, 1, 6, 0, 8, 2]","[0, 1, 0, 0, 0, 0, 0, 0, 0, 0, 0, 0, 0, 0, 0, 0, 0, 2, 0, 0]",False,False,False,False
kaspersky.com,captura_0000192_H123.csv,18,1,94,2,"[1, 0, 0, 0, 0, 0, 0, 0, 0, 0, 0, 0, 0, 0, 0, 0, 0, 0, 0, 0]","[0, 0, 1, 1, 23, 1, 1, 2, 20, 4, 6, 1, 15, 2, 1, 1, 6, 7, 2, 0]","[0, 1, 0, 0, 0, 0, 0, 0, 0, 0, 0, 0, 0, 0, 0, 0, 0, 0, 0, 1]",False,False,False,False
kaspersky.com,captura_0000192_H123.csv,19,2,98,3,"[1, 0, 0, 0, 0, 0, 0, 0, 0, 0, 0, 0, 0, 0, 0, 0, 0, 0, 0, 0, 1]","[0, 0, 1, 1, 26, 1, 19, 2, 1, 6, 4, 1, 15, 2, 1, 1, 6, 0, 9, 2, 0]","[0, 1, 0, 0, 0, 0, 0, 0, 0, 0, 0, 0, 0, 0, 0, 0, 0, 2, 0, 0, 0]",False,False,False,False
kaspersky.com,captura_0000192_H123.csv,20,1,98,2,"[1, 0, 0, 0, 0, 0, 0, 0, 0, 0, 0, 0, 0, 0, 0, 0, 0, 0, 0, 0]","[0, 0, 1, 1, 26, 1, 1, 1, 22, 4, 5, 1, 15, 2, 1, 1, 8, 6, 0, 2]","[0, 1, 0, 0, 0, 0, 0, 0, 0, 0, 0, 0, 0, 0, 0, 0, 0, 0, 1, 0]",False,False,False,False
lencr.org,captura_0000160_H123.csv,1,6,25,1,"[1, 0, 0, 0, 3, 0, 0, 2, 0, 0, 0]","[0, 0, 1, 13, 0, 5, 1, 0, 2, 1, 2]","[0, 1, 0, 0, 0, 0, 0, 0, 0, 0, 0]",False,False,False,False
lencr.org,captura_0000160_H123.csv,2,6,24,1,"[1, 0, 0, 0, 3, 0, 0, 2, 0, 0, 0]","[0, 0, 1, 11, 0, 1, 6, 0, 2, 1, 2]","[0, 1, 0, 0, 0, 0, 0, 0, 0, 0, 0]",False,False,False,False
lencr.org,captura_0000160_H123.csv,3,6,26,1,"[1, 0, 0, 0, 3, 0, 0, 0, 2, 0, 0]","[0, 0, 1, 13, 0, 1, 6, 2, 0, 1, 2]","[0, 1, 0, 0, 0, 0, 0, 0, 0, 0, 0]",False,False,False,False
lencr.org,captura_0000160_H123.csv,4,6,25,1,"[1, 0, 0, 0, 3, 0, 0, 2, 0, 0]","[0, 0, 1, 13, 0, 1, 6, 0, 3, 1]","[0, 1, 0, 0, 0, 0, 0, 0, 0, 0]",False,False,False,False
lencr.org,captura_0000160_H123.csv,5,6,25,1,"[1, 0, 0, 0, 3, 0, 2, 0, 0, 0, 0]","[0, 0, 1, 12, 0, 1, 0, 2, 6, 1, 2]","[0, 1, 0, 0, 0, 0, 0, 0, 0, 0, 0]",False,False,False,False
lencr.org,captura_0000160_H123.csv,6,6,25,1,"[1, 0, 0, 0, 3, 0, 0, 2, 0, 0, 0]","[0, 0, 1, 13, 0, 1, 5, 0, 2, 1, 2]","[0, 1, 0, 0, 0, 0, 0, 0, 0, 0, 0]",False,False,False,False
lencr.org,captura_0000160_H123.csv,7,6,25,1,"[1, 0, 0, 0, 3, 0, 0, 0, 2, 0, 0]","[0, 0, 1, 12, 0, 6, 1, 2, 0, 1, 2]","[0, 1, 0, 0, 0, 0, 0, 0, 0, 0, 0]",False,False,False,False
lencr.org,captura_0000160_H123.csv,8,6,24,1,"[1, 0, 0, 0, 3, 0, 0, 2, 0, 0]","[0, 0, 1, 13, 0, 1, 6, 0, 2, 1]","[0, 1, 0, 0, 0, 0, 0, 0, 0, 0]",False,False,False,False
lencr.org,captura_0000160_H123.csv,9,6,23,1,"[1, 0, 0, 0, 3, 0, 2, 0, 0, 0]","[0, 0, 1, 12, 0, 1, 0, 2, 1, 6]","[0, 1, 0, 0, 0, 0, 0, 0, 0, 0]",False,False,False,False
lencr.org,captura_0000160_H123.csv,11,6,22,1,"[1, 0, 0, 0, 3, 0, 0, 0, 2, 0]","[0, 0, 1, 12, 0, 1, 5, 2, 0, 1]","[0, 1, 0, 0, 0, 0, 0, 0, 0, 0]",False,False,False,False
lencr.org,captura_0000160_H123.csv,12,6,26,1,"[1, 0, 0, 0, 3, 0, 0, 0, 2, 0, 0]","[0, 0, 1, 13, 0, 1, 6, 2, 0, 1, 2]","[0, 1, 0, 0, 0, 0, 0, 0, 0, 0, 0]",False,False,False,False
lencr.org,captura_0000160_H123.csv,13,6,26,1,"[1, 0, 0, 0, 3, 0, 2, 0, 0, 0, 0]","[0, 0, 1, 13, 0, 1, 0, 2, 1, 6, 2]","[0, 1, 0, 0, 0, 0, 0, 0, 0, 0, 0]",False,False,False,False
lencr.org,captura_0000160_H123.csv,14,6,24,1,"[1, 0, 0, 0, 3, 0, 0, 2, 0, 0, 0]","[0, 0, 1, 11, 0, 1, 6, 0, 2, 1, 2]","[0, 1, 0, 0, 0, 0, 0, 0, 0, 0, 0]",False,False,False,False
lencr.org,captura_0000160_H123.csv,15,6,24,1,"[1, 0, 0, 0, 3, 0, 0, 2, 0, 0]","[0, 0, 1, 13, 0, 1, 2, 0, 1, 6]","[0, 1, 0, 0, 0, 0, 0, 0, 0, 0]",False,False,False,False
lencr.org,captura_0000160_H123.csv,16,6,24,1,"[1, 0, 0, 0, 3, 0, 0, 0, 2, 0, 0]","[0, 0, 1, 12, 0, 1, 5, 2, 0, 1, 2]","[0, 1, 0, 0, 0, 0, 0, 0, 0, 0, 0]",False,False,False,False
lencr.org,captura_0000160_H123.csv,17,6,24,1,"[1, 0, 0, 0, 3, 0, 0, 2, 0, 0]","[0, 1, 0, 13, 0, 1, 6, 0, 2, 1]","[0, 0, 1, 0, 0, 0, 0, 0, 0, 0]",False,False,False,False
lencr.org,captura_0000160_H123.csv,18,6,23,1,"[1, 0, 0, 0, 3, 0, 2, 0, 0, 0]","[0, 0, 1, 12, 0, 1, 0, 2, 6, 1]","[0, 1, 0, 0, 0, 0, 0, 0, 0, 0]",False,False,False,False
lencr.org,captura_0000160_H123.csv,19,6,25,1,"[1, 0, 0, 0, 3, 0, 0, 0, 2, 0, 0]","[0, 0, 1, 12, 0, 6, 1, 2, 0, 1, 2]","[0, 1, 0, 0, 0, 0, 0, 0, 0, 0, 0]",False,False,False,False
linkedin.com,captura_0000020_H123.csv,5,2,32,80,"[1, 0, 0, 0, 0, 0, 0, 0, 0, 0, 1, 0, 0, 0, 0, 0, 0, 0]","[0, 0, 2, 4, 8, 0, 0, 0, 1, 2, 0, 4, 0, 6, 0, 0, 2, 3]","[0, 1, 0, 0, 0, 16, 1, 51, 0, 0, 0, 0, 1, 0, 9, 1, 0, 0]",False,False,False,False
linkedin.com,captura_0000020_H123.csv,6,2,32,77,"[1, 0, 0, 0, 0, 0, 0, 0, 0, 0, 1, 0, 0, 0, 0, 0, 0, 0]","[0, 0, 2, 4, 8, 0, 0, 0, 1, 2, 0, 4, 0, 6, 0, 0, 2, 3]","[0, 1, 0, 0, 0, 16, 1, 51, 0, 0, 0, 0, 1, 0, 6, 1, 0, 0]",False,False,False,False
linkedin.com,captura_0000020_H123.csv,7,2,30,77,"[1, 0, 0, 0, 0, 0, 0, 0, 0, 0, 1, 0, 0, 0, 0, 0, 0, 0]","[0, 0, 2, 4, 7, 0, 0, 0, 1, 2, 0, 4, 0, 5, 0, 0, 2, 3]","[0, 1, 0, 0, 0, 15, 1, 50, 0, 0, 0, 0, 1, 0, 7, 2, 0, 0]",False,False,False,False
linkedin.com,captura_0000020_H123.csv,8,2,31,75,"[1, 0, 0, 0, 0, 0, 0, 0, 0, 0, 0, 1, 0, 0, 0, 0, 0, 0]","[0, 0, 2, 4, 7, 0, 0, 0, 1, 2, 4, 0, 0, 6, 0, 0, 2, 3]","[0, 1, 0, 0, 0, 15, 1, 50, 0, 0, 0, 0, 1, 0, 1, 6, 0, 0]",False,False,False,False
linkedin.com,captura_0000020_H123.csv,9,2,33,76,"[1, 0, 0, 0, 0, 0, 0, 0, 0, 0, 1, 0, 0, 0, 0, 0, 0, 0, 0, 0]","[0, 0, 2, 4, 6, 0, 0, 0, 1, 2, 0, 4, 0, 2, 1, 6, 0, 0, 2, 3]","[0, 1, 0, 0, 0, 15, 1, 50, 0, 0, 0, 0, 1, 0, 0, 0, 6, 2, 0, 0]",False,False,False,False
linkedin.com,captura_0000020_H123.csv,10,2,31,76,"[1, 0, 0, 0, 0, 0, 0, 0, 0, 0, 1, 0, 0, 0, 0, 0, 0, 0]","[0, 0, 2, 4, 7, 0, 0, 0, 1, 2, 0, 4, 0, 6, 0, 0, 2, 3]","[0, 1, 0, 0, 0, 15, 1, 50, 0, 0, 0, 0, 1, 0, 6, 2, 0, 0]",False,False,False,False
linkedin.com,captura_0000020_H123.csv,12,2,34,77,"[1, 0, 0, 0, 0, 0, 0, 0, 0, 0, 1, 0, 0, 0, 0, 0, 0, 0, 0, 0]","[0, 0, 2, 4, 7, 0, 0, 0, 1, 2, 0, 4, 0, 2, 1, 6, 0, 0, 2, 3]","[0, 1, 0, 0, 0, 15, 1, 52, 0, 0, 0, 0, 1, 0, 0, 0, 6, 1, 0, 0]",False,False,False,False
linkedin.com,captura_0000020_H123.csv,14,2,31,76,"[1, 0, 0, 0, 0, 0, 0, 0, 0, 0, 1, 0, 0, 0, 0, 0, 0, 0]","[0, 0, 2, 4, 7, 0, 0, 0, 1, 2, 0, 4, 0, 6, 0, 0, 2, 3]","[0, 1, 0, 0, 0, 15, 1, 51, 0, 0, 0, 0, 1, 0, 6, 1, 0, 0]",False,False,False,False
linkedin.com,captura_0000020_H123.csv,15,2,31,75,"[1, 0, 0, 0, 0, 0, 0, 0, 0, 0, 1, 0, 0, 0, 0, 0, 0, 0]","[0, 0, 2, 4, 7, 0, 0, 0, 1, 2, 0, 4, 6, 0, 0, 0, 2, 3]","[0, 1, 0, 0, 0, 15, 1, 50, 0, 0, 0, 0, 0, 1, 1, 6, 0, 0]",False,False,False,False
linkedin.com,captura_0000020_H123.csv,17,2,30,76,"[1, 0, 0, 0, 0, 0, 0, 0, 0, 0, 1, 0, 0, 0, 0, 0, 0, 0]","[0, 0, 2, 4, 6, 0, 0, 0, 1, 2, 0, 4, 0, 0, 6, 0, 2, 3]","[0, 1, 0, 0, 0, 14, 1, 50, 0, 0, 0, 0, 1, 6, 0, 3, 0, 0]",False,False,False,False
linkedin.com,captura_0000020_H123.csv,18,2,31,75,"[1, 0, 0, 0, 0, 0, 0, 0, 0, 0, 1, 0, 0, 0, 0, 0, 0, 0]","[0, 0, 2, 4, 7, 0, 0, 0, 1, 2, 0, 4, 0, 0, 6, 0, 2, 3]","[0, 1, 0, 0, 0, 15, 1, 50, 0, 0, 0, 0, 1, 6, 0, 1, 0, 0]",False,False,False,False
linkedin.com,captura_0000020_H123.csv,20,2,31,75,"[1, 0, 0, 0, 0, 0, 0, 0, 0, 0, 1, 0, 0, 0, 0, 0, 0, 0]","[0, 0, 2, 4, 7, 0, 0, 0, 1, 2, 0, 4, 0, 6, 0, 0, 2, 3]","[0, 1, 0, 0, 0, 15, 1, 50, 0, 0, 0, 0, 1, 0, 1, 6, 0, 0]",False,False,False,False
linkos.bg,captura_0000194_H123.csv,1,33,12,2,"[1, 0, 8, 7, 4, 5, 4, 4, 0, 0, 0, 0, 0, 0]","[0, 0, 0, 0, 0, 0, 0, 0, 0, 1, 2, 1, 6, 2]","[0, 1, 0, 0, 0, 0, 0, 0, 1, 0, 0, 0, 0, 0]",False,False,False,False
linkos.bg,captura_0000194_H123.csv,2,33,12,2,"[1, 0, 5, 8, 6, 6, 3, 4, 0, 0, 0, 0, 0, 0]","[0, 0, 0, 0, 0, 0, 0, 0, 0, 1, 2, 1, 6, 2]","[0, 1, 0, 0, 0, 0, 0, 0, 1, 0, 0, 0, 0, 0]",False,False,False,False
linkos.bg,captura_0000194_H123.csv,3,33,12,2,"[1, 0, 8, 6, 4, 4, 6, 4, 0, 0, 0, 0, 0, 0]","[0, 0, 0, 0, 0, 0, 0, 0, 0, 1, 2, 1, 6, 2]","[0, 1, 0, 0, 0, 0, 0, 0, 1, 0, 0, 0, 0, 0]",False,False,False,False
linkos.bg,captura_0000194_H123.csv,4,33,12,2,"[1, 0, 7, 7, 5, 4, 4, 5, 0, 0, 0, 0, 0, 0]","[0, 0, 0, 0, 0, 0, 0, 0, 0, 1, 2, 1, 6, 2]","[0, 1, 0, 0, 0, 0, 0, 0, 1, 0, 0, 0, 0, 0]",False,False,False,False
linkos.bg,captura_0000194_H123.csv,5,33,12,2,"[1, 0, 7, 6, 5, 5, 4, 5, 0, 0, 0, 0, 0, 0]","[0, 0, 0, 0, 0, 0, 0, 0, 0, 1, 2, 1, 6, 2]","[0, 1, 0, 0, 0, 0, 0, 0, 1, 0, 0, 0, 0, 0]",False,False,False,False
linkos.bg,captura_0000194_H123.csv,6,33,12,2,"[1, 0, 7, 7, 5, 5, 3, 5, 0, 0, 0, 0, 0, 0]","[0, 0, 0, 0, 0, 0, 0, 0, 0, 1, 2, 1, 6, 2]","[0, 1, 0, 0, 0, 0, 0, 0, 1, 0, 0, 0, 0, 0]",False,False,False,False
linkos.bg,captura_0000194_H123.csv,7,33,11,2,"[1, 0, 7, 8, 5, 5, 3, 4, 0, 0, 0, 0, 0, 0]","[0, 0, 0, 0, 0, 0, 0, 0, 0, 1, 2, 1, 5, 2]","[0, 1, 0, 0, 0, 0, 0, 0, 1, 0, 0, 0, 0, 0]",False,False,False,False
linkos.bg,captura_0000194_H123.csv,8,33,12,2,"[1, 0, 7, 7, 5, 5, 3, 5, 0, 0, 0, 0, 0, 0]","[0, 0, 0, 0, 0, 0, 0, 0, 0, 1, 2, 1, 6, 2]","[0, 1, 0, 0, 0, 0, 0, 0, 1, 0, 0, 0, 0, 0]",False,False,False,False
linkos.bg,captura_0000194_H123.csv,9,33,12,2,"[1, 0, 9, 6, 5, 5, 3, 4, 0, 0, 0, 0, 0, 0]","[0, 0, 0, 0, 0, 0, 0, 0, 0, 1, 2, 1, 6, 2]","[0, 1, 0, 0, 0, 0, 0, 0, 1, 0, 0, 0, 0, 0]",False,False,False,False
linkos.bg,captura_0000194_H123.csv,10,33,12,2,"[1, 0, 6, 8, 5, 4, 3, 6, 0, 0, 0, 0, 0, 0]","[0, 0, 0, 0, 0, 0, 0, 0, 0, 1, 2, 1, 6, 2]","[0, 1, 0, 0, 0, 0, 0, 0, 1, 0, 0, 0, 0, 0]",False,False,False,False
linkos.bg,captura_0000194_H123.csv,11,33,12,2,"[1, 0, 6, 7, 5, 5, 4, 5, 0, 0, 0, 0, 0, 0]","[0, 0, 0, 0, 0, 0, 0, 0, 0, 1, 2, 1, 6, 2]","[0, 1, 0, 0, 0, 0, 0, 0, 1, 0, 0, 0, 0, 0]",False,False,False,False
linkos.bg,captura_0000194_H123.csv,12,33,12,2,"[1, 0, 7, 7, 3, 5, 5, 5, 0, 0, 0, 0, 0, 0]","[0, 0, 0, 0, 0, 0, 0, 0, 0, 1, 2, 1, 6, 2]","[0, 1, 0, 0, 0, 0, 0, 0, 1, 0, 0, 0, 0, 0]",False,False,False,False
linkos.bg,captura_0000194_H123.csv,13,33,13,2,"[1, 0, 7, 8, 3, 5, 5, 4, 0, 0, 0, 0, 0, 0]","[0, 0, 0, 0, 0, 0, 0, 0, 0, 1, 2, 1, 7, 2]","[0, 1, 0, 0, 0, 0, 0, 0, 1, 0, 0, 0, 0, 0]",False,False,False,False
linkos.bg,captura_0000194_H123.csv,14,33,10,2,"[1, 0, 9, 6, 5, 5, 3, 4, 0, 0, 0, 0, 0]","[0, 0, 0, 0, 0, 0, 0, 0, 0, 1, 2, 1, 6]","[0, 1, 0, 0, 0, 0, 0, 0, 1, 0, 0, 0, 0]",False,False,False,False
linkos.bg,captura_0000194_H123.csv,16,33,10,2,"[1, 0, 8, 7, 3, 5, 4, 5, 0, 0, 0, 0, 0]","[0, 0, 0, 0, 0, 0, 0, 0, 0, 1, 2, 1, 6]","[0, 1, 0, 0, 0, 0, 0, 0, 1, 0, 0, 0, 0]",False,False,False,False
linkos.bg,captura_0000194_H123.csv,17,33,10,2,"[1, 0, 6, 6, 5, 5, 6, 4, 0, 0, 0, 0, 0]","[0, 0, 0, 0, 0, 0, 0, 0, 0, 1, 2, 1, 6]","[0, 1, 0, 0, 0, 0, 0, 0, 1, 0, 0, 0, 0]",False,False,False,False
linkos.bg,captura_0000194_H123.csv,18,33,10,2,"[1, 0, 7, 6, 5, 5, 6, 3, 0, 0, 0, 0, 0]","[0, 0, 0, 0, 0, 0, 0, 0, 0, 1, 2, 1, 6]","[0, 1, 0, 0, 0, 0, 0, 0, 1, 0, 0, 0, 0]",False,False,False,False
linkos.bg,captura_0000194_H123.csv,19,33,12,2,"[1, 0, 6, 6, 5, 5, 4, 6, 0, 0, 0, 0, 0, 0]","[0, 0, 0, 0, 0, 0, 0, 0, 0, 1, 2, 1, 6, 2]","[0, 1, 0, 0, 0, 0, 0, 0, 1, 0, 0, 0, 0, 0]",False,False,False,False
linkos.bg,captura_0000194_H123.csv,20,33,10,2,"[1, 0, 6, 6, 5, 6, 5, 4, 0, 0, 0, 0, 0]","[0, 0, 0, 0, 0, 0, 0, 0, 0, 1, 2, 1, 6]","[0, 1, 0, 0, 0, 0, 0, 0, 1, 0, 0, 0, 0]",False,False,False,False
live.com,captura_0000022_H123.csv,1,1,138,6,"[1, 0, 0, 0, 0, 0, 0, 0, 0, 0, 0, 0, 0, 0, 0, 0, 0, 0, 0, 0, 0, 0, 0, 0, 0, 0, 0, 0]","[0, 0, 2, 3, 0, 8, 0, 0, 2, 3, 3, 45, 6, 1, 1, 1, 2, 16, 3, 3, 2, 2, 3, 6, 2, 11, 12, 1]","[0, 1, 0, 0, 2, 0, 2, 1, 0, 0, 0, 0, 0, 0, 0, 0, 0, 0, 0, 0, 0, 0, 0, 0, 0, 0, 0, 0]",False,False,False,False
live.com,captura_0000022_H123.csv,4,1,138,6,"[1, 0, 0, 0, 0, 0, 0, 0, 0, 0, 0, 0, 0, 0, 0, 0, 0, 0, 0, 0, 0, 0, 0, 0, 0, 0, 0, 0]","[0, 0, 2, 3, 0, 9, 0, 0, 2, 3, 3, 46, 6, 1, 1, 2, 15, 1, 2, 2, 3, 2, 3, 6, 2, 11, 12, 1]","[0, 1, 0, 0, 2, 0, 2, 1, 0, 0, 0, 0, 0, 0, 0, 0, 0, 0, 0, 0, 0, 0, 0, 0, 0, 0, 0, 0]",False,False,False,False
live.com,captura_0000022_H123.csv,5,1,130,6,"[1, 0, 0, 0, 0, 0, 0, 0, 0, 0, 0, 0, 0, 0, 0, 0, 0, 0, 0, 0, 0, 0, 0, 0, 0, 0, 0, 0]","[0, 2, 0, 3, 0, 5, 0, 0, 2, 6, 3, 3, 48, 1, 1, 2, 15, 1, 2, 2, 3, 2, 3, 2, 12, 1, 4, 7]","[0, 0, 1, 0, 2, 0, 2, 1, 0, 0, 0, 0, 0, 0, 0, 0, 0, 0, 0, 0, 0, 0, 0, 0, 0, 0, 0, 0]",False,False,False,False
live.com,captura_0000022_H123.csv,6,1,142,6,"[1, 0, 0, 0, 0, 0, 0, 0, 0, 0, 0, 0, 0, 0, 0, 0, 0, 0, 0, 0, 0, 0, 0, 0, 0, 0, 0, 0, 0, 0, 0]","[0, 1, 2, 3, 0, 7, 0, 0, 2, 3, 42, 6, 0, 1, 3, 1, 2, 1, 15, 2, 3, 2, 3, 3, 6, 2, 2, 11, 12, 1, 6]","[0, 0, 0, 0, 2, 0, 2, 1, 0, 0, 0, 0, 1, 0, 0, 0, 0, 0, 0, 0, 0, 0, 0, 0, 0, 0, 0, 0, 0, 0, 0]",False,False,False,False
live.com,captura_0000022_H123.csv,7,1,134,6,"[1, 0, 0, 0, 0, 0, 0, 0, 0, 0, 0, 0, 0, 0, 0, 0, 0, 0, 0, 0, 0, 0, 0, 0, 0, 0, 0, 0]","[0, 0, 2, 3, 0, 8, 0, 0, 2, 41, 3, 4, 6, 1, 1, 2, 1, 18, 2, 3, 2, 2, 3, 5, 3, 9, 12, 1]","[0, 1, 0, 0, 2, 0, 2, 1, 0, 0, 0, 0, 0, 0, 0, 0, 0, 0, 0, 0, 0, 0, 0, 0, 0, 0, 0, 0]",False,False,False,False
live.com,captura_0000022_H123.csv,9,1,135,6,"[1, 0, 0, 0, 0, 0, 0, 0, 0, 0, 0, 0, 0, 0, 0, 0, 0, 0, 0, 0, 0, 0, 0, 0, 0, 0, 0, 0]","[0, 0, 2, 3, 0, 9, 0, 0, 2, 41, 3, 6, 1, 3, 1, 2, 17, 1, 2, 2, 3, 2, 3, 6, 2, 11, 12, 1]","[0, 1, 0, 0, 2, 0, 2, 1, 0, 0, 0, 0, 0, 0, 0, 0, 0, 0, 0, 0, 0, 0, 0, 0, 0, 0, 0, 0]",False,False,False,False
live.com,captura_0000022_H123.csv,10,1,139,6,"[1, 0, 0, 0, 0, 0, 0, 0, 0, 0, 0, 0, 0, 0, 0, 0, 0, 0, 0, 0, 0, 0, 0, 0, 0, 0, 0, 0]","[0, 0, 2, 3, 0, 8, 0, 0, 2, 46, 3, 3, 1, 1, 5, 2, 1, 15, 2, 3, 2, 3, 6, 2, 2, 11, 15, 1]","[0, 1, 0, 0, 2, 0, 2, 1, 0, 0, 0, 0, 0, 0, 0, 0, 0, 0, 0, 0, 0, 0, 0, 0, 0, 0, 0, 0]",False,False,False,False
live.com,captura_0000022_H123.csv,11,1,135,6,"[1, 0, 0, 0, 0, 0, 0, 0, 0, 0, 0, 0, 0, 0, 0, 0, 0, 0, 0, 0, 0, 0, 0, 0, 0, 0, 0, 0]","[0, 0, 2, 3, 0, 7, 0, 0, 2, 3, 43, 3, 6, 1, 1, 2, 1, 17, 2, 2, 3, 2, 3, 6, 2, 12, 11, 1]","[0, 1, 0, 0, 2, 0, 2, 1, 0, 0, 0, 0, 0, 0, 0, 0, 0, 0, 0, 0, 0, 0, 0, 0, 0, 0, 0, 0]",False,False,False,False
live.com,captura_0000022_H123.csv,13,1,136,6,"[1, 0, 0, 0, 0, 0, 0, 0, 0, 0, 0, 0, 0, 0, 0, 0, 0, 0, 0, 0, 0, 0, 0, 0, 0, 0, 0, 0]","[0, 0, 2, 3, 0, 7, 0, 0, 2, 40, 3, 3, 6, 1, 1, 2, 1, 17, 2, 3, 2, 2, 3, 7, 3, 12, 13, 1]","[0, 1, 0, 0, 2, 0, 2, 1, 0, 0, 0, 0, 0, 0, 0, 0, 0, 0, 0, 0, 0, 0, 0, 0, 0, 0, 0, 0]",False,False,False,False
live.com,captura_0000022_H123.csv,15,1,143,6,"[1, 0, 0, 0, 0, 0, 0, 0, 0, 0, 0, 0, 0, 0, 0, 0, 0, 0, 0, 0, 0, 0, 0, 0, 0, 0, 0, 0]","[0, 0, 2, 3, 0, 7, 0, 0, 2, 47, 3, 3, 1, 1, 2, 17, 1, 3, 3, 2, 3, 6, 2, 11, 15, 1, 2, 6]","[0, 1, 0, 0, 2, 0, 2, 1, 0, 0, 0, 0, 0, 0, 0, 0, 0, 0, 0, 0, 0, 0, 0, 0, 0, 0, 0, 0]",False,False,False,False
live.com,captura_0000022_H123.csv,16,1,142,6,"[1, 0, 0, 0, 0, 0, 0, 0, 0, 0, 0, 0, 0, 0, 0, 0, 0, 0, 0, 0, 0, 0, 0, 0, 0, 0, 0, 0]","[0, 0, 2, 3, 0, 10, 0, 0, 2, 48, 3, 5, 3, 1, 1, 1, 2, 17, 2, 3, 2, 3, 6, 2, 2, 11, 12, 1]","[0, 1, 0, 0, 2, 0, 2, 1, 0, 0, 0, 0, 0, 0, 0, 0, 0, 0, 0, 0, 0, 0, 0, 0, 0, 0, 0, 0]",False,False,False,False
live.com,captura_0000022_H123.csv,17,1,140,6,"[1, 0, 0, 0, 0, 0, 0, 0, 0, 0, 0, 0, 0, 0, 0, 0, 0, 0, 0, 0, 0, 0, 0, 0, 0, 0, 0, 0]","[0, 0, 2, 3, 0, 8, 0, 0, 2, 6, 44, 3, 3, 1, 1, 2, 1, 17, 2, 3, 2, 6, 3, 2, 11, 2, 15, 1]","[0, 1, 0, 0, 2, 0, 2, 1, 0, 0, 0, 0, 0, 0, 0, 0, 0, 0, 0, 0, 0, 0, 0, 0, 0, 0, 0, 0]",False,False,False,False
live.com,captura_0000022_H123.csv,19,1,147,6,"[1, 0, 0, 0, 0, 0, 0, 0, 0, 0, 0, 0, 0, 0, 0, 0, 0, 0, 0, 0, 0, 0, 0, 0, 0, 0, 0, 0, 0, 0]","[0, 0, 2, 3, 0, 7, 0, 0, 2, 3, 3, 50, 6, 1, 1, 2, 1, 18, 2, 2, 3, 3, 2, 3, 5, 2, 12, 9, 1, 4]","[0, 1, 0, 0, 2, 0, 2, 1, 0, 0, 0, 0, 0, 0, 0, 0, 0, 0, 0, 0, 0, 0, 0, 0, 0, 0, 0, 0, 0, 0]",False,False,False,False
live.com,captura_0000022_H123.csv,20,1,151,6,"[1, 0, 0, 0, 0, 0, 0, 0, 0, 0, 0, 0, 0, 0, 0, 0, 0, 0, 0, 0, 0, 0, 0, 0, 0, 0, 0, 0, 0]","[0, 0, 2, 3, 0, 9, 0, 0, 2, 52, 3, 3, 6, 1, 1, 2, 16, 1, 2, 2, 2, 3, 2, 7, 3, 3, 13, 12, 1]","[0, 1, 0, 0, 2, 0, 2, 1, 0, 0, 0, 0, 0, 0, 0, 0, 0, 0, 0, 0, 0, 0, 0, 0, 0, 0, 0, 0, 0]",False,False,False,False
mail.ru,captura_0000003_H123.csv,1,81,259,1,"[1, 0, 0, 0, 0, 0, 0, 0, 0, 0, 0, 0, 0, 0, 0, 1, 0, 0, 0, 2, 0, 5, 0, 2, 0, 0, 0, 0, 1, 0, 0, 6, 0, 0, 0, 0, 1, 0, 0, 0, 0, 0, 0, 0, 0, 0, 1, 1, 2, 1, 2, 2, 0, 1, 3, 1, 1, 3, 1, 11, 2, 3, 5, 1, 0, 0, 4, 0, 4, 4, 0, 1, 1, 1, 2, 2, 2]","[0, 0, 20, 1, 2, 19, 3, 12, 48, 1, 8, 6, 2, 19, 16, 0, 6, 1, 2, 0, 8, 0, 1, 0, 1, 3, 1, 14, 0, 7, 4, 0, 4, 1, 2, 3, 0, 3, 4, 1, 1, 1, 1, 1, 1, 1, 0, 0, 0, 0, 0, 0, 8, 0, 0, 0, 0, 0, 0, 0, 0, 0, 0, 0, 3, 3, 0, 2, 0, 0, 14, 0, 0, 0, 0, 0, 0]","[0, 1, 0, 0, 0, 0, 0, 0, 0, 0, 0, 0, 0, 0, 0, 0, 0, 0, 0, 0, 0, 0, 0, 0, 0, 0, 0, 0, 0, 0, 0, 0, 0, 0, 0, 0, 0, 0, 0, 0, 0, 0, 0, 0, 0, 0, 0, 0, 0, 0, 0, 0, 0, 0, 0, 0, 0, 0, 0, 0, 0, 0, 0, 0, 0, 0, 0, 0, 0, 0, 0, 0, 0, 0, 0, 0, 0]",False,False,False,False
mail.ru,captura_0000003_H123.csv,2,84,260,1,"[1, 0, 0, 0, 0, 0, 0, 0, 0, 0, 0, 0, 0, 0, 0, 0, 0, 0, 1, 0, 0, 0, 0, 2, 0, 1, 0, 0, 0, 0, 3, 2, 2, 0, 0, 0, 0, 0, 6, 0, 0, 0, 2, 3, 0, 1, 2, 0, 0, 0, 0, 0, 0, 3, 1, 2, 1, 1, 2, 8, 10, 3, 2, 3, 1, 0, 0, 4, 4, 0, 4, 0, 1, 1, 1, 0, 2, 2, 2]","[0, 0, 24, 1, 2, 4, 3, 22, 6, 11, 37, 10, 7, 1, 1, 17, 7, 12, 0, 2, 1, 3, 2, 0, 1, 0, 8, 16, 1, 2, 0, 0, 0, 4, 1, 7, 4, 4, 0, 1, 3, 6, 0, 0, 1, 0, 0, 1, 1, 1, 1, 3, 10, 0, 0, 0, 0, 0, 0, 0, 0, 0, 0, 0, 0, 1, 3, 0, 0, 2, 0, 3, 0, 0, 0, 2, 0, 0, 0]","[0, 1, 0, 0, 0, 0, 0, 0, 0, 0, 0, 0, 0, 0, 0, 0, 0, 0, 0, 0, 0, 0, 0, 0, 0, 0, 0, 0, 0, 0, 0, 0, 0, 0, 0, 0, 0, 0, 0, 0, 0, 0, 0, 0, 0, 0, 0, 0, 0, 0, 0, 0, 0, 0, 0, 0, 0, 0, 0, 0, 0, 0, 0, 0, 0, 0, 0, 0, 0, 0, 0, 0, 0, 0, 0, 0, 0, 0, 0]",False,False,False,False
mail.ru,captura_0000003_H123.csv,3,82,251,1,"[1, 0, 0, 0, 0, 0, 0, 0, 0, 0, 0, 0, 0, 0, 0, 0, 0, 0, 1, 0, 0, 2, 0, 5, 0, 2, 0, 0, 1, 0, 0, 0, 0, 0, 6, 0, 0, 0, 1, 0, 0, 2, 0, 0, 0, 0, 0, 1, 1, 1, 2, 2, 0, 1, 3, 0, 0, 1, 1, 5, 12, 1, 4, 3, 1, 1, 0, 4, 4, 0, 0, 4, 0, 1, 1, 1, 2, 2, 2, 0]","[0, 0, 24, 1, 2, 3, 20, 3, 7, 13, 5, 37, 1, 7, 6, 1, 17, 13, 0, 2, 2, 0, 8, 0, 1, 0, 1, 3, 0, 12, 1, 7, 3, 4, 0, 1, 2, 1, 0, 4, 1, 0, 1, 1, 1, 6, 1, 0, 0, 0, 0, 0, 1, 0, 0, 8, 2, 0, 0, 0, 0, 0, 0, 0, 0, 0, 3, 0, 0, 2, 2, 0, 4, 0, 0, 0, 0, 0, 0, 6]","[0, 1, 0, 0, 0, 0, 0, 0, 0, 0, 0, 0, 0, 0, 0, 0, 0, 0, 0, 0, 0, 0, 0, 0, 0, 0, 0, 0, 0, 0, 0, 0, 0, 0, 0, 0, 0, 0, 0, 0, 0, 0, 0, 0, 0, 0, 0, 0, 0, 0, 0, 0, 0, 0, 0, 0, 0, 0, 0, 0, 0, 0, 0, 0, 0, 0, 0, 0, 0, 0, 0, 0, 0, 0, 0, 0, 0, 0, 0, 0]",False,False,False,False
mail.ru,captura_0000003_H123.csv,4,82,252,1,"[1, 0, 0, 0, 0, 0, 0, 0, 0, 0, 0, 0, 0, 0, 0, 0, 1, 0, 0, 2, 0, 0, 0, 0, 0, 2, 5, 0, 1, 0, 0, 0, 0, 0, 0, 0, 0, 0, 6, 0, 0, 0, 0, 1, 2, 1, 2, 2, 0, 0, 0, 0, 0, 1, 3, 2, 1, 1, 3, 2, 2, 2, 9, 8, 1, 0, 4, 4, 0, 4, 0, 1, 1, 1, 0, 2, 2, 2]","[0, 0, 22, 1, 2, 19, 6, 3, 12, 48, 5, 1, 1, 1, 17, 12, 0, 2, 7, 0, 2, 8, 5, 1, 3, 0, 0, 1, 0, 14, 1, 2, 2, 4, 1, 7, 4, 4, 0, 1, 3, 1, 6, 0, 0, 0, 0, 0, 1, 1, 1, 1, 8, 0, 0, 0, 0, 0, 0, 0, 0, 0, 0, 0, 0, 3, 0, 0, 2, 0, 4, 0, 0, 0, 2, 0, 0, 0]","[0, 1, 0, 0, 0, 0, 0, 0, 0, 0, 0, 0, 0, 0, 0, 0, 0, 0, 0, 0, 0, 0, 0, 0, 0, 0, 0, 0, 0, 0, 0, 0, 0, 0, 0, 0, 0, 0, 0, 0, 0, 0, 0, 0, 0, 0, 0, 0, 0, 0, 0, 0, 0, 0, 0, 0, 0, 0, 0, 0, 0, 0, 0, 0, 0, 0, 0, 0, 0, 0, 0, 0, 0, 0, 0, 0, 0, 0]",False,False,False,False
mail.ru,captura_0000003_H123.csv,5,86,256,1,"[1, 0, 0, 0, 0, 0, 0, 0, 0, 0, 0, 0, 0, 0, 0, 0, 0, 0, 0, 1, 0, 2, 0, 2, 5, 0, 0, 0, 0, 1, 0, 0, 0, 0, 8, 0, 0, 1, 0, 0, 0, 0, 0, 2, 0, 0, 0, 3, 2, 0, 2, 1, 4, 0, 0, 1, 1, 4, 12, 1, 6, 2, 2, 1, 0, 3, 4, 4, 0, 0, 0, 0, 2, 1, 1, 2, 2, 2]","[0, 0, 21, 1, 2, 2, 20, 12, 3, 38, 10, 6, 7, 1, 8, 1, 17, 12, 2, 0, 1, 0, 8, 0, 0, 1, 1, 3, 1, 0, 14, 7, 3, 4, 0, 1, 2, 0, 4, 1, 1, 6, 1, 0, 1, 1, 1, 0, 0, 1, 0, 0, 0, 9, 9, 0, 0, 0, 0, 0, 0, 0, 0, 0, 3, 0, 0, 0, 2, 2, 3, 2, 0, 0, 0, 0, 0, 0]","[0, 1, 0, 0, 0, 0, 0, 0, 0, 0, 0, 0, 0, 0, 0, 0, 0, 0, 0, 0, 0, 0, 0, 0, 0, 0, 0, 0, 0, 0, 0, 0, 0, 0, 0, 0, 0, 0, 0, 0, 0, 0, 0, 0, 0, 0, 0, 0, 0, 0, 0, 0, 0, 0, 0, 0, 0, 0, 0, 0, 0, 0, 0, 0, 0, 0, 0, 0, 0, 0, 0, 0, 0, 0, 0, 0, 0, 0]",False,False,False,False
mail.ru,captura_0000003_H123.csv,6,83,252,1,"[1, 0, 0, 0, 0, 0, 0, 0, 0, 0, 0, 0, 0, 0, 0, 0, 0, 0, 1, 0, 0, 0, 2, 0, 5, 0, 2, 0, 0, 2, 0, 0, 0, 0, 0, 6, 0, 0, 0, 0, 1, 2, 0, 0, 0, 0, 0, 0, 2, 2, 2, 1, 0, 1, 3, 0, 1, 1, 4, 6, 3, 2, 2, 8, 1, 0, 0, 4, 4, 0, 4, 0, 1, 1, 1, 0, 2, 2, 2, 1]","[0, 0, 22, 1, 2, 4, 3, 20, 10, 39, 12, 8, 1, 1, 5, 17, 13, 7, 0, 1, 2, 2, 0, 8, 0, 1, 0, 1, 3, 0, 12, 2, 7, 4, 4, 0, 1, 2, 1, 6, 0, 0, 4, 1, 1, 1, 1, 1, 0, 0, 0, 0, 1, 0, 0, 8, 0, 0, 0, 0, 0, 0, 0, 0, 0, 2, 3, 0, 0, 2, 0, 3, 0, 0, 0, 2, 0, 0, 0, 0]","[0, 1, 0, 0, 0, 0, 0, 0, 0, 0, 0, 0, 0, 0, 0, 0, 0, 0, 0, 0, 0, 0, 0, 0, 0, 0, 0, 0, 0, 0, 0, 0, 0, 0, 0, 0, 0, 0, 0, 0, 0, 0, 0, 0, 0, 0, 0, 0, 0, 0, 0, 0, 0, 0, 0, 0, 0, 0, 0, 0, 0, 0, 0, 0, 0, 0, 0, 0, 0, 0, 0, 0, 0, 0, 0, 0, 0, 0, 0, 0]",False,False,False,False
mail.ru,captura_0000003_H123.csv,7,82,255,1,"[1, 0, 0, 0, 0, 0, 0, 0, 0, 0, 0, 0, 0, 0, 0, 1, 0, 0, 0, 2, 0, 0, 0, 0, 0, 1, 5, 0, 0, 0, 0, 0, 0, 0, 0, 6, 0, 0, 0, 0, 1, 2, 3, 2, 0, 0, 0, 0, 2, 2, 0, 3, 1, 1, 1, 3, 1, 2, 4, 12, 3, 1, 0, 4, 4, 0, 4, 0, 0, 2, 1, 1, 2, 2, 2, 0]","[0, 0, 24, 1, 2, 3, 19, 13, 53, 1, 1, 6, 1, 17, 12, 0, 7, 2, 2, 0, 8, 1, 3, 1, 14, 0, 0, 1, 2, 2, 4, 1, 7, 4, 4, 0, 2, 3, 1, 5, 0, 0, 0, 0, 1, 1, 1, 1, 0, 0, 7, 0, 0, 0, 0, 0, 0, 0, 0, 0, 0, 0, 3, 0, 0, 2, 0, 4, 2, 0, 0, 0, 0, 0, 0, 6]","[0, 1, 0, 0, 0, 0, 0, 0, 0, 0, 0, 0, 0, 0, 0, 0, 0, 0, 0, 0, 0, 0, 0, 0, 0, 0, 0, 0, 0, 0, 0, 0, 0, 0, 0, 0, 0, 0, 0, 0, 0, 0, 0, 0, 0, 0, 0, 0, 0, 0, 0, 0, 0, 0, 0, 0, 0, 0, 0, 0, 0, 0, 0, 0, 0, 0, 0, 0, 0, 0, 0, 0, 0, 0, 0, 0]",False,False,False,False
mail.ru,captura_0000003_H123.csv,8,84,262,1,"[1, 0, 0, 0, 0, 0, 0, 0, 0, 0, 0, 0, 0, 0, 0, 0, 0, 1, 0, 2, 0, 0, 0, 0, 1, 0, 2, 5, 0, 0, 0, 0, 6, 0, 0, 0, 1, 0, 0, 0, 0, 0, 0, 0, 2, 1, 1, 1, 1, 1, 0, 2, 1, 3, 0, 0, 0, 1, 1, 2, 2, 2, 11, 5, 6, 1, 0, 0, 4, 4, 0, 4, 0, 1, 1, 1, 0, 2, 2, 2]","[0, 0, 24, 1, 2, 3, 22, 3, 8, 16, 48, 1, 1, 17, 12, 7, 5, 0, 2, 0, 7, 1, 3, 1, 0, 14, 0, 0, 1, 7, 4, 4, 0, 1, 2, 1, 0, 4, 1, 1, 1, 1, 1, 5, 0, 0, 0, 0, 0, 0, 1, 0, 0, 0, 6, 9, 2, 0, 0, 0, 0, 0, 0, 0, 0, 0, 1, 3, 0, 0, 2, 0, 4, 0, 0, 0, 2, 0, 0, 0]","[0, 1, 0, 0, 0, 0, 0, 0, 0, 0, 0, 0, 0, 0, 0, 0, 0, 0, 0, 0, 0, 0, 0, 0, 0, 0, 0, 0, 0, 0, 0, 0, 0, 0, 0, 0, 0, 0, 0, 0, 0, 0, 0, 0, 0, 0, 0, 0, 0, 0, 0, 0, 0, 0, 0, 0, 0, 0, 0, 0, 0, 0, 0, 0, 0, 0, 0, 0, 0, 0, 0, 0, 0, 0, 0, 0, 0, 0, 0, 0]",False,False,False,False
mail.ru,captura_0000003_H123.csv,9,82,246,1,"[1, 0, 0, 0, 0, 0, 0, 0, 0, 0, 0, 0, 0, 0, 0, 0, 1, 0, 0, 0, 0, 1, 0, 0, 0, 2, 0, 5, 0, 0, 2, 0, 0, 0, 0, 0, 6, 0, 0, 0, 0, 1, 2, 1, 2, 2, 0, 0, 0, 0, 1, 3, 0, 2, 1, 1, 2, 1, 5, 4, 12, 2, 1, 0, 0, 3, 4, 4, 0, 0, 2, 1, 1, 0, 2, 2, 2]","[0, 0, 24, 1, 2, 3, 3, 19, 8, 37, 10, 11, 7, 1, 1, 17, 0, 12, 1, 3, 5, 0, 1, 16, 2, 0, 6, 0, 1, 2, 0, 4, 1, 7, 4, 4, 0, 1, 3, 6, 1, 0, 0, 0, 0, 0, 1, 1, 1, 1, 0, 0, 7, 0, 0, 0, 0, 0, 0, 0, 0, 0, 0, 3, 1, 0, 0, 0, 2, 3, 0, 0, 0, 2, 0, 0, 0]","[0, 1, 0, 0, 0, 0, 0, 0, 0, 0, 0, 0, 0, 0, 0, 0, 0, 0, 0, 0, 0, 0, 0, 0, 0, 0, 0, 0, 0, 0, 0, 0, 0, 0, 0, 0, 0, 0, 0, 0, 0, 0, 0, 0, 0, 0, 0, 0, 0, 0, 0, 0, 0, 0, 0, 0, 0, 0, 0, 0, 0, 0, 0, 0, 0, 0, 0, 0, 0, 0, 0, 0, 0, 0, 0, 0, 0]",False,False,False,False
mail.ru,captura_0000003_H123.csv,10,82,252,1,"[1, 0, 0, 0, 0, 0, 0, 0, 0, 0, 0, 0, 0, 0, 0, 0, 0, 0, 1, 0, 2, 0, 0, 0, 0, 0, 0, 1, 0, 0, 5, 0, 0, 0, 0, 0, 0, 6, 0, 0, 0, 0, 1, 1, 1, 1, 1, 1, 2, 0, 0, 0, 0, 2, 1, 3, 2, 0, 1, 1, 6, 2, 1, 4, 3, 10, 1, 0, 4, 4, 4, 0, 0, 1, 1, 1, 0, 0, 2, 2, 2]","[0, 0, 22, 1, 2, 2, 19, 12, 3, 45, 5, 1, 6, 1, 1, 16, 11, 2, 0, 8, 0, 2, 8, 6, 1, 3, 1, 0, 16, 2, 0, 2, 5, 1, 7, 4, 4, 0, 1, 2, 6, 1, 0, 0, 0, 0, 0, 0, 0, 1, 1, 1, 1, 0, 0, 0, 0, 7, 0, 0, 0, 0, 0, 0, 0, 0, 0, 3, 0, 0, 0, 2, 3, 0, 0, 0, 2, 2, 0, 0, 0]","[0, 1, 0, 0, 0, 0, 0, 0, 0, 0, 0, 0, 0, 0, 0, 0, 0, 0, 0, 0, 0, 0, 0, 0, 0, 0, 0, 0, 0, 0, 0, 0, 0, 0, 0, 0, 0, 0, 0, 0, 0, 0, 0, 0, 0, 0, 0, 0, 0, 0, 0, 0, 0, 0, 0, 0, 0, 0, 0, 0, 0, 0, 0, 0, 0, 0, 0, 0, 0, 0, 0, 0, 0, 0, 0, 0, 0, 0, 0, 0, 0]",False,False,False,False
mail.ru,captura_0000003_H123.csv,11,83,252,1,"[1, 0, 0, 0, 0, 0, 0, 0, 0, 0, 0, 0, 0, 0, 0, 0, 0, 1, 0, 0, 2, 0, 0, 0, 1, 0, 0, 2, 0, 0, 5, 0, 0, 0, 0, 0, 6, 0, 0, 0, 1, 2, 1, 1, 1, 0, 2, 0, 0, 0, 0, 0, 0, 2, 3, 1, 1, 1, 2, 5, 1, 3, 11, 5, 1, 0, 4, 4, 0, 4, 0, 0, 1, 1, 1, 0, 2, 2, 2]","[0, 0, 23, 1, 2, 4, 3, 22, 12, 47, 6, 6, 1, 1, 17, 12, 7, 0, 2, 2, 0, 8, 1, 3, 0, 14, 1, 0, 1, 2, 0, 4, 1, 7, 4, 4, 0, 1, 2, 3, 0, 0, 0, 0, 0, 1, 0, 1, 1, 1, 1, 9, 3, 0, 0, 0, 0, 0, 0, 0, 0, 0, 0, 0, 0, 3, 0, 0, 1, 0, 2, 3, 0, 0, 0, 2, 0, 0, 0]","[0, 1, 0, 0, 0, 0, 0, 0, 0, 0, 0, 0, 0, 0, 0, 0, 0, 0, 0, 0, 0, 0, 0, 0, 0, 0, 0, 0, 0, 0, 0, 0, 0, 0, 0, 0, 0, 0, 0, 0, 0, 0, 0, 0, 0, 0, 0, 0, 0, 0, 0, 0, 0, 0, 0, 0, 0, 0, 0, 0, 0, 0, 0, 0, 0, 0, 0, 0, 0, 0, 0, 0, 0, 0, 0, 0, 0, 0, 0]",False,False,False,False
mail.ru,captura_0000003_H123.csv,12,84,251,1,"[1, 0, 0, 0, 0, 0, 0, 0, 0, 0, 0, 0, 0, 0, 0, 0, 1, 0, 2, 0, 0, 0, 0, 0, 0, 2, 3, 0, 0, 0, 2, 0, 6, 0, 0, 0, 0, 1, 0, 0, 0, 0, 0, 2, 2, 1, 2, 0, 0, 0, 2, 0, 0, 0, 1, 3, 2, 1, 1, 3, 7, 2, 2, 2, 11, 1, 0, 4, 4, 4, 0, 0, 1, 1, 1, 0, 2, 2, 2]","[0, 0, 21, 1, 2, 20, 8, 3, 10, 14, 39, 1, 1, 1, 17, 12, 0, 7, 0, 8, 2, 1, 3, 5, 1, 0, 0, 14, 1, 7, 0, 4, 0, 2, 1, 4, 1, 0, 2, 4, 1, 1, 6, 0, 0, 0, 0, 1, 1, 1, 0, 1, 3, 9, 0, 0, 0, 0, 0, 0, 0, 0, 0, 0, 0, 0, 3, 0, 0, 0, 2, 3, 0, 0, 0, 2, 0, 0, 0]","[0, 1, 0, 0, 0, 0, 0, 0, 0, 0, 0, 0, 0, 0, 0, 0, 0, 0, 0, 0, 0, 0, 0, 0, 0, 0, 0, 0, 0, 0, 0, 0, 0, 0, 0, 0, 0, 0, 0, 0, 0, 0, 0, 0, 0, 0, 0, 0, 0, 0, 0, 0, 0, 0, 0, 0, 0, 0, 0, 0, 0, 0, 0, 0, 0, 0, 0, 0, 0, 0, 0, 0, 0, 0, 0, 0, 0, 0, 0]",False,False,False,False
mail.ru,captura_0000003_H123.csv,13,83,250,1,"[1, 0, 0, 0, 0, 0, 0, 0, 0, 0, 0, 0, 0, 0, 0, 0, 0, 0, 1, 0, 0, 0, 0, 1, 0, 2, 0, 0, 5, 0, 0, 0, 0, 0, 0, 6, 0, 0, 0, 0, 1, 2, 3, 2, 0, 0, 0, 2, 0, 2, 0, 1, 3, 1, 1, 2, 3, 6, 3, 10, 3, 1, 0, 0, 4, 4, 4, 0, 0, 1, 1, 1, 0, 2, 2, 2]","[0, 0, 24, 1, 2, 2, 3, 19, 6, 11, 51, 6, 1, 6, 1, 17, 12, 2, 0, 1, 3, 2, 1, 0, 14, 0, 8, 2, 0, 1, 5, 1, 7, 4, 4, 0, 1, 2, 6, 1, 0, 0, 0, 0, 1, 1, 1, 0, 1, 0, 7, 0, 0, 0, 0, 0, 0, 0, 0, 0, 0, 0, 1, 3, 0, 0, 0, 2, 4, 0, 0, 0, 2, 0, 0, 0]","[0, 1, 0, 0, 0, 0, 0, 0, 0, 0, 0, 0, 0, 0, 0, 0, 0, 0, 0, 0, 0, 0, 0, 0, 0, 0, 0, 0, 0, 0, 0, 0, 0, 0, 0, 0, 0, 0, 0, 0, 0, 0, 0, 0, 0, 0, 0, 0, 0, 0, 0, 0, 0, 0, 0, 0, 0, 0, 0, 0, 0, 0, 0, 0, 0, 0, 0, 0, 0, 0, 0, 0, 0, 0, 0, 0]",False,False,False,False
mail.ru,captura_0000003_H123.csv,14,82,250,1,"[1, 0, 0, 0, 0, 0, 0, 0, 0, 0, 0, 0, 0, 0, 0, 0, 0, 1, 0, 0, 2, 0, 0, 0, 2, 0, 5, 1, 0, 0, 0, 0, 0, 0, 6, 0, 0, 0, 1, 0, 0, 0, 0, 0, 0, 2, 0, 2, 1, 2, 0, 0, 3, 1, 2, 1, 1, 13, 3, 4, 2, 1, 3, 1, 0, 4, 4, 4, 0, 0, 1, 1, 1, 0, 2, 2, 2]","[0, 0, 22, 1, 2, 3, 20, 3, 15, 44, 5, 8, 1, 1, 1, 17, 12, 0, 2, 7, 0, 8, 1, 3, 0, 6, 0, 0, 14, 1, 1, 7, 4, 4, 0, 1, 2, 5, 0, 1, 4, 1, 1, 1, 1, 0, 1, 0, 0, 0, 1, 8, 0, 0, 0, 0, 0, 0, 0, 0, 0, 0, 0, 0, 3, 0, 0, 0, 2, 3, 0, 0, 0, 2, 0, 0, 0]","[0, 1, 0, 0, 0, 0, 0, 0, 0, 0, 0, 0, 0, 0, 0, 0, 0, 0, 0, 0, 0, 0, 0, 0, 0, 0, 0, 0, 0, 0, 0, 0, 0, 0, 0, 0, 0, 0, 0, 0, 0, 0, 0, 0, 0, 0, 0, 0, 0, 0, 0, 0, 0, 0, 0, 0, 0, 0, 0, 0, 0, 0, 0, 0, 0, 0, 0, 0, 0, 0, 0, 0, 0, 0, 0, 0, 0]",False,False,False,False
mail.ru,captura_0000003_H123.csv,15,84,255,1,"[1, 0, 0, 0, 0, 0, 0, 0, 0, 0, 0, 0, 0, 0, 0, 0, 1, 0, 0, 0, 1, 0, 0, 0, 0, 0, 2, 0, 2, 0, 0, 0, 0, 3, 1, 2, 1, 1, 0, 0, 0, 6, 0, 0, 0, 0, 1, 2, 2, 0, 0, 0, 0, 2, 3, 1, 0, 1, 1, 2, 2, 1, 7, 4, 12, 1, 0, 0, 4, 4, 0, 0, 4, 0, 1, 1, 1, 0, 2, 2, 2]","[0, 0, 24, 1, 2, 3, 18, 39, 10, 15, 7, 1, 5, 1, 17, 13, 0, 2, 1, 3, 0, 14, 1, 2, 8, 8, 0, 2, 0, 1, 3, 5, 1, 0, 0, 0, 0, 0, 7, 4, 4, 0, 1, 2, 1, 6, 0, 0, 0, 1, 1, 1, 1, 0, 0, 0, 7, 0, 0, 0, 0, 0, 0, 0, 0, 0, 1, 3, 0, 0, 2, 2, 0, 2, 0, 0, 0, 2, 0, 0, 0]","[0, 1, 0, 0, 0, 0, 0, 0, 0, 0, 0, 0, 0, 0, 0, 0, 0, 0, 0, 0, 0, 0, 0, 0, 0, 0, 0, 0, 0, 0, 0, 0, 0, 0, 0, 0, 0, 0, 0, 0, 0, 0, 0, 0, 0, 0, 0, 0, 0, 0, 0, 0, 0, 0, 0, 0, 0, 0, 0, 0, 0, 0, 0, 0, 0, 0, 0, 0, 0, 0, 0, 0, 0, 0, 0, 0, 0, 0, 0, 0, 0]",False,False,False,False
mail.ru,captura_0000003_H123.csv,17,84,249,1,"[1, 0, 0, 0, 0, 0, 0, 0, 0, 0, 0, 0, 0, 0, 0, 0, 0, 0, 1, 0, 2, 0, 0, 5, 0, 0, 0, 2, 1, 0, 0, 0, 0, 0, 6, 0, 0, 0, 0, 2, 0, 0, 0, 2, 1, 0, 5, 0, 0, 0, 0, 3, 1, 0, 1, 1, 6, 9, 2, 5, 5, 1, 1, 0, 4, 4, 4, 0, 0, 1, 1, 1, 0, 2, 2, 2]","[0, 0, 23, 1, 2, 20, 3, 13, 10, 40, 7, 1, 1, 5, 17, 5, 2, 13, 0, 1, 0, 2, 8, 0, 1, 1, 3, 0, 0, 14, 1, 7, 4, 4, 0, 1, 2, 5, 2, 0, 1, 4, 1, 0, 0, 1, 0, 1, 1, 1, 1, 0, 0, 8, 0, 0, 0, 0, 0, 0, 0, 0, 0, 3, 0, 0, 0, 2, 4, 0, 0, 0, 2, 0, 0, 0]","[0, 1, 0, 0, 0, 0, 0, 0, 0, 0, 0, 0, 0, 0, 0, 0, 0, 0, 0, 0, 0, 0, 0, 0, 0, 0, 0, 0, 0, 0, 0, 0, 0, 0, 0, 0, 0, 0, 0, 0, 0, 0, 0, 0, 0, 0, 0, 0, 0, 0, 0, 0, 0, 0, 0, 0, 0, 0, 0, 0, 0, 0, 0, 0, 0, 0, 0, 0, 0, 0, 0, 0, 0, 0, 0, 0]",False,False,False,False
mail.ru,captura_0000003_H123.csv,18,85,252,1,"[1, 0, 0, 0, 0, 0, 0, 0, 0, 0, 0, 0, 0, 0, 0, 0, 1, 0, 0, 0, 2, 0, 5, 0, 2, 0, 0, 0, 1, 0, 0, 0, 0, 6, 0, 0, 0, 0, 0, 2, 0, 0, 1, 0, 2, 3, 2, 0, 0, 0, 0, 0, 0, 3, 1, 1, 1, 6, 2, 2, 9, 6, 3, 1, 0, 4, 4, 4, 0, 0, 1, 1, 1, 0, 0, 2, 2, 2, 1]","[0, 0, 22, 1, 2, 3, 21, 8, 37, 10, 11, 7, 1, 1, 17, 13, 0, 5, 2, 1, 0, 8, 0, 1, 0, 1, 3, 1, 0, 14, 7, 4, 4, 0, 1, 3, 1, 6, 2, 0, 4, 1, 0, 1, 0, 0, 0, 1, 1, 1, 1, 2, 9, 0, 0, 0, 0, 0, 0, 0, 0, 0, 0, 0, 3, 0, 0, 0, 2, 4, 0, 0, 0, 2, 2, 0, 0, 0, 0]","[0, 1, 0, 0, 0, 0, 0, 0, 0, 0, 0, 0, 0, 0, 0, 0, 0, 0, 0, 0, 0, 0, 0, 0, 0, 0, 0, 0, 0, 0, 0, 0, 0, 0, 0, 0, 0, 0, 0, 0, 0, 0, 0, 0, 0, 0, 0, 0, 0, 0, 0, 0, 0, 0, 0, 0, 0, 0, 0, 0, 0, 0, 0, 0, 0, 0, 0, 0, 0, 0, 0, 0, 0, 0, 0, 0, 0, 0, 0]",False,False,False,False
mail.ru,captura_0000003_H123.csv,19,83,245,1,"[1, 0, 0, 0, 0, 0, 0, 0, 0, 0, 0, 0, 0, 0, 0, 0, 0, 1, 0, 0, 0, 0, 2, 5, 0, 2, 0, 0, 0, 1, 0, 0, 0, 0, 6, 0, 0, 0, 1, 0, 0, 0, 0, 0, 0, 0, 2, 2, 2, 1, 2, 0, 3, 1, 0, 0, 1, 1, 7, 2, 7, 2, 7, 2, 1, 0, 4, 4, 4, 0, 0, 1, 1, 1, 0, 2, 2, 2]","[0, 0, 22, 1, 2, 3, 20, 6, 12, 3, 40, 5, 1, 7, 1, 17, 11, 0, 6, 2, 8, 2, 0, 0, 1, 0, 1, 3, 1, 0, 14, 7, 4, 4, 0, 1, 2, 1, 0, 4, 1, 1, 6, 1, 1, 1, 0, 0, 0, 0, 0, 1, 0, 0, 1, 10, 0, 0, 0, 0, 0, 0, 0, 0, 0, 3, 0, 0, 0, 2, 3, 0, 0, 0, 2, 0, 0, 0]","[0, 1, 0, 0, 0, 0, 0, 0, 0, 0, 0, 0, 0, 0, 0, 0, 0, 0, 0, 0, 0, 0, 0, 0, 0, 0, 0, 0, 0, 0, 0, 0, 0, 0, 0, 0, 0, 0, 0, 0, 0, 0, 0, 0, 0, 0, 0, 0, 0, 0, 0, 0, 0, 0, 0, 0, 0, 0, 0, 0, 0, 0, 0, 0, 0, 0, 0, 0, 0, 0, 0, 0, 0, 0, 0, 0, 0, 0]",False,False,False,False
mail.ru,captura_0000003_H123.csv,20,83,254,1,"[1, 0, 0, 0, 0, 0, 0, 0, 0, 0, 0, 0, 0, 0, 0, 0, 0, 0, 1, 0, 0, 0, 1, 2, 0, 0, 0, 2, 0, 0, 0, 0, 0, 5, 0, 0, 0, 6, 0, 0, 0, 2, 1, 2, 0, 1, 2, 0, 0, 0, 0, 1, 3, 0, 2, 1, 1, 4, 2, 3, 1, 9, 8, 1, 0, 0, 4, 4, 4, 0, 0, 1, 1, 1, 0, 2, 2, 2]","[0, 0, 24, 1, 2, 20, 3, 12, 41, 10, 6, 1, 1, 17, 5, 6, 12, 2, 0, 1, 3, 2, 0, 0, 16, 8, 1, 0, 2, 1, 5, 3, 1, 0, 7, 4, 4, 0, 1, 2, 1, 0, 0, 0, 6, 0, 0, 1, 1, 1, 1, 0, 0, 7, 0, 0, 0, 0, 0, 0, 0, 0, 0, 0, 1, 3, 0, 0, 0, 2, 4, 0, 0, 0, 2, 0, 0, 0]","[0, 1, 0, 0, 0, 0, 0, 0, 0, 0, 0, 0, 0, 0, 0, 0, 0, 0, 0, 0, 0, 0, 0, 0, 0, 0, 0, 0, 0, 0, 0, 0, 0, 0, 0, 0, 0, 0, 0, 0, 0, 0, 0, 0, 0, 0, 0, 0, 0, 0, 0, 0, 0, 0, 0, 0, 0, 0, 0, 0, 0, 0, 0, 0, 0, 0, 0, 0, 0, 0, 0, 0, 0, 0, 0, 0, 0, 0]",False,False,False,False
medium.com,captura_0000168_H123.csv,3,1,9,54,"[1, 0, 0, 0, 0, 0, 0, 0]","[0, 0, 2, 0, 1, 0, 0, 6]","[0, 1, 0, 8, 0, 1, 44, 0]",False,False,False,False
medium.com,captura_0000168_H123.csv,5,1,9,54,"[1, 0, 0, 0, 0, 0, 0, 0]","[0, 0, 2, 0, 1, 0, 0, 6]","[0, 1, 0, 8, 0, 1, 44, 0]",False,False,False,False
medium.com,captura_0000168_H123.csv,6,1,10,54,"[1, 0, 0, 0, 0, 0, 0, 0]","[0, 0, 3, 0, 1, 0, 0, 6]","[0, 1, 0, 8, 0, 1, 44, 0]",False,False,False,False
medium.com,captura_0000168_H123.csv,8,1,10,54,"[1, 0, 0, 0, 0, 0, 0, 0]","[0, 0, 3, 0, 1, 0, 0, 6]","[0, 1, 0, 8, 0, 1, 44, 0]",False,False,False,False
medium.com,captura_0000168_H123.csv,9,1,9,54,"[1, 0, 0, 0, 0, 0, 0, 0]","[0, 0, 2, 0, 1, 0, 0, 6]","[0, 1, 0, 8, 0, 1, 44, 0]",False,False,False,False
medium.com,captura_0000168_H123.csv,12,1,9,54,"[1, 0, 0, 0, 0, 0, 0, 0]","[0, 0, 3, 0, 1, 0, 0, 5]","[0, 1, 0, 8, 0, 1, 44, 0]",False,False,False,False
medium.com,captura_0000168_H123.csv,13,1,9,54,"[1, 0, 0, 0, 0, 0, 0, 0]","[0, 0, 3, 0, 1, 0, 0, 5]","[0, 1, 0, 8, 0, 1, 44, 0]",False,False,False,False
medium.com,captura_0000168_H123.csv,14,1,9,54,"[1, 0, 0, 0, 0, 0, 0, 0]","[0, 0, 2, 0, 1, 0, 0, 6]","[0, 1, 0, 8, 0, 1, 44, 0]",False,False,False,False
medium.com,captura_0000168_H123.csv,15,1,10,54,"[1, 0, 0, 0, 0, 0, 0, 0]","[0, 0, 3, 0, 1, 0, 0, 6]","[0, 1, 0, 8, 0, 1, 44, 0]",False,False,False,False
medium.com,captura_0000168_H123.csv,16,1,10,54,"[1, 0, 0, 0, 0, 0, 0, 0]","[0, 0, 3, 0, 1, 0, 0, 6]","[0, 1, 0, 8, 0, 1, 44, 0]",False,False,False,False
medium.com,captura_0000168_H123.csv,17,1,10,54,"[1, 0, 0, 0, 0, 0, 0, 0]","[0, 0, 3, 0, 1, 0, 0, 6]","[0, 1, 0, 8, 0, 1, 44, 0]",False,False,False,False
medium.com,captura_0000168_H123.csv,18,1,10,54,"[1, 0, 0, 0, 0, 0, 0, 0]","[0, 0, 3, 0, 1, 0, 0, 6]","[0, 1, 0, 8, 0, 1, 44, 0]",False,False,False,False
medium.com,captura_0000168_H123.csv,19,1,8,54,"[1, 0, 0, 0, 0, 0, 0, 0]","[0, 0, 2, 0, 1, 0, 0, 5]","[0, 1, 0, 8, 0, 1, 44, 0]",False,False,False,False
medium.com,captura_0000168_H123.csv,20,1,10,54,"[1, 0, 0, 0, 0, 0, 0, 0]","[0, 0, 3, 0, 1, 0, 0, 6]","[0, 1, 0, 8, 0, 1, 44, 0]",False,False,False,False
meraki.com,captura_0000167_H123.csv,2,2,50,1,"[1, 1, 0, 0, 0, 0, 0, 0, 0]","[0, 0, 0, 1, 38, 3, 2, 1, 5]","[0, 0, 1, 0, 0, 0, 0, 0, 0]",False,False,False,False
meraki.com,captura_0000167_H123.csv,3,5,51,1,"[1, 0, 0, 0, 0, 0, 0, 1, 1, 1, 1, 0, 0]","[0, 0, 1, 36, 3, 2, 1, 0, 0, 0, 0, 6, 2]","[0, 1, 0, 0, 0, 0, 0, 0, 0, 0, 0, 0, 0]",False,False,False,False
meraki.com,captura_0000167_H123.csv,4,5,54,1,"[1, 0, 0, 0, 0, 0, 0, 1, 1, 1, 1, 0, 0]","[0, 0, 1, 39, 3, 2, 1, 0, 0, 0, 0, 6, 2]","[0, 1, 0, 0, 0, 0, 0, 0, 0, 0, 0, 0, 0]",False,False,False,False
meraki.com,captura_0000167_H123.csv,5,5,55,1,"[1, 0, 0, 0, 0, 0, 0, 1, 1, 1, 1, 0, 0]","[0, 0, 1, 40, 3, 2, 1, 0, 0, 0, 0, 6, 2]","[0, 1, 0, 0, 0, 0, 0, 0, 0, 0, 0, 0, 0]",False,False,False,False
meraki.com,captura_0000167_H123.csv,6,1,54,1,"[1, 0, 0, 0, 0, 0, 0, 0, 0]","[0, 0, 1, 39, 3, 2, 1, 6, 2]","[0, 1, 0, 0, 0, 0, 0, 0, 0]",False,False,False,False
meraki.com,captura_0000167_H123.csv,7,5,54,1,"[1, 0, 0, 0, 0, 0, 0, 1, 1, 1, 1, 0]","[0, 0, 1, 41, 3, 2, 1, 0, 0, 0, 0, 6]","[0, 1, 0, 0, 0, 0, 0, 0, 0, 0, 0, 0]",False,False,False,False
meraki.com,captura_0000167_H123.csv,8,5,55,1,"[1, 0, 0, 0, 0, 0, 0, 1, 1, 1, 1, 0, 0]","[0, 0, 1, 40, 3, 2, 1, 0, 0, 0, 0, 6, 2]","[0, 1, 0, 0, 0, 0, 0, 0, 0, 0, 0, 0, 0]",False,False,False,False
meraki.com,captura_0000167_H123.csv,9,5,54,1,"[1, 0, 0, 0, 0, 0, 0, 1, 1, 1, 1, 0, 0]","[0, 0, 1, 39, 3, 2, 1, 0, 0, 0, 0, 6, 2]","[0, 1, 0, 0, 0, 0, 0, 0, 0, 0, 0, 0, 0]",False,False,False,False
meraki.com,captura_0000167_H123.csv,10,1,46,1,"[1, 0, 0, 0, 0, 0, 0, 0]","[0, 0, 1, 33, 3, 2, 1, 6]","[0, 1, 0, 0, 0, 0, 0, 0]",False,False,False,False
meraki.com,captura_0000167_H123.csv,11,1,47,1,"[1, 0, 0, 0, 0, 0, 0, 0]","[0, 0, 1, 34, 3, 2, 1, 6]","[0, 1, 0, 0, 0, 0, 0, 0]",False,False,False,False
meraki.com,captura_0000167_H123.csv,12,5,51,1,"[1, 0, 0, 0, 0, 0, 0, 1, 1, 1, 1, 0, 0]","[0, 0, 1, 35, 4, 2, 1, 0, 0, 0, 0, 6, 2]","[0, 1, 0, 0, 0, 0, 0, 0, 0, 0, 0, 0, 0]",False,False,False,False
meraki.com,captura_0000167_H123.csv,13,5,55,1,"[1, 0, 0, 0, 0, 0, 0, 1, 1, 1, 1, 0, 0]","[0, 0, 1, 40, 3, 2, 1, 0, 0, 0, 0, 6, 2]","[0, 1, 0, 0, 0, 0, 0, 0, 0, 0, 0, 0, 0]",False,False,False,False
meraki.com,captura_0000167_H123.csv,15,1,50,1,"[1, 0, 0, 0, 0, 0, 0, 0]","[0, 0, 1, 37, 3, 2, 1, 6]","[0, 1, 0, 0, 0, 0, 0, 0]",False,False,False,False
meraki.com,captura_0000167_H123.csv,16,1,55,1,"[1, 0, 0, 0, 0, 0, 0, 0, 0]","[0, 0, 1, 40, 3, 2, 1, 6, 2]","[0, 1, 0, 0, 0, 0, 0, 0, 0]",False,False,False,False
meraki.com,captura_0000167_H123.csv,17,1,50,1,"[1, 0, 0, 0, 0, 0, 0, 0]","[0, 0, 1, 37, 3, 2, 1, 6]","[0, 1, 0, 0, 0, 0, 0, 0]",False,False,False,False
meraki.com,captura_0000167_H123.csv,18,1,53,1,"[1, 0, 0, 0, 0, 0, 0, 0, 0]","[0, 0, 2, 37, 3, 2, 1, 6, 2]","[0, 1, 0, 0, 0, 0, 0, 0, 0]",False,False,False,False
meraki.com,captura_0000167_H123.csv,19,1,50,1,"[1, 0, 0, 0, 0, 0, 0, 0, 0]","[0, 0, 1, 35, 3, 2, 1, 6, 2]","[0, 1, 0, 0, 0, 0, 0, 0, 0]",False,False,False,False
meraki.com,captura_0000167_H123.csv,20,5,53,1,"[1, 0, 0, 0, 0, 0, 0, 1, 1, 1, 1, 0, 0]","[0, 0, 1, 38, 3, 2, 1, 0, 0, 0, 0, 6, 2]","[0, 1, 0, 0, 0, 0, 0, 0, 0, 0, 0, 0, 0]",False,False,False,False
microsoft.com,captura_0000002_H123.csv,1,8,99,1,"[1, 0, 1, 0, 0, 0, 0, 0, 0, 1, 1, 0, 0, 1, 0, 2, 0, 0, 0, 0, 0, 0, 0, 1, 0, 0, 0]","[0, 0, 0, 2, 35, 1, 1, 15, 4, 0, 0, 2, 2, 0, 2, 0, 6, 2, 3, 2, 5, 2, 2, 0, 9, 2, 2]","[0, 1, 0, 0, 0, 0, 0, 0, 0, 0, 0, 0, 0, 0, 0, 0, 0, 0, 0, 0, 0, 0, 0, 0, 0, 0, 0]",False,False,False,False
microsoft.com,captura_0000002_H123.csv,3,8,95,1,"[1, 0, 0, 1, 0, 0, 0, 0, 0, 1, 0, 0, 1, 1, 0, 0, 2, 0, 0, 0, 0, 0, 0, 1, 0, 0, 0]","[0, 0, 2, 0, 33, 1, 15, 1, 5, 0, 2, 2, 0, 0, 2, 2, 0, 3, 2, 6, 2, 4, 2, 0, 2, 7, 2]","[0, 1, 0, 0, 0, 0, 0, 0, 0, 0, 0, 0, 0, 0, 0, 0, 0, 0, 0, 0, 0, 0, 0, 0, 0, 0, 0]",False,False,False,False
microsoft.com,captura_0000002_H123.csv,4,8,94,1,"[1, 0, 1, 0, 0, 0, 0, 0, 0, 1, 0, 1, 1, 0, 0, 0, 0, 0, 1, 0, 0, 1, 0, 0, 0, 0, 1, 0]","[0, 0, 0, 2, 34, 2, 1, 13, 1, 0, 2, 0, 0, 2, 2, 2, 3, 2, 0, 6, 2, 0, 2, 5, 2, 9, 0, 2]","[0, 1, 0, 0, 0, 0, 0, 0, 0, 0, 0, 0, 0, 0, 0, 0, 0, 0, 0, 0, 0, 0, 0, 0, 0, 0, 0, 0]",False,False,False,False
microsoft.com,captura_0000002_H123.csv,5,8,90,1,"[1, 0, 0, 1, 0, 0, 0, 0, 0, 1, 1, 0, 0, 1, 0, 0, 0, 0, 2, 0, 0, 1, 0, 0, 0, 0, 0]","[0, 0, 2, 0, 32, 12, 2, 1, 1, 0, 0, 2, 2, 0, 2, 2, 3, 2, 0, 8, 2, 0, 2, 4, 2, 7, 2]","[0, 1, 0, 0, 0, 0, 0, 0, 0, 0, 0, 0, 0, 0, 0, 0, 0, 0, 0, 0, 0, 0, 0, 0, 0, 0, 0]",False,False,False,False
microsoft.com,captura_0000002_H123.csv,6,8,92,1,"[1, 0, 1, 0, 0, 0, 0, 0, 0, 1, 1, 0, 0, 1, 0, 0, 2, 0, 0, 0, 0, 1, 0, 0, 0, 0, 0]","[0, 0, 0, 2, 33, 4, 13, 1, 1, 0, 0, 2, 2, 0, 2, 2, 0, 3, 2, 6, 2, 0, 2, 4, 2, 7, 2]","[0, 1, 0, 0, 0, 0, 0, 0, 0, 0, 0, 0, 0, 0, 0, 0, 0, 0, 0, 0, 0, 0, 0, 0, 0, 0, 0]",False,False,False,False
microsoft.com,captura_0000002_H123.csv,7,8,96,1,"[1, 0, 0, 1, 0, 0, 0, 0, 0, 0, 1, 1, 0, 0, 1, 0, 0, 2, 0, 0, 0, 0, 1, 0, 0, 0, 0, 0]","[0, 0, 2, 0, 1, 37, 1, 13, 2, 1, 0, 0, 2, 2, 0, 2, 2, 0, 3, 2, 6, 2, 0, 2, 4, 2, 7, 3]","[0, 1, 0, 0, 0, 0, 0, 0, 0, 0, 0, 0, 0, 0, 0, 0, 0, 0, 0, 0, 0, 0, 0, 0, 0, 0, 0, 0]",False,False,False,False
microsoft.com,captura_0000002_H123.csv,10,8,91,1,"[1, 0, 1, 0, 0, 0, 0, 0, 0, 1, 1, 0, 0, 1, 0, 2, 0, 0, 0, 0, 1, 0, 0, 0, 0, 0, 0]","[0, 0, 0, 2, 31, 1, 12, 1, 5, 0, 0, 2, 2, 0, 2, 0, 6, 2, 3, 2, 0, 2, 2, 4, 2, 8, 2]","[0, 1, 0, 0, 0, 0, 0, 0, 0, 0, 0, 0, 0, 0, 0, 0, 0, 0, 0, 0, 0, 0, 0, 0, 0, 0, 0]",False,False,False,False
microsoft.com,captura_0000002_H123.csv,11,8,91,1,"[1, 0, 0, 1, 0, 0, 0, 0, 0, 1, 0, 1, 1, 0, 0, 0, 0, 0, 2, 0, 0, 0, 1, 0, 0, 0, 0]","[0, 0, 2, 0, 35, 3, 1, 12, 1, 0, 2, 0, 0, 2, 2, 2, 3, 2, 0, 6, 2, 2, 0, 4, 2, 6, 2]","[0, 1, 0, 0, 0, 0, 0, 0, 0, 0, 0, 0, 0, 0, 0, 0, 0, 0, 0, 0, 0, 0, 0, 0, 0, 0, 0]",False,False,False,False
microsoft.com,captura_0000002_H123.csv,12,8,89,1,"[1, 0, 1, 0, 0, 0, 0, 0, 0, 1, 1, 0, 1, 0, 0, 0, 2, 0, 0, 0, 0, 0, 0, 1, 0, 0, 0]","[0, 0, 0, 2, 31, 1, 1, 2, 14, 0, 0, 2, 0, 2, 2, 2, 0, 3, 2, 6, 2, 4, 2, 0, 2, 7, 2]","[0, 1, 0, 0, 0, 0, 0, 0, 0, 0, 0, 0, 0, 0, 0, 0, 0, 0, 0, 0, 0, 0, 0, 0, 0, 0, 0]",False,False,False,False
microsoft.com,captura_0000002_H123.csv,13,8,93,1,"[1, 0, 1, 0, 0, 0, 0, 0, 0, 1, 0, 1, 0, 1, 0, 0, 0, 0, 0, 2, 0, 1, 0, 0, 0, 0, 0]","[0, 0, 0, 2, 34, 13, 1, 5, 1, 0, 2, 0, 2, 0, 2, 2, 3, 2, 6, 0, 2, 0, 2, 4, 2, 6, 2]","[0, 1, 0, 0, 0, 0, 0, 0, 0, 0, 0, 0, 0, 0, 0, 0, 0, 0, 0, 0, 0, 0, 0, 0, 0, 0, 0]",False,False,False,False
microsoft.com,captura_0000002_H123.csv,14,8,98,1,"[1, 0, 1, 0, 0, 0, 0, 0, 0, 1, 1, 0, 0, 1, 0, 0, 2, 0, 0, 0, 0, 1, 0, 0, 0, 0, 0]","[0, 0, 0, 2, 37, 1, 1, 4, 15, 0, 0, 2, 2, 0, 2, 2, 0, 3, 2, 6, 4, 0, 2, 2, 2, 7, 2]","[0, 1, 0, 0, 0, 0, 0, 0, 0, 0, 0, 0, 0, 0, 0, 0, 0, 0, 0, 0, 0, 0, 0, 0, 0, 0, 0]",False,False,False,False
microsoft.com,captura_0000002_H123.csv,15,8,93,1,"[1, 0, 0, 1, 0, 0, 0, 0, 0, 1, 0, 1, 1, 0, 0, 2, 0, 0, 0, 0, 0, 0, 0, 1, 0, 0, 0]","[0, 0, 2, 0, 33, 1, 4, 15, 1, 0, 2, 0, 0, 2, 2, 0, 5, 2, 3, 2, 4, 2, 2, 0, 2, 7, 2]","[0, 1, 0, 0, 0, 0, 0, 0, 0, 0, 0, 0, 0, 0, 0, 0, 0, 0, 0, 0, 0, 0, 0, 0, 0, 0, 0]",False,False,False,False
microsoft.com,captura_0000002_H123.csv,16,8,92,1,"[1, 0, 0, 1, 0, 0, 0, 0, 0, 1, 1, 0, 1, 0, 0, 0, 0, 0, 2, 0, 0, 0, 0, 1, 0, 0, 0]","[0, 0, 2, 0, 33, 1, 1, 4, 14, 0, 0, 2, 0, 2, 2, 2, 3, 2, 0, 6, 4, 2, 2, 0, 2, 6, 2]","[0, 1, 0, 0, 0, 0, 0, 0, 0, 0, 0, 0, 0, 0, 0, 0, 0, 0, 0, 0, 0, 0, 0, 0, 0, 0, 0]",False,False,False,False
microsoft.com,captura_0000002_H123.csv,17,8,93,1,"[1, 0, 1, 0, 0, 0, 0, 0, 0, 1, 0, 0, 1, 1, 0, 0, 0, 0, 2, 0, 0, 1, 0, 0, 0, 0, 0]","[0, 0, 0, 2, 33, 1, 15, 3, 1, 0, 2, 2, 0, 0, 2, 2, 3, 2, 0, 6, 2, 0, 2, 4, 2, 7, 2]","[0, 1, 0, 0, 0, 0, 0, 0, 0, 0, 0, 0, 0, 0, 0, 0, 0, 0, 0, 0, 0, 0, 0, 0, 0, 0, 0]",False,False,False,False
microsoft.com,captura_0000002_H123.csv,18,8,93,1,"[1, 0, 0, 1, 0, 0, 0, 0, 0, 1, 1, 0, 0, 1, 0, 0, 0, 0, 2, 0, 0, 0, 1, 0, 0, 0, 0]","[0, 0, 2, 0, 37, 3, 1, 1, 13, 0, 0, 2, 2, 0, 2, 2, 3, 2, 0, 5, 2, 4, 0, 2, 2, 6, 2]","[0, 1, 0, 0, 0, 0, 0, 0, 0, 0, 0, 0, 0, 0, 0, 0, 0, 0, 0, 0, 0, 0, 0, 0, 0, 0, 0]",False,False,False,False
microsoft.com,captura_0000002_H123.csv,19,8,93,1,"[1, 0, 1, 0, 0, 0, 0, 0, 0, 1, 1, 0, 1, 0, 0, 0, 2, 0, 0, 0, 0, 0, 0, 1, 0, 0, 0]","[0, 0, 0, 2, 33, 4, 1, 15, 1, 0, 0, 2, 0, 2, 2, 2, 0, 3, 2, 6, 2, 4, 2, 0, 2, 6, 2]","[0, 1, 0, 0, 0, 0, 0, 0, 0, 0, 0, 0, 0, 0, 0, 0, 0, 0, 0, 0, 0, 0, 0, 0, 0, 0, 0]",False,False,False,False
miui.com,captura_0000195_H123.csv,1,1,38,1,"[1, 0, 0, 0, 0, 0, 0, 0, 0, 0, 0, 0, 0]","[0, 0, 1, 10, 1, 6, 2, 2, 1, 1, 9, 3, 2]","[0, 1, 0, 0, 0, 0, 0, 0, 0, 0, 0, 0, 0]",False,False,False,False
miui.com,captura_0000195_H123.csv,2,1,36,1,"[1, 0, 0, 0, 0, 0, 0, 0, 0, 0, 0, 0]","[0, 0, 1, 10, 6, 1, 8, 2, 1, 3, 2, 2]","[0, 1, 0, 0, 0, 0, 0, 0, 0, 0, 0, 0]",False,False,False,False
miui.com,captura_0000195_H123.csv,3,1,36,1,"[1, 0, 0, 0, 0, 0, 0, 0, 0, 0, 0, 0]","[0, 0, 1, 10, 1, 9, 5, 2, 1, 3, 2, 2]","[0, 1, 0, 0, 0, 0, 0, 0, 0, 0, 0, 0]",False,False,False,False
miui.com,captura_0000195_H123.csv,5,2,37,1,"[1, 0, 0, 0, 0, 0, 0, 0, 0, 1, 0, 0, 0]","[0, 0, 1, 6, 10, 1, 9, 2, 1, 0, 3, 2, 2]","[0, 1, 0, 0, 0, 0, 0, 0, 0, 0, 0, 0, 0]",False,False,False,False
miui.com,captura_0000195_H123.csv,7,3,36,1,"[1, 0, 0, 0, 0, 0, 0, 0, 0, 0, 1, 0, 0, 1]","[0, 0, 1, 10, 6, 2, 1, 8, 2, 1, 0, 3, 2, 0]","[0, 1, 0, 0, 0, 0, 0, 0, 0, 0, 0, 0, 0, 0]",False,False,False,False
miui.com,captura_0000195_H123.csv,8,1,36,1,"[1, 0, 0, 0, 0, 0, 0, 0, 0, 0, 0, 0, 0]","[0, 0, 1, 9, 1, 5, 9, 3, 1, 2, 1, 2, 2]","[0, 1, 0, 0, 0, 0, 0, 0, 0, 0, 0, 0, 0]",False,False,False,False
miui.com,captura_0000195_H123.csv,9,1,39,1,"[1, 0, 0, 0, 0, 0, 0, 0, 0, 0, 0, 0]","[0, 0, 1, 12, 6, 1, 9, 2, 1, 3, 2, 2]","[0, 1, 0, 0, 0, 0, 0, 0, 0, 0, 0, 0]",False,False,False,False
miui.com,captura_0000195_H123.csv,10,1,36,1,"[1, 0, 0, 0, 0, 0, 0, 0, 0, 0, 0, 0]","[0, 0, 1, 10, 1, 6, 8, 2, 1, 3, 2, 2]","[0, 1, 0, 0, 0, 0, 0, 0, 0, 0, 0, 0]",False,False,False,False
miui.com,captura_0000195_H123.csv,12,1,37,1,"[1, 0, 0, 0, 0, 0, 0, 0, 0, 0, 0, 0]","[0, 0, 1, 11, 1, 2, 1, 5, 3, 9, 2, 2]","[0, 1, 0, 0, 0, 0, 0, 0, 0, 0, 0, 0]",False,False,False,False
miui.com,captura_0000195_H123.csv,13,1,37,1,"[1, 0, 0, 0, 0, 0, 0, 0, 0, 0, 0, 0]","[0, 0, 1, 10, 1, 9, 2, 1, 3, 2, 6, 2]","[0, 1, 0, 0, 0, 0, 0, 0, 0, 0, 0, 0]",False,False,False,False
miui.com,captura_0000195_H123.csv,15,1,38,1,"[1, 0, 0, 0, 0, 0, 0, 0, 0, 0, 0, 0]","[0, 1, 0, 10, 6, 1, 9, 2, 2, 3, 2, 2]","[0, 0, 1, 0, 0, 0, 0, 0, 0, 0, 0, 0]",False,False,False,False
miui.com,captura_0000195_H123.csv,16,1,34,1,"[1, 0, 0, 0, 0, 0, 0, 0, 0, 0, 0, 0]","[0, 0, 1, 7, 1, 6, 3, 2, 1, 9, 2, 2]","[0, 1, 0, 0, 0, 0, 0, 0, 0, 0, 0, 0]",False,False,False,False
miui.com,captura_0000195_H123.csv,17,2,37,1,"[1, 0, 0, 0, 0, 0, 0, 0, 0, 1, 0, 0, 0]","[0, 0, 1, 11, 1, 5, 9, 2, 1, 0, 3, 2, 2]","[0, 1, 0, 0, 0, 0, 0, 0, 0, 0, 0, 0, 0]",False,False,False,False
miui.com,captura_0000195_H123.csv,18,2,34,1,"[1, 0, 0, 0, 0, 0, 0, 1, 0, 0, 0, 0, 0]","[0, 0, 1, 9, 1, 5, 8, 0, 2, 1, 3, 2, 2]","[0, 1, 0, 0, 0, 0, 0, 0, 0, 0, 0, 0, 0]",False,False,False,False
miui.com,captura_0000195_H123.csv,19,2,36,1,"[1, 0, 0, 0, 0, 0, 0, 0, 0, 1, 0, 0, 0]","[0, 0, 1, 9, 6, 1, 9, 2, 1, 0, 3, 2, 2]","[0, 1, 0, 0, 0, 0, 0, 0, 0, 0, 0, 0, 0]",False,False,False,False
mozilla.org,captura_0000088_H123.csv,1,1,46,4,"[1, 0, 0, 0, 0, 0, 0, 0]","[0, 0, 1, 37, 0, 0, 2, 6]","[0, 1, 0, 0, 2, 1, 0, 0]",False,False,False,False
mozilla.org,captura_0000088_H123.csv,2,1,44,4,"[1, 0, 0, 0, 0, 0, 0, 0]","[0, 0, 1, 35, 0, 0, 2, 6]","[0, 1, 0, 0, 2, 1, 0, 0]",False,False,False,False
mozilla.org,captura_0000088_H123.csv,4,1,45,4,"[1, 0, 0, 0, 0, 0, 0, 0]","[0, 0, 1, 36, 0, 0, 2, 6]","[0, 1, 0, 0, 2, 1, 0, 0]",False,False,False,False
mozilla.org,captura_0000088_H123.csv,5,1,46,4,"[1, 0, 0, 0, 0, 0, 0, 0]","[0, 0, 1, 37, 0, 0, 2, 6]","[0, 1, 0, 0, 2, 1, 0, 0]",False,False,False,False
mozilla.org,captura_0000088_H123.csv,6,1,46,4,"[1, 0, 0, 0, 0, 0, 0, 0]","[0, 0, 1, 37, 0, 0, 2, 6]","[0, 1, 0, 0, 2, 1, 0, 0]",False,False,False,False
mozilla.org,captura_0000088_H123.csv,8,1,43,4,"[1, 0, 0, 0, 0, 0, 0, 0]","[0, 0, 1, 34, 0, 0, 2, 6]","[0, 1, 0, 0, 2, 1, 0, 0]",False,False,False,False
mozilla.org,captura_0000088_H123.csv,9,1,45,4,"[1, 0, 0, 0, 0, 0, 0, 0]","[0, 0, 1, 36, 0, 0, 2, 6]","[0, 1, 0, 0, 2, 1, 0, 0]",False,False,False,False
mozilla.org,captura_0000088_H123.csv,10,1,45,4,"[1, 0, 0, 0, 0, 0, 0, 0]","[0, 0, 1, 36, 0, 0, 2, 6]","[0, 1, 0, 0, 2, 1, 0, 0]",False,False,False,False
mozilla.org,captura_0000088_H123.csv,11,1,45,4,"[1, 0, 0, 0, 0, 0, 0, 0]","[0, 0, 1, 36, 0, 0, 2, 6]","[0, 1, 0, 0, 2, 1, 0, 0]",False,False,False,False
mozilla.org,captura_0000088_H123.csv,12,1,46,4,"[1, 0, 0, 0, 0, 0, 0, 0]","[0, 0, 1, 36, 0, 0, 2, 7]","[0, 1, 0, 0, 2, 1, 0, 0]",False,False,False,False
mozilla.org,captura_0000088_H123.csv,13,1,45,4,"[1, 0, 0, 0, 0, 0, 0, 0]","[0, 0, 1, 36, 0, 0, 2, 6]","[0, 1, 0, 0, 2, 1, 0, 0]",False,False,False,False
mozilla.org,captura_0000088_H123.csv,14,1,45,4,"[1, 0, 0, 0, 0, 0, 0, 0]","[0, 0, 1, 36, 0, 0, 2, 6]","[0, 1, 0, 0, 2, 1, 0, 0]",False,False,False,False
mozilla.org,captura_0000088_H123.csv,15,1,45,4,"[1, 0, 0, 0, 0, 0, 0, 0]","[0, 0, 1, 36, 0, 0, 2, 6]","[0, 1, 0, 0, 2, 1, 0, 0]",False,False,False,False
mozilla.org,captura_0000088_H123.csv,16,1,46,4,"[1, 0, 0, 0, 0, 0, 0, 0]","[0, 0, 1, 37, 0, 0, 2, 6]","[0, 1, 0, 0, 2, 1, 0, 0]",False,False,False,False
mozilla.org,captura_0000088_H123.csv,17,1,43,4,"[1, 0, 0, 0, 0, 0, 0, 0]","[0, 0, 1, 34, 0, 0, 2, 6]","[0, 1, 0, 0, 2, 1, 0, 0]",False,False,False,False
mozilla.org,captura_0000088_H123.csv,18,1,48,4,"[1, 0, 0, 0, 0, 0, 0, 0]","[0, 0, 1, 39, 0, 0, 2, 6]","[0, 1, 0, 0, 2, 1, 0, 0]",False,False,False,False
mozilla.org,captura_0000088_H123.csv,19,1,44,4,"[1, 0, 0, 0, 0, 0, 0, 0]","[0, 0, 1, 35, 0, 0, 2, 6]","[0, 1, 0, 0, 2, 1, 0, 0]",False,False,False,False
mozilla.org,captura_0000088_H123.csv,20,1,45,4,"[1, 0, 0, 0, 0, 0, 0, 0]","[0, 0, 1, 36, 0, 0, 2, 6]","[0, 1, 0, 0, 2, 1, 0, 0]",False,False,False,False
msn.com,captura_0000067_H123.csv,2,1,633,64,"[1, 0, 0, 0, 0, 0, 0, 0, 0, 0, 0, 0, 0, 0, 0, 0, 0, 0, 0, 0, 0, 0, 0, 0, 0, 0, 0, 0, 0, 0, 0, 0, 0, 0, 0, 0]","[0, 0, 2, 7, 434, 65, 2, 3, 11, 2, 17, 31, 4, 2, 2, 5, 0, 3, 0, 0, 4, 1, 1, 1, 1, 2, 0, 1, 11, 2, 4, 4, 2, 3, 4, 2]","[0, 1, 0, 0, 0, 0, 0, 0, 0, 0, 0, 0, 0, 0, 0, 0, 47, 0, 2, 7, 0, 0, 0, 0, 0, 0, 7, 0, 0, 0, 0, 0, 0, 0, 0, 0]",False,False,False,False
msn.com,captura_0000067_H123.csv,3,1,631,63,"[1, 0, 0, 0, 0, 0, 0, 0, 0, 0, 0, 0, 0, 0, 0, 0, 0, 0, 0, 0, 0, 0, 0, 0, 0, 0, 0, 0, 0, 0, 0, 0, 0, 0, 0, 0]","[0, 0, 2, 7, 432, 68, 2, 2, 8, 3, 14, 4, 36, 2, 0, 2, 2, 2, 2, 1, 6, 2, 1, 0, 2, 0, 11, 1, 2, 4, 2, 0, 3, 4, 2, 2]","[0, 1, 0, 0, 0, 0, 0, 0, 0, 0, 0, 0, 0, 0, 47, 0, 0, 0, 0, 0, 0, 0, 0, 1, 0, 7, 0, 0, 0, 0, 0, 7, 0, 0, 0, 0]",False,False,False,False
msn.com,captura_0000067_H123.csv,4,1,632,59,"[1, 0, 0, 0, 0, 0, 0, 0, 0, 0, 0, 0, 0, 0, 0, 0, 0, 0, 0, 0, 0, 0, 0, 0, 0, 0, 0, 0, 0, 0, 0, 0, 0, 0, 0]","[0, 0, 2, 7, 427, 67, 2, 6, 3, 2, 23, 4, 35, 2, 0, 3, 2, 2, 6, 2, 1, 2, 1, 2, 11, 0, 1, 2, 4, 0, 2, 3, 4, 2, 2]","[0, 1, 0, 0, 0, 0, 0, 0, 0, 0, 0, 0, 0, 0, 43, 0, 0, 0, 0, 0, 0, 0, 0, 0, 0, 7, 0, 0, 0, 8, 0, 0, 0, 0, 0]",False,False,False,False
msn.com,captura_0000067_H123.csv,6,1,640,61,"[1, 0, 0, 0, 0, 0, 0, 0, 0, 0, 0, 0, 0, 0, 0, 0, 0, 0, 0, 0, 0, 0, 0, 0, 0, 0, 0, 0, 0, 0, 0, 0, 0, 0, 0, 0, 0]","[0, 0, 2, 7, 436, 68, 2, 5, 3, 23, 2, 4, 35, 2, 0, 2, 2, 2, 2, 2, 1, 0, 1, 6, 2, 0, 11, 1, 2, 0, 4, 0, 2, 3, 4, 2, 2]","[0, 1, 0, 0, 0, 0, 0, 0, 0, 0, 0, 0, 0, 0, 44, 0, 0, 0, 0, 0, 0, 1, 0, 0, 0, 7, 0, 0, 0, 1, 0, 7, 0, 0, 0, 0, 0]",False,False,False,False
msn.com,captura_0000067_H123.csv,8,2,637,70,"[1, 0, 0, 0, 0, 0, 0, 0, 0, 0, 0, 0, 0, 0, 0, 0, 0, 0, 0, 0, 0, 0, 0, 0, 0, 0, 0, 0, 0, 0, 0, 0, 0, 0, 0, 0, 1, 0]","[0, 0, 2, 7, 428, 75, 3, 2, 8, 1, 18, 35, 4, 2, 2, 0, 3, 0, 2, 2, 1, 1, 1, 6, 2, 0, 11, 1, 2, 0, 4, 0, 2, 3, 5, 2, 0, 2]","[0, 1, 0, 0, 0, 0, 0, 0, 0, 0, 0, 0, 0, 0, 0, 50, 0, 1, 0, 0, 0, 0, 0, 0, 0, 7, 0, 0, 0, 3, 0, 8, 0, 0, 0, 0, 0, 0]",False,False,False,False
msn.com,captura_0000067_H123.csv,9,1,634,78,"[1, 0, 0, 0, 0, 0, 0, 0, 0, 0, 0, 0, 0, 0, 0, 0, 0, 0, 0, 0, 0, 0, 0, 0, 0, 0, 0, 0, 0, 0, 0, 0, 0, 0, 0, 0]","[0, 0, 2, 7, 434, 71, 2, 7, 3, 2, 18, 4, 33, 2, 0, 2, 2, 2, 5, 1, 1, 0, 2, 1, 2, 1, 11, 2, 0, 4, 0, 2, 3, 4, 2, 2]","[0, 1, 0, 0, 0, 0, 0, 0, 0, 0, 0, 0, 0, 0, 61, 0, 0, 0, 0, 0, 0, 1, 0, 0, 0, 0, 0, 0, 7, 0, 8, 0, 0, 0, 0, 0]",False,False,False,False
msn.com,captura_0000067_H123.csv,10,1,632,69,"[1, 0, 0, 0, 0, 0, 0, 0, 0, 0, 0, 0, 0, 0, 0, 0, 0, 0, 0, 0, 0, 0, 0, 0, 0, 0, 0, 0, 0, 0, 0, 0, 0, 0, 0, 0]","[0, 0, 2, 7, 434, 65, 4, 2, 2, 18, 3, 4, 36, 2, 0, 2, 6, 0, 2, 3, 1, 2, 1, 2, 0, 11, 1, 2, 2, 4, 1, 2, 3, 4, 2, 2]","[0, 1, 0, 0, 0, 0, 0, 0, 0, 0, 0, 0, 0, 0, 58, 0, 0, 1, 0, 0, 0, 0, 0, 0, 9, 0, 0, 0, 0, 0, 0, 0, 0, 0, 0, 0]",False,False,False,False
msn.com,captura_0000067_H123.csv,11,2,639,77,"[1, 0, 0, 0, 0, 0, 0, 0, 0, 0, 0, 0, 0, 0, 0, 0, 0, 0, 0, 0, 0, 0, 0, 0, 0, 0, 0, 0, 0, 0, 0, 0, 0, 0, 1, 0, 0, 0]","[0, 0, 2, 7, 441, 64, 2, 8, 3, 1, 14, 35, 4, 2, 2, 2, 0, 2, 3, 1, 5, 1, 1, 0, 0, 11, 1, 2, 2, 4, 0, 4, 2, 3, 0, 3, 5, 2]","[0, 1, 0, 0, 0, 0, 0, 0, 0, 0, 0, 0, 0, 0, 0, 0, 61, 0, 0, 0, 0, 0, 0, 1, 7, 0, 0, 0, 0, 0, 7, 0, 0, 0, 0, 0, 0, 0]",False,False,False,False
msn.com,captura_0000067_H123.csv,14,1,637,61,"[1, 0, 0, 0, 0, 0, 0, 0, 0, 0, 0, 0, 0, 0, 0, 0, 0, 0, 0, 0, 0, 0, 0, 0, 0, 0, 0, 0, 0, 0, 0, 0, 0, 0, 0, 0]","[0, 1, 2, 7, 438, 70, 2, 10, 3, 12, 2, 4, 34, 2, 0, 2, 2, 2, 2, 2, 1, 1, 2, 0, 11, 1, 2, 5, 4, 0, 2, 0, 3, 4, 2, 2]","[0, 0, 0, 0, 0, 0, 0, 0, 0, 0, 0, 0, 0, 0, 46, 0, 0, 0, 0, 0, 0, 0, 0, 7, 0, 0, 0, 0, 0, 1, 0, 7, 0, 0, 0, 0]",False,False,False,False
msn.com,captura_0000067_H123.csv,16,1,635,64,"[1, 0, 0, 0, 0, 0, 0, 0, 0, 0, 0, 0, 0, 0, 0, 0, 0, 0, 0, 0, 0, 0, 0, 0, 0, 0, 0, 0, 0, 0, 0, 0, 0, 0, 0, 0]","[0, 0, 2, 7, 438, 68, 2, 3, 7, 2, 17, 4, 33, 2, 0, 2, 2, 2, 1, 1, 6, 2, 1, 0, 2, 1, 2, 0, 11, 4, 0, 2, 3, 4, 2, 2]","[0, 1, 0, 0, 0, 0, 0, 0, 0, 0, 0, 0, 0, 0, 47, 0, 0, 0, 0, 0, 0, 0, 0, 1, 0, 0, 0, 7, 0, 0, 8, 0, 0, 0, 0, 0]",False,False,False,False
msn.com,captura_0000067_H123.csv,17,1,626,63,"[1, 0, 0, 0, 0, 0, 0, 0, 0, 0, 0, 0, 0, 0, 0, 0, 0, 0, 0, 0, 0, 0, 0, 0, 0, 0, 0, 0, 0, 0, 0, 0, 0, 0, 0, 0]","[0, 0, 2, 7, 427, 70, 2, 8, 3, 2, 13, 4, 34, 2, 0, 2, 2, 4, 2, 1, 2, 1, 5, 2, 0, 0, 1, 11, 2, 4, 2, 0, 3, 4, 2, 2]","[0, 1, 0, 0, 0, 0, 0, 0, 0, 0, 0, 0, 0, 0, 45, 0, 0, 0, 0, 0, 0, 0, 0, 0, 3, 7, 0, 0, 0, 0, 0, 7, 0, 0, 0, 0]",False,False,False,False
msn.com,captura_0000067_H123.csv,18,1,631,62,"[1, 0, 0, 0, 0, 0, 0, 0, 0, 0, 0, 0, 0, 0, 0, 0, 0, 0, 0, 0, 0, 0, 0, 0, 0, 0, 0, 0, 0, 0, 0, 0, 0, 0, 0, 0]","[0, 0, 2, 7, 435, 64, 2, 3, 8, 16, 2, 4, 36, 2, 0, 2, 2, 2, 1, 1, 6, 1, 2, 0, 2, 11, 0, 1, 2, 4, 0, 2, 3, 4, 2, 2]","[0, 1, 0, 0, 0, 0, 0, 0, 0, 0, 0, 0, 0, 0, 46, 0, 0, 0, 0, 0, 0, 0, 0, 1, 0, 0, 7, 0, 0, 0, 7, 0, 0, 0, 0, 0]",False,False,False,False
msn.com,captura_0000067_H123.csv,19,1,636,58,"[1, 0, 0, 0, 0, 0, 0, 0, 0, 0, 0, 0, 0, 0, 0, 0, 0, 0, 0, 0, 0, 0, 0, 0, 0, 0, 0, 0, 0, 0, 0, 0, 0, 0, 0]","[0, 0, 2, 7, 436, 68, 2, 2, 4, 3, 21, 4, 35, 2, 0, 2, 2, 2, 1, 7, 1, 0, 1, 1, 2, 11, 1, 0, 2, 4, 2, 3, 4, 2, 2]","[0, 1, 0, 0, 0, 0, 0, 0, 0, 0, 0, 0, 0, 0, 49, 0, 0, 0, 0, 0, 0, 1, 0, 0, 0, 0, 0, 7, 0, 0, 0, 0, 0, 0, 0]",False,False,False,False
msn.com,captura_0000067_H123.csv,20,1,623,58,"[1, 0, 0, 0, 0, 0, 0, 0, 0, 0, 0, 0, 0, 0, 0, 0, 0, 0, 0, 0, 0, 0, 0, 0, 0, 0, 0, 0, 0, 0, 0, 0, 0, 0, 0]","[0, 0, 2, 7, 430, 62, 2, 6, 3, 2, 19, 4, 32, 2, 0, 2, 2, 2, 1, 1, 2, 1, 6, 0, 2, 0, 11, 1, 2, 4, 4, 2, 3, 4, 2]","[0, 1, 0, 0, 0, 0, 0, 0, 0, 0, 0, 0, 0, 0, 49, 0, 0, 0, 0, 0, 0, 0, 0, 1, 0, 7, 0, 0, 0, 0, 0, 0, 0, 0, 0]",False,False,False,False
mts.ru,captura_0000106_H123.csv,2,24,396,3,"[1, 0, 0, 0, 0, 0, 0, 1, 0, 0, 0, 0, 1, 0, 0, 0, 0, 0, 0, 0, 0, 3, 0, 0, 1, 0, 10, 0, 0, 1, 2, 2, 2, 0, 0, 0]","[0, 1, 0, 122, 22, 56, 69, 0, 44, 1, 1, 1, 0, 39, 1, 6, 2, 1, 0, 1, 2, 0, 9, 1, 0, 2, 0, 1, 3, 0, 0, 0, 0, 2, 3, 6]","[0, 0, 1, 0, 0, 0, 0, 0, 0, 0, 0, 0, 0, 0, 0, 0, 0, 0, 2, 0, 0, 0, 0, 0, 0, 0, 0, 0, 0, 0, 0, 0, 0, 0, 0, 0]",False,False,False,False
mts.ru,captura_0000106_H123.csv,4,24,417,4,"[1, 0, 0, 0, 0, 0, 0, 1, 0, 0, 0, 0, 0, 1, 0, 0, 0, 0, 0, 0, 10, 0, 0, 0, 0, 3, 1, 0, 1, 4, 0, 2, 0, 0, 0]","[0, 0, 1, 119, 19, 80, 67, 0, 53, 1, 1, 1, 40, 0, 1, 1, 2, 2, 0, 6, 0, 1, 2, 1, 11, 0, 0, 2, 0, 0, 1, 0, 3, 2, 0]","[0, 1, 0, 0, 0, 0, 0, 0, 0, 0, 0, 0, 0, 0, 0, 0, 0, 0, 2, 0, 0, 0, 0, 0, 0, 0, 0, 0, 0, 0, 0, 0, 0, 0, 1]",False,False,False,False
mts.ru,captura_0000106_H123.csv,5,24,405,4,"[1, 0, 0, 0, 0, 0, 0, 1, 0, 0, 0, 0, 1, 0, 0, 0, 0, 0, 0, 0, 0, 10, 0, 0, 0, 0, 3, 0, 1, 0, 1, 4, 0, 2, 0]","[0, 0, 1, 121, 17, 70, 68, 0, 1, 1, 44, 1, 0, 42, 1, 5, 7, 2, 0, 1, 0, 0, 1, 2, 11, 1, 0, 1, 0, 2, 0, 0, 3, 0, 2]","[0, 1, 0, 0, 0, 0, 0, 0, 0, 0, 0, 0, 0, 0, 0, 0, 0, 0, 1, 0, 2, 0, 0, 0, 0, 0, 0, 0, 0, 0, 0, 0, 0, 0, 0]",False,False,False,False
mts.ru,captura_0000106_H123.csv,7,24,421,4,"[1, 0, 0, 0, 0, 0, 0, 1, 0, 0, 0, 0, 0, 1, 0, 0, 0, 0, 0, 0, 0, 0, 10, 0, 0, 3, 0, 1, 0, 1, 4, 0, 2, 0, 0]","[0, 0, 1, 126, 18, 75, 64, 0, 59, 1, 1, 1, 39, 0, 1, 1, 4, 2, 0, 6, 0, 1, 0, 2, 1, 0, 10, 0, 2, 0, 0, 1, 0, 3, 2]","[0, 1, 0, 0, 0, 0, 0, 0, 0, 0, 0, 0, 0, 0, 0, 0, 0, 0, 2, 0, 1, 0, 0, 0, 0, 0, 0, 0, 0, 0, 0, 0, 0, 0, 0]",False,False,False,False
mts.ru,captura_0000106_H123.csv,8,24,406,4,"[1, 0, 0, 0, 0, 0, 0, 1, 0, 0, 0, 0, 0, 1, 0, 0, 0, 0, 0, 0, 0, 10, 0, 0, 0, 0, 3, 0, 1, 0, 1, 2, 0, 2, 2, 0]","[0, 0, 1, 119, 17, 74, 72, 0, 44, 1, 1, 1, 43, 0, 1, 1, 2, 2, 0, 6, 0, 0, 1, 2, 9, 1, 0, 1, 0, 2, 0, 0, 3, 0, 0, 2]","[0, 1, 0, 0, 0, 0, 0, 0, 0, 0, 0, 0, 0, 0, 0, 0, 0, 0, 2, 0, 1, 0, 0, 0, 0, 0, 0, 0, 0, 0, 0, 0, 0, 0, 0, 0]",False,False,False,False
mts.ru,captura_0000106_H123.csv,9,24,408,4,"[1, 0, 0, 0, 0, 0, 0, 1, 0, 0, 0, 0, 0, 1, 0, 0, 0, 0, 0, 0, 0, 0, 10, 0, 3, 0, 0, 0, 1, 0, 1, 0, 4, 2, 0]","[0, 0, 1, 118, 22, 86, 63, 0, 39, 1, 1, 1, 42, 0, 6, 1, 0, 1, 2, 2, 0, 1, 0, 2, 0, 10, 1, 1, 0, 2, 0, 3, 0, 0, 2]","[0, 1, 0, 0, 0, 0, 0, 0, 0, 0, 0, 0, 0, 0, 0, 0, 1, 0, 0, 0, 2, 0, 0, 0, 0, 0, 0, 0, 0, 0, 0, 0, 0, 0, 0]",False,False,False,False
mts.ru,captura_0000106_H123.csv,11,24,409,5,"[1, 0, 0, 0, 0, 0, 0, 1, 0, 0, 0, 0, 0, 1, 0, 0, 0, 0, 0, 0, 0, 10, 0, 0, 0, 0, 3, 0, 1, 0, 0, 1, 4, 0, 0, 2, 0]","[0, 0, 1, 121, 14, 50, 71, 0, 48, 1, 1, 1, 23, 0, 6, 1, 0, 1, 8, 2, 0, 0, 1, 2, 1, 10, 0, 1, 0, 2, 21, 0, 0, 17, 3, 0, 2]","[0, 1, 0, 0, 0, 0, 0, 0, 0, 0, 0, 0, 0, 0, 0, 0, 2, 0, 0, 0, 2, 0, 0, 0, 0, 0, 0, 0, 0, 0, 0, 0, 0, 0, 0, 0, 0]",False,False,False,False
mts.ru,captura_0000106_H123.csv,12,24,394,6,"[1, 0, 0, 0, 0, 0, 0, 1, 0, 0, 0, 0, 0, 1, 0, 0, 0, 0, 0, 0, 0, 0, 0, 0, 10, 3, 0, 1, 0, 1, 4, 2, 0, 0, 0]","[0, 0, 1, 113, 17, 64, 69, 0, 1, 52, 1, 1, 40, 0, 1, 7, 1, 2, 2, 0, 0, 1, 2, 1, 0, 0, 10, 0, 2, 0, 0, 0, 1, 3, 2]","[0, 1, 0, 0, 0, 0, 0, 0, 0, 0, 0, 0, 0, 0, 0, 0, 0, 0, 0, 3, 2, 0, 0, 0, 0, 0, 0, 0, 0, 0, 0, 0, 0, 0, 0]",False,False,False,False
mts.ru,captura_0000106_H123.csv,15,24,410,4,"[1, 0, 0, 0, 0, 0, 0, 1, 0, 0, 0, 0, 0, 1, 0, 0, 0, 0, 0, 0, 0, 10, 0, 0, 3, 0, 0, 1, 0, 0, 1, 4, 0, 2, 0]","[0, 0, 1, 126, 21, 63, 67, 0, 47, 1, 1, 1, 43, 0, 6, 1, 0, 1, 6, 2, 0, 0, 1, 2, 0, 11, 1, 0, 2, 1, 0, 0, 3, 0, 2]","[0, 1, 0, 0, 0, 0, 0, 0, 0, 0, 0, 0, 0, 0, 0, 0, 1, 0, 0, 0, 2, 0, 0, 0, 0, 0, 0, 0, 0, 0, 0, 0, 0, 0, 0]",False,False,False,False
mts.ru,captura_0000106_H123.csv,16,24,386,4,"[1, 0, 0, 0, 0, 0, 0, 1, 0, 0, 0, 0, 1, 0, 0, 0, 0, 0, 0, 0, 0, 10, 0, 0, 0, 0, 3, 0, 1, 0, 1, 4, 0, 2, 0]","[0, 0, 1, 118, 17, 61, 67, 0, 44, 1, 1, 1, 0, 43, 1, 1, 5, 2, 0, 2, 0, 0, 1, 1, 11, 1, 0, 1, 0, 1, 0, 0, 3, 0, 2]","[0, 1, 0, 0, 0, 0, 0, 0, 0, 0, 0, 0, 0, 0, 0, 0, 0, 0, 1, 0, 2, 0, 0, 0, 0, 0, 0, 0, 0, 0, 0, 0, 0, 0, 0]",False,False,False,False
mts.ru,captura_0000106_H123.csv,19,24,404,6,"[1, 0, 0, 0, 0, 0, 0, 1, 0, 0, 0, 0, 0, 1, 0, 0, 0, 0, 0, 0, 0, 10, 0, 0, 0, 0, 3, 0, 1, 0, 1, 2, 0, 2, 1, 1, 0]","[0, 0, 1, 126, 21, 58, 74, 0, 47, 1, 1, 1, 39, 0, 1, 1, 6, 0, 2, 2, 0, 0, 1, 2, 1, 11, 0, 1, 0, 2, 0, 0, 3, 0, 0, 0, 2]","[0, 1, 0, 0, 0, 0, 0, 0, 0, 0, 0, 0, 0, 0, 0, 0, 0, 3, 0, 0, 2, 0, 0, 0, 0, 0, 0, 0, 0, 0, 0, 0, 0, 0, 0, 0, 0]",False,False,False,False
mts.ru,captura_0000106_H123.csv,20,24,405,4,"[1, 0, 0, 0, 0, 0, 0, 1, 0, 0, 0, 0, 0, 1, 0, 0, 0, 0, 0, 0, 0, 0, 10, 0, 3, 0, 0, 1, 0, 0, 1, 4, 0, 2, 0]","[0, 0, 1, 125, 20, 69, 68, 0, 44, 1, 1, 1, 40, 0, 1, 6, 0, 1, 2, 2, 0, 1, 0, 2, 0, 1, 11, 0, 1, 2, 0, 0, 3, 0, 2]","[0, 1, 0, 0, 0, 0, 0, 0, 0, 0, 0, 0, 0, 0, 0, 0, 1, 0, 0, 0, 2, 0, 0, 0, 0, 0, 0, 0, 0, 0, 0, 0, 0, 0, 0]",False,False,False,False
myfritz.net,captura_0000150_H123.csv,2,2,60,1,"[1, 0, 0, 0, 0, 0, 0, 1, 0, 0]","[0, 0, 1, 24, 2, 23, 2, 0, 2, 6]","[0, 1, 0, 0, 0, 0, 0, 0, 0, 0]",False,False,False,False
myfritz.net,captura_0000150_H123.csv,3,2,63,1,"[1, 0, 0, 0, 0, 0, 1, 0, 0, 0, 0, 0]","[0, 0, 1, 27, 1, 1, 0, 21, 2, 2, 6, 2]","[0, 1, 0, 0, 0, 0, 0, 0, 0, 0, 0, 0]",False,False,False,False
myfritz.net,captura_0000150_H123.csv,8,2,62,1,"[1, 0, 0, 0, 0, 0, 0, 0, 1, 0, 0]","[0, 0, 1, 25, 2, 22, 2, 2, 0, 6, 2]","[0, 1, 0, 0, 0, 0, 0, 0, 0, 0, 0]",False,False,False,False
myfritz.net,captura_0000150_H123.csv,10,2,63,1,"[1, 0, 0, 0, 0, 0, 1, 0, 0, 0, 0, 0]","[0, 0, 1, 24, 1, 1, 0, 24, 6, 2, 2, 2]","[0, 1, 0, 0, 0, 0, 0, 0, 0, 0, 0, 0]",False,False,False,False
myfritz.net,captura_0000150_H123.csv,11,2,56,1,"[1, 0, 0, 0, 0, 0, 0, 0, 0, 1, 0]","[0, 0, 1, 22, 1, 1, 21, 2, 2, 0, 6]","[0, 1, 0, 0, 0, 0, 0, 0, 0, 0, 0]",False,False,False,False
myfritz.net,captura_0000150_H123.csv,13,2,61,1,"[1, 0, 0, 0, 0, 0, 0, 0, 0, 1, 0]","[0, 0, 1, 26, 1, 1, 22, 2, 2, 0, 6]","[0, 1, 0, 0, 0, 0, 0, 0, 0, 0, 0]",False,False,False,False
myfritz.net,captura_0000150_H123.csv,14,2,59,1,"[1, 0, 0, 0, 0, 0, 0, 0, 0, 1, 0]","[0, 0, 1, 23, 1, 1, 24, 2, 2, 0, 5]","[0, 1, 0, 0, 0, 0, 0, 0, 0, 0, 0]",False,False,False,False
myfritz.net,captura_0000150_H123.csv,17,2,65,1,"[1, 0, 0, 0, 0, 0, 0, 0, 0, 0, 1, 0]","[0, 0, 1, 26, 1, 1, 24, 6, 2, 2, 0, 2]","[0, 1, 0, 0, 0, 0, 0, 0, 0, 0, 0, 0]",False,False,False,False
myfritz.net,captura_0000150_H123.csv,18,2,63,1,"[1, 0, 0, 0, 0, 0, 0, 0, 0, 1, 0]","[0, 0, 1, 27, 1, 1, 23, 2, 2, 0, 6]","[0, 1, 0, 0, 0, 0, 0, 0, 0, 0, 0]",False,False,False,False
myfritz.net,captura_0000150_H123.csv,19,2,62,1,"[1, 0, 0, 0, 0, 0, 1, 0, 0, 0, 0]","[0, 0, 1, 26, 1, 1, 0, 23, 2, 2, 6]","[0, 1, 0, 0, 0, 0, 0, 0, 0, 0, 0]",False,False,False,False
myfritz.net,captura_0000150_H123.csv,20,2,56,1,"[1, 0, 0, 0, 0, 0, 0, 0, 0, 1, 0]","[0, 0, 1, 23, 1, 1, 21, 5, 2, 0, 2]","[0, 1, 0, 0, 0, 0, 0, 0, 0, 0, 0]",False,False,False,False
netflix.com,captura_0000050_H123.csv,4,44,24,8,"[1, 0, 0, 0, 1, 1, 2, 5, 1, 1, 5, 4, 1, 1, 1, 1, 2, 1, 0, 2, 2, 2, 0, 0, 4, 0, 0, 0, 0, 2, 2, 0, 0, 0, 1, 0, 0, 1, 0, 0]","[0, 0, 1, 2, 0, 0, 0, 0, 0, 0, 0, 0, 0, 0, 0, 0, 0, 0, 1, 0, 0, 0, 2, 0, 0, 0, 1, 1, 2, 0, 0, 6, 1, 0, 0, 2, 3, 0, 0, 2]","[0, 1, 0, 0, 0, 0, 0, 0, 0, 0, 0, 0, 0, 0, 0, 0, 0, 0, 0, 0, 0, 0, 0, 2, 0, 1, 0, 0, 0, 0, 0, 0, 0, 3, 0, 0, 0, 0, 1, 0]",False,False,False,False
netflix.com,captura_0000050_H123.csv,5,44,24,8,"[1, 0, 0, 0, 1, 1, 2, 5, 1, 1, 5, 4, 1, 1, 1, 2, 2, 1, 3, 1, 1, 0, 0, 0, 4, 0, 0, 0, 0, 0, 2, 2, 0, 0, 1, 0, 0, 1, 0, 0]","[0, 0, 1, 2, 0, 0, 0, 0, 0, 0, 0, 0, 0, 0, 0, 0, 0, 0, 0, 0, 0, 1, 2, 0, 0, 0, 1, 6, 1, 2, 0, 0, 1, 0, 0, 2, 3, 0, 0, 2]","[0, 1, 0, 0, 0, 0, 0, 0, 0, 0, 0, 0, 0, 0, 0, 0, 0, 0, 0, 0, 0, 0, 0, 2, 0, 1, 0, 0, 0, 0, 0, 0, 0, 3, 0, 0, 0, 0, 1, 0]",False,False,False,False
netflix.com,captura_0000050_H123.csv,6,44,24,8,"[1, 0, 0, 1, 1, 2, 5, 1, 5, 1, 4, 1, 1, 1, 1, 1, 1, 1, 3, 3, 0, 0, 0, 4, 0, 0, 0, 0, 2, 0, 0, 2, 0, 0, 1, 0, 1, 0, 0]","[0, 0, 3, 0, 0, 0, 0, 0, 0, 0, 0, 0, 0, 0, 0, 0, 0, 0, 0, 0, 1, 2, 0, 0, 0, 1, 1, 2, 0, 0, 6, 0, 3, 1, 0, 2, 0, 0, 2]","[0, 1, 0, 0, 0, 0, 0, 0, 0, 0, 0, 0, 0, 0, 0, 0, 0, 0, 0, 0, 0, 0, 2, 0, 1, 0, 0, 0, 0, 3, 0, 0, 0, 0, 0, 0, 0, 1, 0]",False,False,False,False
netflix.com,captura_0000050_H123.csv,7,44,24,8,"[1, 0, 0, 5, 1, 1, 2, 1, 1, 5, 2, 1, 1, 1, 1, 2, 1, 2, 2, 2, 0, 4, 0, 0, 4, 0, 0, 0, 0, 0, 2, 0, 0, 1, 0, 0, 1, 0, 0]","[0, 0, 3, 0, 0, 0, 0, 0, 0, 0, 0, 0, 0, 0, 0, 0, 0, 0, 0, 0, 2, 0, 0, 1, 0, 0, 1, 1, 2, 6, 0, 1, 0, 0, 2, 3, 0, 0, 2]","[0, 1, 0, 0, 0, 0, 0, 0, 0, 0, 0, 0, 0, 0, 0, 0, 0, 0, 0, 0, 0, 0, 2, 0, 0, 1, 0, 0, 0, 0, 0, 0, 3, 0, 0, 0, 0, 1, 0]",False,False,False,False
netflix.com,captura_0000050_H123.csv,9,44,24,8,"[1, 0, 0, 0, 1, 1, 2, 5, 1, 1, 5, 4, 1, 1, 1, 0, 2, 2, 1, 2, 1, 2, 0, 0, 4, 0, 0, 0, 0, 2, 2, 0, 0, 0, 1, 0, 0, 1, 0, 0]","[0, 0, 1, 2, 0, 0, 0, 0, 0, 0, 0, 0, 0, 0, 0, 1, 0, 0, 0, 0, 0, 0, 2, 0, 0, 0, 1, 1, 2, 0, 0, 6, 1, 0, 0, 2, 3, 0, 0, 2]","[0, 1, 0, 0, 0, 0, 0, 0, 0, 0, 0, 0, 0, 0, 0, 0, 0, 0, 0, 0, 0, 0, 0, 2, 0, 1, 0, 0, 0, 0, 0, 0, 0, 3, 0, 0, 0, 0, 1, 0]",False,False,False,False
netflix.com,captura_0000050_H123.csv,12,44,24,9,"[1, 0, 0, 0, 1, 1, 5, 1, 2, 1, 5, 4, 1, 1, 1, 1, 2, 1, 2, 2, 2, 0, 0, 0, 4, 0, 0, 0, 2, 0, 2, 0, 1, 0, 0, 1, 0, 0, 0, 0]","[0, 0, 1, 2, 0, 0, 0, 0, 0, 0, 0, 0, 0, 0, 0, 0, 0, 0, 0, 0, 0, 1, 2, 0, 0, 0, 1, 1, 0, 2, 0, 1, 0, 0, 2, 0, 3, 0, 6, 2]","[0, 1, 0, 0, 0, 0, 0, 0, 0, 0, 0, 0, 0, 0, 0, 0, 0, 0, 0, 0, 0, 0, 0, 3, 0, 1, 0, 0, 0, 0, 0, 0, 0, 3, 0, 0, 0, 1, 0, 0]",False,False,False,False
netflix.com,captura_0000050_H123.csv,17,44,24,8,"[1, 0, 0, 1, 1, 2, 5, 1, 5, 1, 5, 1, 1, 1, 1, 2, 2, 2, 1, 2, 0, 0, 0, 4, 0, 0, 0, 0, 0, 1, 2, 0, 0, 1, 0, 0, 1, 0, 0]","[0, 0, 3, 0, 0, 0, 0, 0, 0, 0, 0, 0, 0, 0, 0, 0, 0, 0, 0, 0, 1, 2, 0, 0, 0, 1, 6, 1, 2, 0, 0, 1, 0, 0, 2, 3, 0, 0, 2]","[0, 1, 0, 0, 0, 0, 0, 0, 0, 0, 0, 0, 0, 0, 0, 0, 0, 0, 0, 0, 0, 0, 2, 0, 1, 0, 0, 0, 0, 0, 0, 0, 3, 0, 0, 0, 0, 1, 0]",False,False,False,False
netflix.com,captura_0000050_H123.csv,18,44,24,9,"[1, 0, 0, 5, 1, 1, 1, 2, 1, 5, 4, 1, 1, 1, 1, 1, 2, 2, 2, 2, 0, 0, 0, 4, 0, 0, 0, 0, 2, 2, 0, 0, 1, 0, 0, 1, 0, 0, 0]","[0, 0, 3, 0, 0, 0, 0, 0, 0, 0, 0, 0, 0, 0, 0, 0, 0, 0, 0, 0, 1, 2, 0, 0, 0, 1, 1, 2, 0, 0, 6, 1, 0, 0, 2, 0, 3, 0, 2]","[0, 1, 0, 0, 0, 0, 0, 0, 0, 0, 0, 0, 0, 0, 0, 0, 0, 0, 0, 0, 0, 0, 3, 0, 1, 0, 0, 0, 0, 0, 0, 0, 0, 3, 0, 0, 0, 1, 0]",False,False,False,False
netflix.com,captura_0000050_H123.csv,19,44,24,8,"[1, 0, 0, 0, 1, 1, 2, 5, 1, 1, 5, 4, 1, 1, 1, 1, 2, 2, 2, 2, 1, 0, 0, 0, 4, 0, 0, 0, 0, 2, 2, 0, 0, 1, 0, 0, 0, 1, 0, 0]","[0, 0, 1, 2, 0, 0, 0, 0, 0, 0, 0, 0, 0, 0, 0, 0, 0, 0, 0, 0, 0, 1, 2, 0, 0, 0, 1, 1, 2, 0, 0, 1, 0, 0, 6, 2, 3, 0, 0, 2]","[0, 1, 0, 0, 0, 0, 0, 0, 0, 0, 0, 0, 0, 0, 0, 0, 0, 0, 0, 0, 0, 0, 0, 2, 0, 1, 0, 0, 0, 0, 0, 0, 3, 0, 0, 0, 0, 0, 1, 0]",False,False,False,False
nginx.com,captura_0000125_H123.csv,1,3,88,4,"[1, 0, 0, 0, 0, 0, 0, 0, 0, 0, 0, 0, 0, 0, 0, 0, 0, 0, 0, 0, 0, 0, 1, 0, 0, 0, 0, 0, 0, 0, 1, 0, 0, 0, 0, 0]","[0, 0, 3, 23, 1, 7, 3, 6, 3, 1, 2, 2, 0, 1, 1, 1, 2, 0, 5, 1, 1, 1, 0, 2, 1, 7, 2, 1, 1, 1, 0, 1, 2, 2, 2, 2]","[0, 1, 0, 0, 0, 0, 0, 0, 0, 0, 0, 0, 1, 0, 0, 0, 0, 2, 0, 0, 0, 0, 0, 0, 0, 0, 0, 0, 0, 0, 0, 0, 0, 0, 0, 0]",False,False,False,False
nginx.com,captura_0000125_H123.csv,5,3,95,4,"[1, 0, 0, 0, 0, 0, 0, 0, 0, 0, 0, 0, 0, 0, 0, 0, 0, 0, 0, 0, 0, 0, 1, 0, 0, 0, 0, 0, 0, 1, 0, 0, 0, 0, 0]","[0, 0, 3, 30, 3, 3, 1, 7, 6, 2, 2, 2, 1, 0, 1, 1, 2, 1, 0, 4, 8, 1, 0, 2, 1, 2, 1, 1, 1, 0, 1, 2, 2, 2, 2]","[0, 1, 0, 0, 0, 0, 0, 0, 0, 0, 0, 0, 0, 1, 0, 0, 0, 0, 2, 0, 0, 0, 0, 0, 0, 0, 0, 0, 0, 0, 0, 0, 0, 0, 0]",False,False,False,False
nginx.com,captura_0000125_H123.csv,6,3,92,4,"[1, 0, 0, 0, 0, 0, 0, 0, 0, 0, 0, 0, 0, 0, 0, 0, 0, 0, 0, 0, 0, 0, 1, 0, 0, 0, 0, 0, 0, 0, 1, 0, 0, 0, 0, 0]","[0, 0, 3, 26, 3, 1, 3, 7, 2, 1, 2, 1, 0, 0, 6, 1, 1, 2, 1, 5, 1, 1, 0, 2, 1, 7, 2, 1, 1, 1, 0, 1, 2, 2, 3, 2]","[0, 1, 0, 0, 0, 0, 0, 0, 0, 0, 0, 0, 2, 1, 0, 0, 0, 0, 0, 0, 0, 0, 0, 0, 0, 0, 0, 0, 0, 0, 0, 0, 0, 0, 0, 0]",False,False,False,False
nginx.com,captura_0000125_H123.csv,7,3,87,4,"[1, 0, 0, 0, 0, 0, 0, 0, 0, 0, 0, 0, 0, 0, 0, 0, 0, 0, 0, 0, 0, 0, 1, 0, 0, 0, 0, 0, 0, 0, 1, 0, 0, 0, 0, 0]","[0, 0, 3, 23, 3, 1, 3, 7, 2, 1, 2, 1, 0, 1, 6, 1, 0, 1, 4, 2, 1, 1, 0, 2, 1, 7, 2, 1, 1, 1, 0, 1, 2, 2, 2, 2]","[0, 1, 0, 0, 0, 0, 0, 0, 0, 0, 0, 0, 1, 0, 0, 0, 2, 0, 0, 0, 0, 0, 0, 0, 0, 0, 0, 0, 0, 0, 0, 0, 0, 0, 0, 0]",False,False,False,False
nginx.com,captura_0000125_H123.csv,8,3,95,4,"[1, 0, 0, 0, 0, 0, 0, 0, 0, 0, 0, 0, 0, 0, 0, 0, 0, 0, 0, 0, 0, 0, 1, 0, 0, 0, 0, 0, 0, 1, 0, 0, 0, 0, 0]","[0, 0, 3, 32, 7, 1, 3, 3, 1, 2, 2, 1, 0, 5, 1, 1, 2, 0, 1, 4, 1, 8, 0, 2, 1, 2, 1, 1, 1, 0, 1, 2, 2, 2, 2]","[0, 1, 0, 0, 0, 0, 0, 0, 0, 0, 0, 0, 1, 0, 0, 0, 0, 2, 0, 0, 0, 0, 0, 0, 0, 0, 0, 0, 0, 0, 0, 0, 0, 0, 0]",False,False,False,False
nginx.com,captura_0000125_H123.csv,9,3,93,4,"[1, 0, 0, 0, 0, 0, 0, 0, 0, 0, 0, 0, 0, 0, 0, 0, 0, 0, 0, 0, 0, 0, 1, 0, 0, 0, 0, 0, 0, 1, 0, 0, 0, 0, 0]","[0, 0, 3, 27, 3, 3, 1, 7, 7, 1, 2, 2, 1, 0, 0, 1, 1, 2, 1, 5, 8, 1, 0, 2, 1, 2, 1, 1, 1, 0, 1, 2, 2, 2, 2]","[0, 1, 0, 0, 0, 0, 0, 0, 0, 0, 0, 0, 0, 1, 2, 0, 0, 0, 0, 0, 0, 0, 0, 0, 0, 0, 0, 0, 0, 0, 0, 0, 0, 0, 0]",False,False,False,False
nginx.com,captura_0000125_H123.csv,10,3,90,4,"[1, 0, 0, 0, 0, 0, 0, 0, 0, 0, 0, 0, 0, 0, 0, 0, 0, 0, 0, 0, 0, 0, 1, 0, 0, 0, 0, 0, 0, 0, 1, 0, 0, 0, 0, 0]","[0, 0, 3, 25, 3, 1, 3, 7, 6, 1, 2, 3, 1, 0, 0, 1, 1, 1, 2, 4, 1, 1, 0, 2, 1, 7, 2, 1, 1, 1, 0, 1, 2, 2, 2, 2]","[0, 1, 0, 0, 0, 0, 0, 0, 0, 0, 0, 0, 0, 2, 1, 0, 0, 0, 0, 0, 0, 0, 0, 0, 0, 0, 0, 0, 0, 0, 0, 0, 0, 0, 0, 0]",False,False,False,False
nginx.com,captura_0000125_H123.csv,11,3,92,4,"[1, 0, 0, 0, 0, 0, 0, 0, 0, 0, 0, 0, 0, 0, 0, 0, 0, 0, 0, 0, 0, 0, 1, 0, 0, 0, 0, 0, 0, 0, 1, 0, 0, 0, 0, 0]","[0, 0, 3, 28, 3, 1, 3, 7, 6, 1, 2, 2, 1, 0, 1, 1, 2, 1, 0, 4, 1, 1, 0, 2, 1, 7, 2, 1, 1, 1, 0, 1, 2, 2, 2, 2]","[0, 1, 0, 0, 0, 0, 0, 0, 0, 0, 0, 0, 0, 1, 0, 0, 0, 0, 2, 0, 0, 0, 0, 0, 0, 0, 0, 0, 0, 0, 0, 0, 0, 0, 0, 0]",False,False,False,False
nginx.com,captura_0000125_H123.csv,12,3,84,4,"[1, 0, 0, 0, 0, 0, 0, 0, 0, 0, 0, 0, 0, 0, 0, 0, 0, 0, 0, 0, 0, 0, 1, 0, 0, 0, 0, 0, 0, 0, 1, 0, 0, 0, 0, 0]","[0, 0, 3, 21, 3, 7, 1, 3, 5, 2, 0, 1, 2, 1, 1, 1, 1, 0, 2, 4, 1, 1, 0, 2, 1, 7, 2, 1, 1, 1, 0, 1, 2, 2, 2, 2]","[0, 1, 0, 0, 0, 0, 0, 0, 0, 0, 1, 0, 0, 0, 0, 0, 0, 2, 0, 0, 0, 0, 0, 0, 0, 0, 0, 0, 0, 0, 0, 0, 0, 0, 0, 0]",False,False,False,False
nginx.com,captura_0000125_H123.csv,13,3,92,4,"[1, 0, 0, 0, 0, 0, 0, 0, 0, 0, 0, 0, 0, 0, 0, 0, 0, 0, 0, 0, 0, 0, 1, 0, 0, 0, 0, 0, 0, 0, 1, 0, 0, 0, 0, 0]","[0, 0, 3, 25, 3, 3, 7, 1, 2, 1, 2, 1, 0, 0, 6, 1, 1, 2, 1, 7, 1, 1, 0, 2, 1, 7, 2, 1, 1, 1, 0, 1, 2, 2, 2, 2]","[0, 1, 0, 0, 0, 0, 0, 0, 0, 0, 0, 0, 1, 2, 0, 0, 0, 0, 0, 0, 0, 0, 0, 0, 0, 0, 0, 0, 0, 0, 0, 0, 0, 0, 0, 0]",False,False,False,False
nginx.com,captura_0000125_H123.csv,14,3,91,4,"[1, 0, 0, 0, 0, 0, 0, 0, 0, 0, 0, 0, 0, 0, 0, 0, 0, 0, 0, 0, 0, 0, 1, 0, 0, 0, 0, 0, 0, 0, 1, 0, 0, 0, 0, 0]","[0, 0, 3, 28, 3, 1, 3, 7, 5, 1, 2, 2, 1, 0, 1, 1, 1, 0, 2, 4, 1, 1, 0, 2, 1, 7, 2, 1, 1, 1, 0, 1, 2, 2, 2, 2]","[0, 1, 0, 0, 0, 0, 0, 0, 0, 0, 0, 0, 0, 1, 0, 0, 0, 2, 0, 0, 0, 0, 0, 0, 0, 0, 0, 0, 0, 0, 0, 0, 0, 0, 0, 0]",False,False,False,False
nginx.com,captura_0000125_H123.csv,15,3,87,4,"[1, 0, 0, 0, 0, 0, 0, 0, 0, 0, 0, 0, 0, 0, 0, 0, 0, 0, 0, 0, 0, 0, 1, 0, 0, 0, 0, 0, 0, 0, 1, 0, 0, 0, 0, 0]","[0, 0, 3, 23, 1, 3, 7, 3, 6, 1, 2, 2, 1, 0, 1, 1, 2, 1, 0, 4, 1, 1, 0, 2, 1, 7, 2, 1, 1, 1, 0, 1, 2, 2, 2, 2]","[0, 1, 0, 0, 0, 0, 0, 0, 0, 0, 0, 0, 0, 1, 0, 0, 0, 0, 2, 0, 0, 0, 0, 0, 0, 0, 0, 0, 0, 0, 0, 0, 0, 0, 0, 0]",False,False,False,False
nginx.com,captura_0000125_H123.csv,16,3,90,4,"[1, 0, 0, 0, 0, 0, 0, 0, 0, 0, 0, 0, 0, 0, 0, 0, 0, 0, 0, 0, 0, 0, 1, 0, 0, 0, 0, 0, 0, 0, 1, 0, 0, 0, 0, 0]","[0, 3, 0, 24, 3, 3, 7, 1, 1, 2, 2, 1, 0, 0, 5, 1, 1, 2, 1, 7, 1, 1, 0, 2, 1, 7, 2, 1, 1, 1, 0, 1, 2, 2, 2, 2]","[0, 0, 1, 0, 0, 0, 0, 0, 0, 0, 0, 0, 2, 1, 0, 0, 0, 0, 0, 0, 0, 0, 0, 0, 0, 0, 0, 0, 0, 0, 0, 0, 0, 0, 0, 0]",False,False,False,False
nginx.com,captura_0000125_H123.csv,17,3,90,4,"[1, 0, 0, 0, 0, 0, 0, 0, 0, 0, 0, 0, 0, 0, 0, 0, 0, 0, 0, 0, 0, 0, 1, 0, 0, 0, 0, 0, 0, 0, 1, 0, 0, 0, 0, 0]","[0, 0, 3, 27, 3, 1, 3, 7, 2, 1, 2, 1, 0, 0, 5, 1, 1, 1, 2, 4, 1, 1, 0, 2, 1, 7, 2, 1, 1, 1, 0, 1, 2, 2, 2, 2]","[0, 1, 0, 0, 0, 0, 0, 0, 0, 0, 0, 0, 1, 2, 0, 0, 0, 0, 0, 0, 0, 0, 0, 0, 0, 0, 0, 0, 0, 0, 0, 0, 0, 0, 0, 0]",False,False,False,False
nginx.com,captura_0000125_H123.csv,18,3,86,4,"[1, 0, 0, 0, 0, 0, 0, 0, 0, 0, 0, 0, 0, 0, 0, 0, 0, 0, 0, 0, 0, 0, 1, 0, 0, 0, 0, 0, 0, 0, 1, 0, 0, 0, 0, 0]","[0, 0, 3, 22, 3, 1, 3, 7, 6, 1, 2, 2, 1, 0, 1, 1, 2, 1, 0, 4, 1, 1, 0, 2, 1, 7, 2, 1, 1, 1, 0, 1, 2, 2, 2, 2]","[0, 1, 0, 0, 0, 0, 0, 0, 0, 0, 0, 0, 0, 1, 0, 0, 0, 0, 2, 0, 0, 0, 0, 0, 0, 0, 0, 0, 0, 0, 0, 0, 0, 0, 0, 0]",False,False,False,False
nginx.com,captura_0000125_H123.csv,20,3,95,4,"[1, 0, 0, 0, 0, 0, 0, 0, 0, 0, 0, 0, 0, 0, 0, 0, 0, 0, 0, 0, 0, 0, 1, 0, 0, 0, 0, 0, 0, 1, 0, 0, 0, 0, 0]","[0, 0, 3, 30, 3, 3, 7, 1, 1, 2, 2, 1, 0, 0, 6, 1, 1, 1, 2, 5, 8, 1, 0, 2, 1, 2, 1, 1, 1, 0, 1, 2, 2, 2, 2]","[0, 1, 0, 0, 0, 0, 0, 0, 0, 0, 0, 0, 2, 1, 0, 0, 0, 0, 0, 0, 0, 0, 0, 0, 0, 0, 0, 0, 0, 0, 0, 0, 0, 0, 0]",False,False,False,False
nginx.org,captura_0000113_H123.csv,1,9,6,1,"[1, 0, 2, 4, 2, 0]","[0, 0, 0, 0, 0, 6]","[0, 1, 0, 0, 0, 0]",False,False,False,False
nginx.org,captura_0000113_H123.csv,2,9,6,1,"[1, 0, 5, 2, 1, 0]","[0, 0, 0, 0, 0, 6]","[0, 1, 0, 0, 0, 0]",False,False,False,False
nginx.org,captura_0000113_H123.csv,3,9,6,1,"[1, 0, 5, 2, 1, 0]","[0, 0, 0, 0, 0, 6]","[0, 1, 0, 0, 0, 0]",False,False,False,False
nginx.org,captura_0000113_H123.csv,4,9,6,1,"[1, 0, 4, 2, 2, 0]","[0, 0, 0, 0, 0, 6]","[0, 1, 0, 0, 0, 0]",False,False,False,False
nginx.org,captura_0000113_H123.csv,5,9,6,1,"[1, 0, 4, 2, 2, 0]","[0, 0, 0, 0, 0, 6]","[0, 1, 0, 0, 0, 0]",False,False,False,False
nginx.org,captura_0000113_H123.csv,6,9,6,1,"[1, 0, 2, 4, 2, 0]","[0, 0, 0, 0, 0, 6]","[0, 1, 0, 0, 0, 0]",False,False,False,False
nginx.org,captura_0000113_H123.csv,8,9,6,1,"[1, 0, 2, 4, 2, 0]","[0, 0, 0, 0, 0, 6]","[0, 1, 0, 0, 0, 0]",False,False,False,False
nginx.org,captura_0000113_H123.csv,9,9,6,1,"[1, 0, 3, 4, 1, 0]","[0, 0, 0, 0, 0, 6]","[0, 1, 0, 0, 0, 0]",False,False,False,False
nginx.org,captura_0000113_H123.csv,10,9,6,1,"[1, 0, 5, 2, 1, 0]","[0, 0, 0, 0, 0, 6]","[0, 1, 0, 0, 0, 0]",False,False,False,False
nginx.org,captura_0000113_H123.csv,11,9,6,1,"[1, 0, 5, 2, 1, 0]","[0, 0, 0, 0, 0, 6]","[0, 1, 0, 0, 0, 0]",False,False,False,False
nginx.org,captura_0000113_H123.csv,12,9,6,1,"[1, 0, 2, 4, 2, 0]","[0, 0, 0, 0, 0, 6]","[0, 1, 0, 0, 0, 0]",False,False,False,False
nginx.org,captura_0000113_H123.csv,13,9,6,1,"[1, 0, 2, 4, 2, 0]","[0, 0, 0, 0, 0, 6]","[0, 1, 0, 0, 0, 0]",False,False,False,False
nginx.org,captura_0000113_H123.csv,14,9,6,1,"[1, 5, 2, 0, 1, 0]","[0, 0, 0, 0, 0, 6]","[0, 0, 0, 1, 0, 0]",False,False,False,False
nginx.org,captura_0000113_H123.csv,15,9,6,1,"[1, 0, 2, 5, 1, 0]","[0, 0, 0, 0, 0, 6]","[0, 1, 0, 0, 0, 0]",False,False,False,False
nginx.org,captura_0000113_H123.csv,16,9,6,1,"[1, 0, 2, 5, 1, 0]","[0, 0, 0, 0, 0, 6]","[0, 1, 0, 0, 0, 0]",False,False,False,False
nginx.org,captura_0000113_H123.csv,17,9,6,1,"[1, 0, 3, 3, 2, 0]","[0, 0, 0, 0, 0, 6]","[0, 1, 0, 0, 0, 0]",False,False,False,False
nginx.org,captura_0000113_H123.csv,18,9,6,1,"[1, 0, 2, 4, 2, 0]","[0, 0, 0, 0, 0, 6]","[0, 1, 0, 0, 0, 0]",False,False,False,False
nginx.org,captura_0000113_H123.csv,19,9,6,1,"[1, 0, 2, 4, 2, 0]","[0, 0, 0, 0, 0, 6]","[0, 1, 0, 0, 0, 0]",False,False,False,False
nginx.org,captura_0000113_H123.csv,20,9,6,1,"[1, 0, 4, 2, 2, 0]","[0, 0, 0, 0, 0, 6]","[0, 1, 0, 0, 0, 0]",False,False,False,False
nic.ru,captura_0000086_H123.csv,1,20,99,2,"[1, 0, 0, 0, 0, 0, 0, 1, 0, 0, 0, 0, 1, 0, 1, 0, 1, 0, 0, 0, 0, 0, 0, 0, 1, 14, 0, 0, 0, 0, 0, 0, 0, 0, 0]","[0, 0, 26, 10, 5, 1, 1, 0, 1, 16, 3, 1, 0, 2, 0, 0, 0, 2, 2, 1, 1, 5, 3, 1, 0, 0, 1, 1, 2, 2, 2, 1, 1, 2, 6]","[0, 1, 0, 0, 0, 0, 0, 0, 0, 0, 0, 0, 0, 0, 0, 1, 0, 0, 0, 0, 0, 0, 0, 0, 0, 0, 0, 0, 0, 0, 0, 0, 0, 0, 0]",False,False,False,False
nic.ru,captura_0000086_H123.csv,2,15,117,3,"[1, 0, 0, 0, 0, 0, 0, 1, 0, 0, 0, 0, 1, 0, 1, 0, 0, 1, 0, 0, 0, 0, 0, 10, 0, 0, 0, 0, 0, 0, 0, 0, 0, 0, 0, 0]","[0, 0, 26, 18, 6, 1, 1, 0, 16, 1, 3, 1, 0, 2, 0, 0, 8, 0, 2, 2, 1, 5, 1, 0, 3, 2, 1, 1, 2, 2, 2, 1, 1, 2, 6, 0]","[0, 1, 0, 0, 0, 0, 0, 0, 0, 0, 0, 0, 0, 0, 0, 1, 0, 0, 0, 0, 0, 0, 0, 0, 0, 0, 0, 0, 0, 0, 0, 0, 0, 0, 0, 1]",False,False,False,False
nic.ru,captura_0000086_H123.csv,3,18,105,3,"[1, 0, 0, 0, 0, 0, 0, 1, 0, 0, 0, 0, 1, 0, 1, 0, 1, 0, 0, 0, 0, 0, 0, 13, 0, 0, 0, 0, 0, 0, 0, 0, 0]","[0, 0, 27, 22, 1, 5, 1, 0, 1, 16, 3, 1, 0, 2, 0, 0, 0, 2, 2, 1, 2, 1, 3, 0, 1, 1, 2, 1, 1, 1, 2, 6, 0]","[0, 1, 0, 0, 0, 0, 0, 0, 0, 0, 0, 0, 0, 0, 0, 1, 0, 0, 0, 0, 0, 0, 0, 0, 0, 0, 0, 0, 0, 0, 0, 0, 1]",False,False,False,False
nic.ru,captura_0000086_H123.csv,4,15,112,3,"[1, 0, 0, 0, 0, 0, 0, 1, 0, 0, 0, 0, 1, 0, 1, 0, 1, 0, 0, 0, 0, 0, 10, 0, 0, 0, 0, 0, 0, 0, 0, 0, 0, 0, 0, 0]","[0, 0, 26, 21, 5, 1, 1, 0, 16, 1, 3, 1, 0, 2, 0, 0, 0, 2, 2, 1, 5, 1, 0, 3, 1, 2, 1, 1, 2, 2, 2, 1, 1, 2, 6, 0]","[0, 1, 0, 0, 0, 0, 0, 0, 0, 0, 0, 0, 0, 0, 0, 1, 0, 0, 0, 0, 0, 0, 0, 0, 0, 0, 0, 0, 0, 0, 0, 0, 0, 0, 0, 1]",False,False,False,False
nic.ru,captura_0000086_H123.csv,5,20,108,4,"[1, 0, 0, 0, 0, 0, 0, 0, 0, 1, 0, 0, 0, 0, 1, 0, 1, 0, 1, 0, 0, 0, 0, 0, 14, 0, 0, 1, 0, 0, 0, 0, 0, 0, 0, 0]","[0, 0, 25, 6, 0, 20, 5, 1, 1, 0, 16, 1, 3, 1, 0, 2, 0, 0, 0, 2, 1, 2, 1, 5, 0, 3, 1, 0, 1, 1, 2, 2, 2, 1, 2, 1]","[0, 1, 0, 0, 2, 0, 0, 0, 0, 0, 0, 0, 0, 0, 0, 0, 0, 1, 0, 0, 0, 0, 0, 0, 0, 0, 0, 0, 0, 0, 0, 0, 0, 0, 0, 0]",False,False,False,False
nic.ru,captura_0000086_H123.csv,6,17,109,3,"[1, 0, 0, 0, 0, 0, 0, 0, 0, 1, 0, 0, 0, 0, 0, 1, 0, 1, 0, 1, 0, 0, 0, 0, 0, 0, 0, 0, 0, 0, 0, 0, 12, 0, 0, 0, 0]","[0, 0, 25, 6, 22, 0, 5, 1, 1, 0, 9, 1, 3, 1, 4, 0, 2, 0, 0, 0, 2, 2, 1, 5, 1, 3, 1, 2, 1, 2, 1, 2, 0, 2, 1, 1, 2]","[0, 1, 0, 0, 0, 1, 0, 0, 0, 0, 0, 0, 0, 0, 0, 0, 0, 0, 1, 0, 0, 0, 0, 0, 0, 0, 0, 0, 0, 0, 0, 0, 0, 0, 0, 0, 0]",False,False,False,False
nic.ru,captura_0000086_H123.csv,7,20,106,3,"[1, 0, 0, 0, 0, 0, 0, 0, 1, 0, 0, 0, 0, 0, 1, 0, 1, 0, 1, 0, 0, 0, 0, 0, 14, 0, 0, 1, 0, 0, 0, 0, 0, 0, 0, 0]","[0, 0, 25, 18, 6, 5, 1, 1, 0, 0, 16, 1, 3, 1, 0, 2, 0, 0, 0, 2, 1, 5, 1, 2, 0, 3, 1, 0, 1, 2, 1, 2, 2, 1, 1, 2]","[0, 1, 0, 0, 0, 0, 0, 0, 0, 1, 0, 0, 0, 0, 0, 0, 0, 1, 0, 0, 0, 0, 0, 0, 0, 0, 0, 0, 0, 0, 0, 0, 0, 0, 0, 0]",False,False,False,False
nic.ru,captura_0000086_H123.csv,8,16,100,3,"[1, 0, 0, 0, 0, 0, 0, 0, 0, 0, 1, 0, 0, 0, 1, 0, 1, 0, 1, 0, 0, 0, 0, 0, 0, 0, 1, 10, 0, 0, 0, 0, 0, 0, 0, 0]","[0, 0, 27, 6, 0, 10, 5, 1, 1, 1, 0, 16, 3, 1, 0, 2, 0, 0, 0, 2, 2, 1, 5, 1, 3, 1, 0, 0, 1, 1, 2, 2, 2, 1, 1, 2]","[0, 1, 0, 0, 1, 0, 0, 0, 0, 0, 0, 0, 0, 0, 0, 0, 0, 1, 0, 0, 0, 0, 0, 0, 0, 0, 0, 0, 0, 0, 0, 0, 0, 0, 0, 0]",False,False,False,False
nic.ru,captura_0000086_H123.csv,9,16,104,5,"[1, 0, 0, 0, 0, 0, 0, 0, 0, 1, 0, 0, 0, 0, 1, 0, 1, 0, 1, 0, 0, 0, 0, 0, 0, 0, 10, 1, 0, 0, 0, 0, 0, 0, 0, 0]","[0, 0, 26, 6, 0, 15, 5, 1, 1, 0, 16, 1, 3, 1, 0, 2, 0, 0, 0, 2, 1, 5, 1, 2, 3, 1, 0, 0, 1, 2, 1, 2, 2, 1, 2, 1]","[0, 1, 0, 0, 3, 0, 0, 0, 0, 0, 0, 0, 0, 0, 0, 0, 0, 1, 0, 0, 0, 0, 0, 0, 0, 0, 0, 0, 0, 0, 0, 0, 0, 0, 0, 0]",False,False,False,False
nic.ru,captura_0000086_H123.csv,10,20,100,3,"[1, 0, 0, 0, 0, 0, 0, 0, 0, 0, 1, 0, 0, 0, 1, 0, 1, 0, 1, 0, 0, 0, 0, 0, 0, 0, 14, 1, 0, 0, 0, 0, 0, 0, 0, 0]","[0, 0, 26, 6, 0, 11, 5, 1, 1, 1, 0, 16, 3, 1, 0, 2, 0, 0, 0, 2, 2, 1, 5, 1, 3, 1, 0, 0, 1, 1, 2, 2, 2, 1, 1, 2]","[0, 1, 0, 0, 1, 0, 0, 0, 0, 0, 0, 0, 0, 0, 0, 0, 0, 1, 0, 0, 0, 0, 0, 0, 0, 0, 0, 0, 0, 0, 0, 0, 0, 0, 0, 0]",False,False,False,False
nic.ru,captura_0000086_H123.csv,11,16,111,2,"[1, 0, 0, 0, 0, 0, 0, 1, 0, 0, 0, 0, 1, 0, 1, 0, 1, 0, 0, 0, 0, 0, 10, 0, 0, 1, 0, 0, 0, 0, 0, 0, 0, 0, 0]","[0, 0, 27, 21, 5, 1, 1, 0, 1, 16, 3, 1, 0, 2, 0, 0, 0, 2, 1, 5, 1, 2, 0, 3, 1, 0, 1, 2, 1, 2, 2, 1, 2, 1, 6]","[0, 1, 0, 0, 0, 0, 0, 0, 0, 0, 0, 0, 0, 0, 0, 1, 0, 0, 0, 0, 0, 0, 0, 0, 0, 0, 0, 0, 0, 0, 0, 0, 0, 0, 0]",False,False,False,False
nic.ru,captura_0000086_H123.csv,12,16,104,5,"[1, 0, 0, 0, 0, 0, 0, 0, 0, 1, 0, 0, 0, 0, 1, 0, 1, 0, 1, 0, 0, 0, 0, 0, 10, 0, 0, 1, 0, 0, 0, 0, 0, 0, 0, 0]","[0, 0, 27, 15, 5, 5, 1, 0, 1, 0, 16, 1, 3, 1, 0, 2, 0, 0, 0, 2, 2, 1, 5, 1, 0, 3, 1, 0, 1, 2, 1, 2, 2, 1, 1, 2]","[0, 1, 0, 0, 0, 0, 0, 3, 0, 0, 0, 0, 0, 0, 0, 0, 0, 1, 0, 0, 0, 0, 0, 0, 0, 0, 0, 0, 0, 0, 0, 0, 0, 0, 0, 0]",False,False,False,False
nic.ru,captura_0000086_H123.csv,13,19,106,3,"[1, 0, 0, 0, 0, 0, 0, 0, 0, 1, 0, 0, 0, 0, 1, 0, 1, 0, 1, 0, 0, 0, 0, 0, 14, 0, 0, 0, 0, 0, 0, 0, 0, 0, 0, 0]","[0, 0, 26, 6, 0, 15, 5, 1, 1, 0, 16, 1, 3, 1, 0, 2, 0, 0, 0, 2, 1, 1, 5, 2, 0, 3, 1, 2, 1, 1, 2, 2, 2, 1, 2, 1]","[0, 1, 0, 0, 1, 0, 0, 0, 0, 0, 0, 0, 0, 0, 0, 0, 0, 1, 0, 0, 0, 0, 0, 0, 0, 0, 0, 0, 0, 0, 0, 0, 0, 0, 0, 0]",False,False,False,False
nic.ru,captura_0000086_H123.csv,14,17,111,2,"[1, 0, 0, 0, 0, 0, 0, 0, 1, 0, 0, 0, 1, 0, 1, 0, 1, 0, 0, 0, 0, 0, 0, 0, 0, 1, 10, 0, 0, 0, 0, 0, 0, 0, 0, 0, 1]","[0, 0, 27, 12, 6, 1, 1, 1, 0, 16, 3, 1, 0, 2, 0, 0, 0, 8, 2, 2, 1, 5, 1, 3, 1, 0, 0, 1, 2, 1, 2, 2, 1, 1, 2, 6, 0]","[0, 1, 0, 0, 0, 0, 0, 0, 0, 0, 0, 0, 0, 0, 0, 1, 0, 0, 0, 0, 0, 0, 0, 0, 0, 0, 0, 0, 0, 0, 0, 0, 0, 0, 0, 0, 0]",False,False,False,False
nic.ru,captura_0000086_H123.csv,15,20,107,3,"[1, 0, 0, 0, 0, 0, 0, 0, 0, 1, 0, 0, 0, 0, 1, 0, 1, 0, 1, 0, 14, 0, 0, 0, 0, 0, 1, 0, 0, 0, 0, 0, 0, 0, 0]","[0, 0, 27, 6, 0, 18, 5, 1, 1, 0, 16, 1, 3, 1, 0, 2, 0, 0, 0, 2, 0, 1, 5, 1, 2, 3, 0, 1, 2, 1, 2, 2, 1, 2, 1]","[0, 1, 0, 0, 1, 0, 0, 0, 0, 0, 0, 0, 0, 0, 0, 0, 0, 1, 0, 0, 0, 0, 0, 0, 0, 0, 0, 0, 0, 0, 0, 0, 0, 0, 0]",False,False,False,False
nic.ru,captura_0000086_H123.csv,16,21,107,4,"[1, 0, 0, 0, 0, 0, 0, 0, 0, 0, 1, 0, 0, 0, 1, 0, 1, 0, 1, 0, 0, 0, 0, 0, 15, 0, 0, 1, 0, 0, 0, 0, 0, 0, 0, 0]","[0, 0, 26, 6, 0, 18, 5, 1, 1, 16, 0, 1, 3, 1, 0, 2, 0, 0, 0, 2, 2, 1, 5, 1, 0, 3, 1, 0, 1, 1, 2, 2, 2, 1, 1, 2]","[0, 1, 0, 0, 2, 0, 0, 0, 0, 0, 0, 0, 0, 0, 0, 0, 0, 1, 0, 0, 0, 0, 0, 0, 0, 0, 0, 0, 0, 0, 0, 0, 0, 0, 0, 0]",False,False,False,False
nic.ru,captura_0000086_H123.csv,17,15,104,5,"[1, 0, 0, 0, 0, 0, 0, 0, 0, 1, 0, 0, 0, 0, 1, 0, 1, 0, 1, 0, 0, 0, 0, 0, 0, 0, 10, 0, 0, 0, 0, 0, 0, 0, 0]","[0, 0, 25, 6, 0, 15, 5, 1, 1, 0, 16, 1, 3, 1, 0, 2, 0, 0, 0, 2, 1, 6, 2, 1, 3, 1, 0, 1, 2, 1, 2, 2, 1, 1, 2]","[0, 1, 0, 0, 3, 0, 0, 0, 0, 0, 0, 0, 0, 0, 0, 0, 0, 1, 0, 0, 0, 0, 0, 0, 0, 0, 0, 0, 0, 0, 0, 0, 0, 0, 0]",False,False,False,False
nic.ru,captura_0000086_H123.csv,18,16,110,4,"[1, 0, 0, 0, 0, 0, 0, 1, 0, 0, 0, 0, 1, 0, 1, 0, 1, 0, 0, 0, 0, 0, 0, 10, 0, 1, 0, 0, 0, 0, 0, 0, 0, 0, 0, 0]","[0, 0, 27, 20, 1, 5, 1, 0, 16, 1, 3, 1, 0, 2, 0, 0, 0, 2, 2, 5, 1, 1, 3, 0, 1, 0, 1, 2, 1, 2, 2, 1, 1, 2, 6, 0]","[0, 1, 0, 0, 0, 0, 0, 0, 0, 0, 0, 0, 0, 0, 0, 1, 0, 0, 0, 0, 0, 0, 0, 0, 0, 0, 0, 0, 0, 0, 0, 0, 0, 0, 0, 2]",False,False,False,False
nic.ru,captura_0000086_H123.csv,19,15,102,5,"[1, 0, 0, 0, 0, 0, 0, 0, 0, 0, 1, 0, 0, 0, 1, 0, 1, 0, 1, 0, 0, 0, 0, 0, 0, 0, 0, 10, 0, 0, 0, 0, 0, 0, 0]","[0, 0, 27, 6, 0, 11, 5, 1, 1, 1, 0, 16, 3, 1, 0, 2, 0, 0, 0, 2, 1, 6, 1, 2, 3, 1, 1, 0, 2, 1, 2, 2, 1, 1, 2]","[0, 1, 0, 0, 3, 0, 0, 0, 0, 0, 0, 0, 0, 0, 0, 0, 0, 1, 0, 0, 0, 0, 0, 0, 0, 0, 0, 0, 0, 0, 0, 0, 0, 0, 0]",False,False,False,False
nic.ru,captura_0000086_H123.csv,20,15,108,3,"[1, 0, 0, 0, 0, 0, 0, 0, 0, 1, 0, 0, 0, 0, 1, 0, 1, 0, 1, 0, 0, 0, 0, 0, 10, 0, 0, 0, 0, 0, 0, 0, 0, 0, 0]","[0, 0, 25, 6, 0, 19, 5, 1, 1, 0, 16, 1, 3, 1, 0, 2, 0, 0, 0, 2, 1, 5, 1, 2, 0, 3, 2, 1, 1, 2, 2, 2, 1, 1, 2]","[0, 1, 0, 0, 1, 0, 0, 0, 0, 0, 0, 0, 0, 0, 0, 0, 0, 1, 0, 0, 0, 0, 0, 0, 0, 0, 0, 0, 0, 0, 0, 0, 0, 0, 0]",False,False,False,False
nih.gov,captura_0000133_H123.csv,1,2,52,7,"[1, 0, 1, 0, 0, 0, 0, 0, 0, 0, 0, 0, 0, 0, 0, 0, 0]","[0, 0, 0, 29, 0, 2, 2, 1, 5, 4, 0, 0, 2, 4, 0, 1, 2]","[0, 1, 0, 0, 1, 0, 0, 0, 0, 0, 1, 2, 0, 0, 2, 0, 0]",False,False,False,False
nih.gov,captura_0000133_H123.csv,2,2,52,7,"[1, 0, 1, 0, 0, 0, 0, 0, 0, 0, 0, 0, 0, 0, 0, 0, 0]","[0, 0, 0, 29, 5, 0, 2, 1, 2, 4, 0, 2, 0, 4, 0, 1, 2]","[0, 1, 0, 0, 0, 1, 0, 0, 0, 0, 1, 0, 2, 0, 2, 0, 0]",False,False,False,False
nih.gov,captura_0000133_H123.csv,3,2,55,7,"[1, 0, 1, 0, 0, 0, 0, 0, 0, 0, 0, 0, 0, 0, 0, 0, 0]","[0, 0, 0, 31, 6, 0, 1, 2, 2, 4, 0, 0, 2, 4, 0, 1, 2]","[0, 1, 0, 0, 0, 1, 0, 0, 0, 0, 1, 2, 0, 0, 2, 0, 0]",False,False,False,False
nih.gov,captura_0000133_H123.csv,4,2,49,7,"[1, 0, 1, 0, 0, 0, 0, 0, 0, 0, 0, 0, 0, 0, 0, 0, 0]","[0, 0, 0, 25, 6, 0, 1, 2, 2, 4, 0, 2, 0, 4, 0, 1, 2]","[0, 1, 0, 0, 0, 1, 0, 0, 0, 0, 1, 0, 2, 0, 2, 0, 0]",False,False,False,False
nih.gov,captura_0000133_H123.csv,5,2,48,7,"[1, 0, 1, 0, 0, 0, 0, 0, 0, 0, 0, 0, 0, 0, 0, 0, 0]","[0, 0, 0, 24, 0, 1, 2, 2, 4, 0, 0, 2, 4, 0, 6, 1, 2]","[0, 1, 0, 0, 1, 0, 0, 0, 0, 1, 2, 0, 0, 2, 0, 0, 0]",False,False,False,False
nih.gov,captura_0000133_H123.csv,6,2,49,7,"[1, 0, 1, 0, 0, 0, 0, 0, 0, 0, 0, 0, 0, 0, 0, 0, 0]","[0, 0, 0, 24, 5, 0, 3, 2, 1, 4, 0, 0, 2, 5, 0, 1, 2]","[0, 1, 0, 0, 0, 1, 0, 0, 0, 0, 1, 2, 0, 0, 2, 0, 0]",False,False,False,False
nih.gov,captura_0000133_H123.csv,7,2,48,7,"[1, 0, 1, 0, 0, 0, 0, 0, 0, 0, 0, 0, 0, 0, 0, 0, 0]","[0, 0, 0, 25, 0, 1, 2, 2, 5, 4, 0, 0, 2, 4, 0, 1, 2]","[0, 1, 0, 0, 1, 0, 0, 0, 0, 0, 1, 2, 0, 0, 2, 0, 0]",False,False,False,False
nih.gov,captura_0000133_H123.csv,8,2,48,7,"[1, 0, 1, 0, 0, 0, 0, 0, 0, 0, 0, 0, 0, 0, 0, 0, 0]","[0, 0, 0, 24, 2, 1, 0, 2, 5, 0, 0, 2, 4, 5, 0, 1, 2]","[0, 1, 0, 0, 0, 0, 1, 0, 0, 1, 2, 0, 0, 0, 2, 0, 0]",False,False,False,False
nih.gov,captura_0000133_H123.csv,9,2,49,7,"[1, 0, 1, 0, 0, 0, 0, 0, 0, 0, 0, 0, 0, 0, 0, 0, 0]","[0, 0, 0, 24, 6, 0, 1, 2, 2, 4, 0, 0, 2, 5, 0, 1, 2]","[0, 1, 0, 0, 0, 1, 0, 0, 0, 0, 1, 2, 0, 0, 2, 0, 0]",False,False,False,False
nih.gov,captura_0000133_H123.csv,10,2,54,7,"[1, 0, 1, 0, 0, 0, 0, 0, 0, 0, 0, 0, 0, 0, 0, 0, 0]","[0, 0, 0, 29, 0, 2, 2, 1, 4, 0, 2, 0, 5, 6, 0, 1, 2]","[0, 1, 0, 0, 1, 0, 0, 0, 0, 1, 0, 2, 0, 0, 2, 0, 0]",False,False,False,False
nih.gov,captura_0000133_H123.csv,11,2,48,7,"[1, 0, 1, 0, 0, 0, 0, 0, 0, 0, 0, 0, 0, 0, 0, 0, 0]","[0, 0, 0, 24, 0, 2, 1, 2, 4, 0, 0, 2, 4, 0, 6, 1, 2]","[0, 1, 0, 0, 1, 0, 0, 0, 0, 1, 2, 0, 0, 2, 0, 0, 0]",False,False,False,False
nih.gov,captura_0000133_H123.csv,13,2,48,7,"[1, 0, 1, 0, 0, 0, 0, 0, 0, 0, 0, 0, 0, 0, 0, 0, 0]","[0, 0, 0, 25, 5, 0, 2, 2, 1, 4, 0, 2, 0, 4, 0, 1, 2]","[0, 1, 0, 0, 0, 1, 0, 0, 0, 0, 1, 0, 2, 0, 2, 0, 0]",False,False,False,False
nih.gov,captura_0000133_H123.csv,14,2,47,7,"[1, 0, 1, 0, 0, 0, 0, 0, 0, 0, 0, 0, 0, 0, 0, 0, 0]","[0, 0, 0, 24, 0, 1, 2, 2, 4, 0, 2, 0, 5, 4, 0, 1, 2]","[0, 1, 0, 0, 1, 0, 0, 0, 0, 1, 0, 2, 0, 0, 2, 0, 0]",False,False,False,False
nih.gov,captura_0000133_H123.csv,19,2,54,7,"[1, 0, 1, 0, 0, 0, 0, 0, 0, 0, 0, 0, 0, 0, 0, 0, 0]","[0, 0, 0, 30, 0, 2, 1, 2, 4, 0, 0, 2, 6, 4, 0, 1, 2]","[0, 1, 0, 0, 1, 0, 0, 0, 0, 1, 2, 0, 0, 0, 2, 0, 0]",False,False,False,False
nih.gov,captura_0000133_H123.csv,20,2,48,7,"[1, 0, 1, 0, 0, 0, 0, 0, 0, 0, 0, 0, 0, 0, 0, 0, 0]","[0, 0, 0, 24, 0, 1, 2, 2, 4, 0, 2, 0, 4, 6, 0, 1, 2]","[0, 1, 0, 0, 1, 0, 0, 0, 0, 1, 0, 2, 0, 0, 2, 0, 0]",False,False,False,False
nist.gov,captura_0000126_H123.csv,2,10,92,1,"[1, 0, 0, 0, 1, 0, 0, 1, 1, 1, 1, 0, 0, 0, 1, 1, 0, 2, 0]","[0, 0, 54, 1, 0, 20, 3, 0, 0, 0, 0, 3, 2, 6, 0, 0, 1, 0, 2]","[0, 1, 0, 0, 0, 0, 0, 0, 0, 0, 0, 0, 0, 0, 0, 0, 0, 0, 0]",False,False,False,False
nist.gov,captura_0000126_H123.csv,3,10,91,1,"[1, 0, 0, 0, 1, 0, 0, 0, 1, 1, 1, 1, 0, 0, 1, 1, 0, 2, 0]","[0, 0, 54, 1, 0, 3, 20, 3, 0, 0, 0, 0, 2, 5, 0, 0, 1, 0, 2]","[0, 1, 0, 0, 0, 0, 0, 0, 0, 0, 0, 0, 0, 0, 0, 0, 0, 0, 0]",False,False,False,False
nist.gov,captura_0000126_H123.csv,4,10,93,1,"[1, 0, 0, 0, 0, 0, 1, 0, 1, 1, 1, 1, 0, 0, 1, 1, 0, 2, 0]","[0, 0, 55, 1, 3, 20, 0, 3, 0, 0, 0, 0, 2, 6, 0, 0, 1, 0, 2]","[0, 1, 0, 0, 0, 0, 0, 0, 0, 0, 0, 0, 0, 0, 0, 0, 0, 0, 0]",False,False,False,False
nist.gov,captura_0000126_H123.csv,5,10,92,1,"[1, 0, 0, 0, 1, 0, 0, 0, 1, 1, 1, 1, 0, 1, 0, 1, 0, 2, 0]","[0, 0, 54, 1, 0, 3, 20, 3, 0, 0, 0, 0, 2, 0, 6, 0, 1, 0, 2]","[0, 1, 0, 0, 0, 0, 0, 0, 0, 0, 0, 0, 0, 0, 0, 0, 0, 0, 0]",False,False,False,False
nist.gov,captura_0000126_H123.csv,6,10,93,1,"[1, 0, 0, 0, 0, 0, 1, 0, 1, 1, 1, 1, 0, 1, 0, 1, 0, 2, 0]","[0, 0, 55, 1, 3, 20, 0, 3, 0, 0, 0, 0, 2, 0, 6, 0, 1, 0, 2]","[0, 1, 0, 0, 0, 0, 0, 0, 0, 0, 0, 0, 0, 0, 0, 0, 0, 0, 0]",False,False,False,False
nist.gov,captura_0000126_H123.csv,7,10,90,1,"[1, 0, 0, 0, 1, 0, 0, 0, 1, 1, 1, 1, 0, 0, 1, 1, 0, 2, 0]","[0, 0, 53, 1, 0, 20, 3, 3, 0, 0, 0, 0, 2, 5, 0, 0, 1, 0, 2]","[0, 1, 0, 0, 0, 0, 0, 0, 0, 0, 0, 0, 0, 0, 0, 0, 0, 0, 0]",False,False,False,False
nist.gov,captura_0000126_H123.csv,8,10,91,1,"[1, 0, 0, 0, 0, 1, 0, 0, 0, 1, 1, 1, 1, 0, 1, 1, 0, 2, 0]","[0, 0, 54, 1, 20, 0, 3, 3, 2, 0, 0, 0, 0, 5, 0, 0, 1, 0, 2]","[0, 1, 0, 0, 0, 0, 0, 0, 0, 0, 0, 0, 0, 0, 0, 0, 0, 0, 0]",False,False,False,False
nist.gov,captura_0000126_H123.csv,9,10,90,1,"[1, 0, 0, 0, 1, 0, 0, 1, 0, 1, 1, 1, 0, 0, 1, 1, 0, 2, 0]","[0, 0, 53, 1, 0, 3, 20, 0, 3, 0, 0, 0, 2, 5, 0, 0, 1, 0, 2]","[0, 1, 0, 0, 0, 0, 0, 0, 0, 0, 0, 0, 0, 0, 0, 0, 0, 0, 0]",False,False,False,False
nist.gov,captura_0000126_H123.csv,10,10,92,1,"[1, 0, 0, 0, 1, 0, 0, 0, 0, 1, 1, 1, 1, 1, 1, 0, 2, 0, 0]","[0, 0, 54, 1, 0, 20, 3, 3, 2, 0, 0, 0, 0, 0, 0, 1, 0, 6, 2]","[0, 1, 0, 0, 0, 0, 0, 0, 0, 0, 0, 0, 0, 0, 0, 0, 0, 0, 0]",False,False,False,False
nist.gov,captura_0000126_H123.csv,11,10,91,1,"[1, 0, 0, 0, 0, 0, 1, 1, 1, 1, 1, 0, 0, 1, 1, 0, 0, 2, 0]","[0, 0, 53, 1, 3, 20, 0, 0, 0, 0, 0, 3, 2, 0, 0, 6, 1, 0, 2]","[0, 1, 0, 0, 0, 0, 0, 0, 0, 0, 0, 0, 0, 0, 0, 0, 0, 0, 0]",False,False,False,False
nist.gov,captura_0000126_H123.csv,12,10,93,1,"[1, 0, 0, 0, 0, 1, 0, 0, 1, 1, 1, 1, 0, 1, 0, 1, 0, 2, 0]","[0, 0, 55, 1, 20, 0, 3, 3, 0, 0, 0, 0, 2, 0, 5, 0, 2, 0, 2]","[0, 1, 0, 0, 0, 0, 0, 0, 0, 0, 0, 0, 0, 0, 0, 0, 0, 0, 0]",False,False,False,False
nist.gov,captura_0000126_H123.csv,13,10,92,1,"[1, 0, 0, 0, 0, 0, 1, 0, 1, 1, 1, 1, 0, 1, 1, 0, 2, 0, 0]","[0, 0, 54, 1, 3, 20, 0, 3, 0, 0, 0, 0, 2, 0, 0, 1, 0, 6, 2]","[0, 1, 0, 0, 0, 0, 0, 0, 0, 0, 0, 0, 0, 0, 0, 0, 0, 0, 0]",False,False,False,False
nist.gov,captura_0000126_H123.csv,15,10,93,1,"[1, 0, 0, 0, 1, 0, 0, 0, 1, 1, 1, 1, 0, 0, 1, 1, 0, 2, 0]","[0, 0, 54, 1, 0, 20, 3, 3, 0, 0, 0, 0, 2, 7, 0, 0, 1, 0, 2]","[0, 1, 0, 0, 0, 0, 0, 0, 0, 0, 0, 0, 0, 0, 0, 0, 0, 0, 0]",False,False,False,False
nist.gov,captura_0000126_H123.csv,17,10,92,1,"[1, 0, 0, 0, 1, 0, 0, 0, 1, 1, 1, 1, 0, 1, 1, 0, 0, 2, 0]","[0, 0, 54, 1, 0, 3, 20, 3, 0, 0, 0, 0, 2, 0, 0, 6, 1, 0, 2]","[0, 1, 0, 0, 0, 0, 0, 0, 0, 0, 0, 0, 0, 0, 0, 0, 0, 0, 0]",False,False,False,False
nist.gov,captura_0000126_H123.csv,18,10,92,1,"[1, 0, 0, 0, 1, 0, 0, 1, 1, 1, 1, 0, 0, 1, 1, 0, 0, 2, 0]","[0, 0, 54, 1, 0, 20, 3, 0, 0, 0, 0, 3, 2, 0, 0, 6, 1, 0, 2]","[0, 1, 0, 0, 0, 0, 0, 0, 0, 0, 0, 0, 0, 0, 0, 0, 0, 0, 0]",False,False,False,False
nist.gov,captura_0000126_H123.csv,19,10,91,1,"[1, 0, 0, 0, 1, 0, 0, 0, 0, 1, 1, 1, 1, 0, 1, 1, 0, 2, 0]","[0, 0, 53, 1, 0, 20, 3, 3, 2, 0, 0, 0, 0, 6, 0, 0, 1, 0, 2]","[0, 1, 0, 0, 0, 0, 0, 0, 0, 0, 0, 0, 0, 0, 0, 0, 0, 0, 0]",False,False,False,False
nist.gov,captura_0000126_H123.csv,20,10,90,1,"[1, 0, 0, 0, 1, 0, 0, 0, 0, 1, 1, 1, 1, 0, 1, 1, 0, 2, 0]","[0, 0, 52, 1, 0, 3, 20, 3, 2, 0, 0, 0, 0, 6, 0, 0, 1, 0, 2]","[0, 1, 0, 0, 0, 0, 0, 0, 0, 0, 0, 0, 0, 0, 0, 0, 0, 0, 0]",False,False,False,False
ntp.org,captura_0000073_H123.csv,1,19,20,6,"[1, 0, 1, 4, 2, 1, 1, 2, 1, 0, 0, 1, 0, 0, 1, 0, 0, 0, 0, 0, 4, 0, 0, 0, 0, 0, 0]","[0, 0, 0, 0, 0, 0, 0, 0, 0, 1, 1, 0, 0, 2, 0, 0, 2, 1, 1, 1, 0, 0, 1, 2, 0, 6, 2]","[0, 1, 0, 0, 0, 0, 0, 0, 0, 0, 0, 0, 1, 0, 0, 2, 0, 0, 0, 0, 0, 1, 0, 0, 1, 0, 0]",False,False,False,False
ntp.org,captura_0000073_H123.csv,2,20,20,6,"[1, 0, 1, 3, 2, 0, 0, 1, 3, 0, 1, 1, 1, 0, 1, 0, 0, 0, 0, 0, 5, 0, 0, 0, 0, 0, 0]","[0, 0, 0, 0, 0, 1, 1, 0, 0, 0, 0, 0, 0, 2, 0, 0, 2, 1, 1, 1, 0, 0, 1, 2, 0, 6, 2]","[0, 1, 0, 0, 0, 0, 0, 0, 0, 1, 0, 0, 0, 0, 0, 2, 0, 0, 0, 0, 0, 1, 0, 0, 1, 0, 0]",False,False,False,False
ntp.org,captura_0000073_H123.csv,3,20,20,6,"[1, 0, 1, 3, 2, 0, 0, 1, 3, 1, 1, 1, 0, 0, 1, 0, 0, 0, 0, 0, 0, 5, 0, 0, 0, 0, 0]","[0, 0, 0, 0, 0, 1, 1, 0, 0, 0, 0, 0, 0, 2, 0, 0, 2, 5, 1, 1, 1, 0, 0, 1, 2, 0, 3]","[0, 1, 0, 0, 0, 0, 0, 0, 0, 0, 0, 0, 1, 0, 0, 2, 0, 0, 0, 0, 0, 0, 1, 0, 0, 1, 0]",False,False,False,False
ntp.org,captura_0000073_H123.csv,4,20,20,6,"[1, 0, 1, 3, 1, 0, 1, 0, 1, 1, 2, 0, 3, 0, 1, 0, 0, 0, 0, 0, 5, 0, 0, 0, 0, 0, 0]","[0, 0, 0, 0, 0, 1, 0, 1, 0, 0, 0, 0, 0, 2, 0, 0, 2, 1, 1, 1, 0, 0, 1, 2, 0, 6, 2]","[0, 1, 0, 0, 0, 0, 0, 0, 0, 0, 0, 1, 0, 0, 0, 2, 0, 0, 0, 0, 0, 1, 0, 0, 1, 0, 0]",False,False,False,False
ntp.org,captura_0000073_H123.csv,5,20,20,6,"[1, 0, 1, 4, 1, 0, 1, 2, 2, 0, 1, 0, 1, 0, 1, 0, 0, 0, 0, 0, 0, 5, 0, 0, 0, 0, 0]","[0, 0, 0, 0, 0, 1, 0, 0, 0, 0, 0, 1, 0, 2, 0, 6, 0, 2, 1, 1, 1, 0, 0, 1, 2, 0, 2]","[0, 1, 0, 0, 0, 0, 0, 0, 0, 1, 0, 0, 0, 0, 0, 0, 2, 0, 0, 0, 0, 0, 1, 0, 0, 1, 0]",False,False,False,False
ntp.org,captura_0000073_H123.csv,6,19,20,6,"[1, 0, 1, 3, 2, 0, 3, 1, 1, 1, 1, 0, 0, 0, 1, 0, 0, 0, 0, 0, 0, 4, 0, 0, 0, 0, 0]","[0, 0, 0, 0, 0, 1, 0, 0, 0, 0, 0, 1, 0, 2, 0, 0, 2, 6, 1, 1, 1, 0, 0, 1, 2, 0, 2]","[0, 1, 0, 0, 0, 0, 0, 0, 0, 0, 0, 0, 1, 0, 0, 2, 0, 0, 0, 0, 0, 0, 1, 0, 0, 1, 0]",False,False,False,False
ntp.org,captura_0000073_H123.csv,7,19,20,6,"[1, 0, 1, 4, 1, 0, 1, 1, 2, 0, 2, 1, 0, 0, 1, 0, 0, 0, 0, 0, 4, 0, 0, 0, 0, 0, 0]","[0, 0, 0, 0, 0, 1, 0, 0, 0, 1, 0, 0, 0, 2, 0, 0, 2, 1, 1, 1, 0, 0, 1, 2, 0, 6, 2]","[0, 1, 0, 0, 0, 0, 0, 0, 0, 0, 0, 0, 1, 0, 0, 2, 0, 0, 0, 0, 0, 1, 0, 0, 1, 0, 0]",False,False,False,False
ntp.org,captura_0000073_H123.csv,8,20,20,6,"[1, 0, 1, 3, 1, 0, 1, 0, 1, 1, 3, 2, 0, 0, 1, 0, 0, 0, 0, 0, 0, 5, 0, 0, 0, 0, 0]","[0, 0, 0, 0, 0, 1, 0, 1, 0, 0, 0, 0, 0, 2, 0, 0, 2, 6, 1, 1, 1, 0, 0, 1, 2, 0, 2]","[0, 1, 0, 0, 0, 0, 0, 0, 0, 0, 0, 0, 1, 0, 0, 2, 0, 0, 0, 0, 0, 0, 1, 0, 0, 1, 0]",False,False,False,False
ntp.org,captura_0000073_H123.csv,9,20,20,6,"[1, 0, 1, 2, 3, 0, 1, 0, 1, 2, 0, 2, 1, 0, 1, 0, 0, 0, 0, 0, 0, 5, 0, 0, 0, 0, 0]","[0, 0, 0, 0, 0, 1, 0, 1, 0, 0, 0, 0, 0, 2, 0, 6, 0, 2, 1, 1, 1, 0, 0, 1, 2, 0, 2]","[0, 1, 0, 0, 0, 0, 0, 0, 0, 0, 1, 0, 0, 0, 0, 0, 2, 0, 0, 0, 0, 0, 1, 0, 0, 1, 0]",False,False,False,False
ntp.org,captura_0000073_H123.csv,10,19,20,6,"[1, 0, 1, 3, 2, 0, 3, 1, 1, 1, 1, 0, 0, 0, 1, 0, 0, 0, 0, 0, 4, 0, 0, 0, 0, 0, 0]","[0, 0, 0, 0, 0, 1, 0, 0, 0, 0, 0, 1, 0, 2, 0, 0, 2, 1, 6, 1, 0, 1, 0, 1, 2, 0, 2]","[0, 1, 0, 0, 0, 0, 0, 0, 0, 0, 0, 0, 1, 0, 0, 2, 0, 0, 0, 0, 0, 0, 1, 0, 0, 1, 0]",False,False,False,False
ntp.org,captura_0000073_H123.csv,13,20,20,6,"[1, 0, 1, 3, 0, 2, 0, 1, 0, 1, 1, 3, 1, 0, 0, 1, 0, 0, 0, 0, 0, 5, 0, 0, 0, 0, 0]","[0, 0, 0, 0, 6, 0, 1, 0, 1, 0, 0, 0, 0, 2, 0, 0, 0, 2, 1, 1, 1, 0, 0, 1, 2, 0, 2]","[0, 1, 0, 0, 0, 0, 0, 0, 0, 0, 0, 0, 0, 0, 1, 0, 2, 0, 0, 0, 0, 0, 1, 0, 0, 1, 0]",False,False,False,False
ntp.org,captura_0000073_H123.csv,14,21,20,6,"[1, 0, 1, 4, 2, 0, 1, 1, 0, 1, 2, 1, 0, 0, 1, 0, 0, 0, 0, 5, 0, 0, 0, 0, 0, 0, 1, 0]","[0, 0, 0, 0, 0, 1, 0, 0, 1, 0, 0, 0, 0, 2, 0, 2, 0, 1, 1, 0, 1, 0, 1, 2, 0, 6, 0, 2]","[0, 1, 0, 0, 0, 0, 0, 0, 0, 0, 0, 0, 1, 0, 0, 0, 2, 0, 0, 0, 0, 1, 0, 0, 1, 0, 0, 0]",False,False,False,False
ntp.org,captura_0000073_H123.csv,16,20,20,6,"[1, 0, 1, 3, 1, 2, 3, 1, 1, 0, 1, 0, 0, 0, 1, 0, 0, 0, 0, 0, 5, 0, 0, 0, 0, 0, 0]","[0, 0, 0, 0, 0, 0, 0, 0, 0, 1, 0, 0, 1, 2, 0, 0, 2, 1, 1, 1, 0, 0, 1, 2, 0, 6, 2]","[0, 1, 0, 0, 0, 0, 0, 0, 0, 0, 0, 1, 0, 0, 0, 2, 0, 0, 0, 0, 0, 1, 0, 0, 1, 0, 0]",False,False,False,False
ntp.org,captura_0000073_H123.csv,17,20,20,6,"[1, 0, 1, 3, 2, 1, 0, 1, 1, 3, 1, 0, 0, 0, 1, 0, 0, 0, 0, 0, 5, 0, 0, 0, 0, 0, 0]","[0, 0, 0, 0, 0, 0, 1, 0, 0, 0, 0, 1, 0, 2, 0, 2, 0, 1, 1, 1, 0, 6, 0, 1, 2, 0, 2]","[0, 1, 0, 0, 0, 0, 0, 0, 0, 0, 0, 0, 1, 0, 0, 0, 2, 0, 0, 0, 0, 0, 1, 0, 0, 1, 0]",False,False,False,False
ntp.org,captura_0000073_H123.csv,19,19,20,6,"[1, 0, 1, 3, 2, 0, 1, 3, 1, 1, 1, 0, 0, 0, 1, 0, 0, 0, 0, 0, 0, 4, 0, 0, 0, 0, 0]","[0, 0, 0, 0, 0, 1, 0, 0, 0, 0, 0, 1, 0, 2, 0, 0, 2, 1, 1, 6, 1, 0, 0, 1, 2, 0, 2]","[0, 1, 0, 0, 0, 0, 0, 0, 0, 0, 0, 0, 1, 0, 0, 2, 0, 0, 0, 0, 0, 0, 1, 0, 0, 1, 0]",False,False,False,False
ntp.org,captura_0000073_H123.csv,20,20,20,6,"[1, 0, 1, 2, 2, 0, 1, 1, 2, 0, 3, 1, 0, 0, 1, 0, 0, 0, 0, 0, 5, 0, 0, 0, 0, 0, 0]","[0, 0, 0, 0, 0, 1, 0, 0, 0, 1, 0, 0, 0, 2, 0, 0, 2, 1, 1, 1, 0, 0, 1, 2, 0, 6, 2]","[0, 1, 0, 0, 0, 0, 0, 0, 0, 0, 0, 0, 1, 0, 0, 2, 0, 0, 0, 0, 0, 1, 0, 0, 1, 0, 0]",False,False,False,False
nytimes.com,captura_0000149_H123.csv,1,1,471,70,"[1, 0, 0, 0, 0, 0, 0, 0, 0, 0, 0, 0, 0, 0, 0, 0, 0, 0, 0, 0, 0, 0, 0, 0, 0, 0, 0, 0, 0, 0, 0, 0, 0, 0, 0, 0]","[0, 0, 373, 9, 18, 24, 10, 2, 1, 1, 2, 1, 0, 0, 1, 1, 1, 6, 1, 0, 2, 1, 1, 1, 2, 0, 2, 2, 3, 0, 0, 0, 3, 1, 0, 2]","[0, 1, 0, 0, 0, 0, 0, 0, 0, 0, 0, 0, 1, 51, 0, 0, 0, 0, 0, 2, 0, 0, 0, 0, 0, 1, 0, 0, 0, 4, 1, 1, 0, 0, 8, 0]",False,False,False,False
nytimes.com,captura_0000149_H123.csv,2,1,470,71,"[1, 0, 0, 0, 0, 0, 0, 0, 0, 0, 0, 0, 0, 0, 0, 0, 0, 0, 0, 0, 0, 0, 0, 0, 0, 0, 0, 0, 0, 0, 0, 0, 0, 0, 0, 0]","[0, 0, 374, 14, 24, 14, 2, 2, 10, 1, 1, 0, 1, 1, 2, 1, 0, 1, 5, 0, 1, 1, 1, 1, 0, 2, 0, 3, 0, 2, 0, 0, 3, 1, 0, 2]","[0, 1, 0, 0, 0, 0, 0, 0, 0, 0, 0, 1, 0, 0, 0, 0, 51, 0, 0, 2, 0, 0, 0, 0, 1, 0, 1, 0, 1, 0, 1, 4, 0, 0, 8, 0]",False,False,False,False
nytimes.com,captura_0000149_H123.csv,3,1,472,71,"[1, 0, 0, 0, 0, 0, 0, 0, 0, 0, 0, 0, 0, 0, 0, 0, 0, 0, 0, 0, 0, 0, 0, 0, 0, 0, 0, 0, 0, 0, 0, 0, 0, 0]","[0, 0, 373, 18, 11, 24, 13, 2, 2, 1, 0, 1, 1, 2, 0, 1, 1, 1, 5, 1, 0, 1, 0, 2, 0, 3, 0, 2, 0, 0, 3, 2, 0, 2]","[0, 1, 0, 0, 0, 0, 0, 0, 0, 0, 1, 0, 0, 0, 51, 0, 0, 0, 0, 0, 2, 0, 1, 0, 1, 0, 1, 0, 1, 4, 0, 0, 8, 0]",False,False,False,False
nytimes.com,captura_0000149_H123.csv,4,1,470,71,"[1, 0, 0, 0, 0, 0, 0, 0, 0, 0, 0, 0, 0, 0, 0, 0, 0, 0, 0, 0, 0, 0, 0, 0, 0, 0, 0, 0, 0, 0, 0, 0, 0]","[0, 0, 371, 16, 13, 25, 10, 2, 1, 1, 0, 1, 0, 1, 1, 5, 0, 2, 1, 1, 1, 0, 0, 2, 2, 6, 0, 0, 3, 1, 0, 2, 2]","[0, 1, 0, 0, 0, 0, 0, 0, 0, 0, 1, 0, 52, 0, 0, 0, 2, 0, 0, 0, 0, 1, 1, 0, 0, 0, 1, 4, 0, 0, 8, 0, 0]",False,False,False,False
nytimes.com,captura_0000149_H123.csv,6,1,465,69,"[1, 0, 0, 0, 0, 0, 0, 0, 0, 0, 0, 0, 0, 0, 0, 0, 0, 0, 0, 0, 0, 0, 0, 0, 0, 0, 0, 0, 0, 0, 0, 0, 0, 0]","[0, 0, 369, 11, 24, 17, 11, 2, 1, 2, 1, 0, 1, 0, 1, 1, 5, 0, 2, 1, 1, 1, 0, 2, 0, 0, 3, 2, 0, 0, 4, 1, 0, 2]","[0, 1, 0, 0, 0, 0, 0, 0, 0, 0, 0, 1, 0, 50, 0, 0, 0, 1, 0, 0, 0, 0, 1, 0, 1, 1, 0, 0, 1, 4, 0, 0, 8, 0]",False,False,False,False
nytimes.com,captura_0000149_H123.csv,7,1,463,71,"[1, 0, 0, 0, 0, 0, 0, 0, 0, 0, 0, 0, 0, 0, 0, 0, 0, 0, 0, 0, 0, 0, 0, 0, 0, 0, 0, 0, 0, 0, 0, 0, 0, 0, 0, 0]","[0, 0, 370, 11, 15, 24, 10, 2, 1, 1, 2, 0, 1, 0, 1, 1, 5, 1, 1, 0, 2, 1, 1, 1, 0, 2, 0, 0, 2, 2, 0, 0, 3, 1, 0, 2]","[0, 1, 0, 0, 0, 0, 0, 0, 0, 0, 0, 1, 0, 52, 0, 0, 0, 0, 0, 1, 0, 0, 0, 0, 1, 0, 1, 1, 0, 0, 1, 4, 0, 0, 8, 0]",False,False,False,False
nytimes.com,captura_0000149_H123.csv,8,1,466,72,"[1, 0, 0, 0, 0, 0, 0, 0, 0, 0, 0, 0, 0, 0, 0, 0, 0, 0, 0, 0, 0, 0, 0, 0, 0, 0, 0, 0, 0, 0, 0, 0, 0, 0, 0, 0]","[0, 0, 371, 13, 23, 17, 9, 2, 1, 1, 1, 0, 2, 1, 0, 1, 5, 0, 1, 2, 1, 1, 1, 1, 0, 2, 0, 2, 2, 0, 0, 0, 3, 1, 0, 2]","[0, 1, 0, 0, 0, 0, 0, 0, 0, 0, 0, 1, 0, 0, 52, 0, 0, 2, 0, 0, 0, 0, 0, 0, 1, 0, 1, 0, 0, 1, 1, 4, 0, 0, 8, 0]",False,False,False,False
nytimes.com,captura_0000149_H123.csv,9,1,463,71,"[1, 0, 0, 0, 0, 0, 0, 0, 0, 0, 0, 0, 0, 0, 0, 0, 0, 0, 0, 0, 0, 0, 0, 0, 0, 0, 0, 0, 0, 0, 0, 0, 0, 0, 0, 0]","[0, 0, 369, 17, 9, 25, 8, 2, 1, 1, 1, 0, 0, 1, 1, 6, 0, 1, 1, 2, 1, 1, 1, 2, 0, 0, 0, 2, 3, 0, 0, 3, 1, 0, 2, 2]","[0, 1, 0, 0, 0, 0, 0, 0, 0, 0, 0, 1, 52, 0, 0, 0, 1, 0, 0, 0, 0, 0, 0, 0, 1, 1, 1, 0, 0, 1, 4, 0, 0, 8, 0, 0]",False,False,False,False
nytimes.com,captura_0000149_H123.csv,10,1,468,66,"[1, 0, 0, 0, 0, 0, 0, 0, 0, 0, 0, 0, 0, 0, 0, 0, 0, 0, 0, 0, 0, 0, 0, 0, 0, 0, 0, 0, 0, 0, 0, 0, 0, 0]","[0, 0, 372, 16, 11, 24, 2, 11, 2, 1, 1, 2, 1, 1, 1, 1, 0, 0, 2, 2, 0, 0, 3, 1, 0, 1, 2, 0, 1, 0, 2, 2, 6, 0]","[0, 1, 0, 0, 0, 0, 0, 0, 0, 0, 0, 0, 0, 0, 0, 0, 1, 1, 0, 0, 1, 4, 0, 0, 9, 0, 0, 47, 0, 1, 0, 0, 0, 1]",False,False,False,False
nytimes.com,captura_0000149_H123.csv,11,1,466,69,"[1, 0, 0, 0, 0, 0, 0, 0, 0, 0, 0, 0, 0, 0, 0, 0, 0, 0, 0, 0, 0, 0, 0, 0, 0, 0, 0, 0, 0, 0, 0, 0, 0, 0]","[0, 0, 365, 24, 18, 13, 11, 2, 2, 1, 1, 0, 1, 1, 0, 1, 2, 1, 1, 1, 2, 0, 2, 0, 2, 3, 0, 0, 3, 1, 0, 2, 6, 0]","[0, 1, 0, 0, 0, 0, 0, 0, 0, 0, 0, 1, 0, 0, 49, 0, 0, 0, 0, 0, 0, 1, 0, 1, 0, 0, 1, 4, 0, 0, 9, 0, 0, 2]",False,False,False,False
nytimes.com,captura_0000149_H123.csv,14,1,464,68,"[1, 0, 0, 0, 0, 0, 0, 0, 0, 0, 0, 0, 0, 0, 0, 0, 0, 0, 0, 0, 0, 0, 0, 0, 0, 0, 0, 0, 0, 0, 0, 0]","[0, 0, 368, 52, 1, 12, 2, 1, 0, 2, 1, 0, 1, 1, 2, 1, 1, 1, 0, 0, 2, 0, 2, 2, 0, 0, 3, 1, 0, 2, 6, 0]","[0, 1, 0, 0, 0, 0, 0, 0, 1, 0, 0, 49, 0, 0, 0, 0, 0, 0, 1, 1, 0, 1, 0, 0, 1, 4, 0, 0, 8, 0, 0, 1]",False,False,False,False
nytimes.com,captura_0000149_H123.csv,15,1,466,70,"[1, 0, 0, 0, 0, 0, 0, 0, 0, 0, 0, 0, 0, 0, 0, 0, 0, 0, 0, 0, 0, 0, 0, 0, 0, 0, 0, 0, 0, 0, 0, 0, 0]","[0, 0, 370, 25, 16, 12, 8, 2, 2, 2, 1, 0, 1, 0, 1, 1, 2, 1, 1, 1, 0, 2, 0, 0, 2, 3, 0, 0, 4, 1, 0, 2, 6]","[0, 1, 0, 0, 0, 0, 0, 0, 0, 0, 0, 1, 0, 52, 0, 0, 0, 0, 0, 0, 1, 0, 1, 1, 0, 0, 1, 4, 0, 0, 8, 0, 0]",False,False,False,False
nytimes.com,captura_0000149_H123.csv,16,1,469,69,"[1, 0, 0, 0, 0, 0, 0, 0, 0, 0, 0, 0, 0, 0, 0, 0, 0, 0, 0, 0, 0, 0, 0, 0, 0, 0, 0, 0, 0, 0, 0, 0, 0, 0]","[0, 0, 371, 16, 24, 14, 11, 2, 2, 0, 1, 1, 1, 2, 1, 0, 1, 1, 1, 1, 0, 2, 0, 0, 2, 3, 0, 0, 3, 1, 0, 2, 6, 0]","[0, 1, 0, 0, 0, 0, 0, 0, 0, 1, 0, 0, 0, 0, 0, 49, 0, 0, 0, 0, 1, 0, 1, 1, 0, 0, 1, 4, 0, 0, 9, 0, 0, 1]",False,False,False,False
nytimes.com,captura_0000149_H123.csv,20,1,470,70,"[1, 0, 0, 0, 0, 0, 0, 0, 0, 0, 0, 0, 0, 0, 0, 0, 0, 0, 0, 0, 0, 0, 0, 0, 0, 0, 0, 0, 0, 0, 0, 0, 0, 0, 0, 0]","[0, 0, 369, 24, 17, 13, 11, 2, 2, 0, 1, 1, 1, 1, 2, 1, 1, 0, 1, 1, 1, 1, 0, 2, 0, 0, 2, 3, 0, 0, 4, 1, 0, 2, 6, 0]","[0, 1, 0, 0, 0, 0, 0, 0, 0, 1, 0, 0, 0, 0, 0, 0, 0, 49, 0, 0, 0, 0, 1, 0, 1, 1, 0, 0, 1, 4, 0, 0, 8, 0, 0, 3]",False,False,False,False
office.com,captura_0000017_H123.csv,1,5,50,19,"[1, 0, 0, 0, 0, 0, 0, 0, 0, 0, 1, 0, 0, 0, 3, 0, 0, 0, 0, 0, 0, 0]","[0, 0, 3, 1, 6, 2, 0, 0, 1, 2, 0, 2, 3, 2, 0, 3, 2, 2, 6, 5, 8, 2]","[0, 1, 0, 0, 0, 0, 6, 12, 0, 0, 0, 0, 0, 0, 0, 0, 0, 0, 0, 0, 0, 0]",False,False,False,False
office.com,captura_0000017_H123.csv,2,5,49,19,"[1, 0, 0, 0, 0, 0, 0, 0, 0, 0, 0, 0, 1, 0, 0, 0, 3, 0, 0, 0, 0, 0]","[0, 0, 3, 5, 2, 1, 0, 0, 2, 1, 3, 2, 0, 2, 2, 3, 0, 2, 5, 8, 6, 2]","[0, 1, 0, 0, 0, 0, 6, 12, 0, 0, 0, 0, 0, 0, 0, 0, 0, 0, 0, 0, 0, 0]",False,False,False,False
office.com,captura_0000017_H123.csv,3,5,55,14,"[1, 0, 0, 0, 0, 0, 0, 0, 0, 0, 1, 0, 0, 0, 0, 0, 3, 0, 0, 0, 0, 0]","[0, 0, 3, 1, 2, 10, 0, 0, 1, 2, 0, 2, 3, 2, 3, 2, 0, 2, 6, 5, 9, 2]","[0, 1, 0, 0, 0, 0, 1, 12, 0, 0, 0, 0, 0, 0, 0, 0, 0, 0, 0, 0, 0, 0]",False,False,False,False
office.com,captura_0000017_H123.csv,4,5,60,5,"[1, 0, 0, 0, 0, 0, 0, 0, 0, 0, 0, 0, 1, 0, 3, 0, 0, 0, 0, 0, 0, 0]","[0, 0, 3, 2, 1, 9, 6, 0, 2, 1, 2, 3, 0, 2, 0, 2, 3, 2, 5, 9, 6, 2]","[0, 1, 0, 0, 0, 0, 0, 4, 0, 0, 0, 0, 0, 0, 0, 0, 0, 0, 0, 0, 0, 0]",False,False,False,False
office.com,captura_0000017_H123.csv,5,5,51,9,"[1, 0, 0, 0, 0, 0, 0, 0, 0, 0, 1, 0, 0, 0, 0, 0, 3, 0, 0, 0, 0, 0]","[0, 0, 3, 2, 1, 6, 0, 0, 1, 2, 0, 2, 3, 2, 2, 3, 0, 2, 5, 6, 9, 2]","[0, 1, 0, 0, 0, 0, 7, 1, 0, 0, 0, 0, 0, 0, 0, 0, 0, 0, 0, 0, 0, 0]",False,False,False,False
office.com,captura_0000017_H123.csv,6,5,49,19,"[1, 0, 0, 0, 0, 0, 0, 0, 0, 0, 0, 0, 1, 0, 0, 0, 1, 0, 0, 0, 2, 0, 0]","[0, 0, 3, 6, 2, 1, 0, 0, 2, 1, 3, 2, 0, 2, 2, 3, 0, 2, 6, 5, 0, 7, 2]","[0, 1, 0, 0, 0, 0, 6, 12, 0, 0, 0, 0, 0, 0, 0, 0, 0, 0, 0, 0, 0, 0, 0]",False,False,False,False
office.com,captura_0000017_H123.csv,7,5,52,8,"[1, 0, 0, 0, 0, 0, 0, 0, 0, 0, 0, 1, 0, 0, 3, 0, 0, 0, 0, 0, 0, 0]","[0, 0, 3, 7, 2, 1, 0, 0, 2, 1, 2, 0, 3, 2, 0, 2, 3, 2, 6, 5, 9, 2]","[0, 1, 0, 0, 0, 0, 1, 6, 0, 0, 0, 0, 0, 0, 0, 0, 0, 0, 0, 0, 0, 0]",False,False,False,False
office.com,captura_0000017_H123.csv,8,5,50,8,"[1, 0, 0, 0, 0, 0, 0, 0, 0, 0, 0, 0, 1, 0, 0, 0, 3, 0, 0, 0, 0, 0]","[0, 0, 3, 6, 2, 1, 0, 0, 2, 1, 3, 2, 0, 2, 2, 3, 0, 2, 6, 5, 8, 2]","[0, 1, 0, 0, 0, 0, 1, 6, 0, 0, 0, 0, 0, 0, 0, 0, 0, 0, 0, 0, 0, 0]",False,False,False,False
office.com,captura_0000017_H123.csv,10,5,54,11,"[1, 0, 0, 0, 0, 0, 0, 0, 0, 0, 0, 1, 0, 0, 0, 3, 0, 0, 0, 0, 0]","[0, 0, 3, 11, 2, 1, 0, 1, 3, 2, 2, 0, 2, 3, 2, 0, 2, 6, 5, 7, 2]","[0, 1, 0, 0, 0, 0, 10, 0, 0, 0, 0, 0, 0, 0, 0, 0, 0, 0, 0, 0, 0]",False,False,False,False
office.com,captura_0000017_H123.csv,11,5,51,8,"[1, 0, 0, 0, 0, 0, 0, 0, 0, 0, 0, 1, 0, 0, 0, 0, 3, 0, 0, 0, 0, 0]","[0, 0, 3, 2, 6, 1, 0, 0, 2, 2, 1, 0, 3, 2, 3, 2, 0, 2, 5, 9, 6, 2]","[0, 1, 0, 0, 0, 0, 1, 6, 0, 0, 0, 0, 0, 0, 0, 0, 0, 0, 0, 0, 0, 0]",False,False,False,False
office.com,captura_0000017_H123.csv,12,5,52,15,"[1, 0, 0, 0, 0, 0, 0, 0, 0, 0, 0, 0, 1, 0, 0, 0, 3, 0, 0, 0, 0, 0]","[0, 0, 3, 6, 2, 1, 0, 0, 1, 4, 2, 2, 0, 2, 3, 2, 0, 2, 6, 5, 9, 2]","[0, 1, 0, 0, 0, 0, 2, 12, 0, 0, 0, 0, 0, 0, 0, 0, 0, 0, 0, 0, 0, 0]",False,False,False,False
office.com,captura_0000017_H123.csv,13,5,52,10,"[1, 0, 0, 0, 0, 0, 0, 0, 0, 0, 0, 1, 0, 0, 3, 0, 0, 0, 0, 0, 0, 0]","[0, 0, 3, 2, 6, 1, 0, 0, 2, 1, 2, 0, 3, 3, 0, 6, 2, 3, 2, 5, 9, 2]","[0, 1, 0, 0, 0, 0, 1, 8, 0, 0, 0, 0, 0, 0, 0, 0, 0, 0, 0, 0, 0, 0]",False,False,False,False
office.com,captura_0000017_H123.csv,15,5,53,10,"[1, 0, 0, 0, 0, 0, 0, 0, 0, 0, 1, 0, 0, 0, 0, 0, 3, 0, 0, 0, 0, 0]","[0, 0, 3, 2, 7, 1, 0, 0, 1, 2, 0, 2, 3, 2, 3, 2, 0, 2, 6, 5, 10, 2]","[0, 1, 0, 0, 0, 0, 1, 8, 0, 0, 0, 0, 0, 0, 0, 0, 0, 0, 0, 0, 0, 0]",False,False,False,False
office.com,captura_0000017_H123.csv,16,5,56,13,"[1, 0, 0, 0, 0, 0, 0, 0, 0, 0, 0, 1, 0, 3, 0, 0, 0, 0, 0, 0, 0]","[0, 0, 3, 2, 10, 1, 0, 1, 2, 3, 2, 0, 2, 0, 2, 3, 2, 6, 5, 10, 2]","[0, 1, 0, 0, 0, 0, 12, 0, 0, 0, 0, 0, 0, 0, 0, 0, 0, 0, 0, 0, 0]",False,False,False,False
office.com,captura_0000017_H123.csv,17,5,51,13,"[1, 0, 0, 0, 0, 0, 0, 0, 0, 0, 0, 0, 1, 0, 0, 0, 3, 0, 0, 0, 0, 0]","[0, 3, 0, 5, 1, 3, 0, 0, 1, 2, 2, 3, 0, 2, 3, 2, 0, 2, 5, 6, 9, 2]","[0, 0, 1, 0, 0, 0, 1, 11, 0, 0, 0, 0, 0, 0, 0, 0, 0, 0, 0, 0, 0, 0]",False,False,False,False
office.com,captura_0000017_H123.csv,18,5,59,13,"[1, 0, 0, 0, 0, 0, 0, 0, 0, 1, 0, 0, 0, 3, 0, 0, 0, 0, 0, 0, 0]","[0, 0, 3, 2, 13, 1, 0, 2, 3, 0, 2, 2, 2, 0, 6, 2, 3, 2, 5, 9, 2]","[0, 1, 0, 0, 0, 0, 12, 0, 0, 0, 0, 0, 0, 0, 0, 0, 0, 0, 0, 0, 0]",False,False,False,False
office.com,captura_0000017_H123.csv,19,5,52,19,"[1, 0, 0, 0, 0, 0, 0, 0, 0, 0, 0, 0, 1, 0, 3, 0, 0, 0, 0, 0, 0, 0]","[0, 0, 3, 7, 1, 2, 0, 0, 1, 3, 2, 2, 0, 2, 0, 6, 2, 3, 2, 5, 9, 2]","[0, 1, 0, 0, 0, 0, 6, 12, 0, 0, 0, 0, 0, 0, 0, 0, 0, 0, 0, 0, 0, 0]",False,False,False,False
office.com,captura_0000017_H123.csv,20,5,54,13,"[1, 0, 0, 0, 0, 0, 0, 0, 0, 0, 1, 0, 0, 0, 3, 0, 0, 0, 0, 0, 0]","[0, 0, 3, 2, 11, 1, 0, 1, 2, 3, 0, 2, 2, 2, 0, 3, 2, 5, 6, 7, 2]","[0, 1, 0, 0, 0, 0, 12, 0, 0, 0, 0, 0, 0, 0, 0, 0, 0, 0, 0, 0, 0]",False,False,False,False
office365.com,captura_0000093_H123.csv,1,5,129,1,"[1, 0, 2, 1, 0, 0, 0, 0, 0, 0, 0, 0, 0, 0, 0, 0, 0, 0, 0, 0, 0, 1, 0, 0, 0]","[0, 0, 0, 0, 46, 1, 1, 2, 1, 2, 5, 11, 2, 2, 2, 3, 8, 4, 17, 15, 2, 0, 2, 2, 1]","[0, 1, 0, 0, 0, 0, 0, 0, 0, 0, 0, 0, 0, 0, 0, 0, 0, 0, 0, 0, 0, 0, 0, 0, 0]",False,False,False,False
office365.com,captura_0000093_H123.csv,2,5,119,1,"[1, 0, 2, 1, 0, 0, 0, 0, 0, 0, 0, 0, 0, 0, 0, 0, 0, 0, 0, 0, 0, 1, 0, 0, 0]","[0, 0, 0, 0, 47, 1, 1, 2, 9, 1, 2, 2, 6, 2, 3, 2, 4, 7, 11, 12, 2, 0, 2, 1, 2]","[0, 1, 0, 0, 0, 0, 0, 0, 0, 0, 0, 0, 0, 0, 0, 0, 0, 0, 0, 0, 0, 0, 0, 0, 0]",False,False,False,False
office365.com,captura_0000093_H123.csv,3,5,123,1,"[1, 0, 2, 1, 0, 0, 0, 0, 0, 0, 0, 0, 0, 0, 0, 0, 0, 0, 0, 0, 1, 0, 0, 0, 0]","[0, 0, 0, 0, 46, 1, 1, 2, 2, 11, 1, 3, 6, 2, 2, 3, 4, 7, 13, 12, 0, 2, 2, 1, 2]","[0, 1, 0, 0, 0, 0, 0, 0, 0, 0, 0, 0, 0, 0, 0, 0, 0, 0, 0, 0, 0, 0, 0, 0, 0]",False,False,False,False
office365.com,captura_0000093_H123.csv,5,5,123,1,"[1, 0, 1, 2, 0, 0, 0, 0, 0, 0, 0, 0, 0, 0, 0, 0, 0, 0, 0, 1, 0, 0, 0, 0, 0]","[0, 0, 0, 0, 45, 1, 1, 1, 2, 9, 2, 3, 2, 2, 3, 4, 7, 13, 15, 0, 2, 2, 1, 2, 6]","[0, 1, 0, 0, 0, 0, 0, 0, 0, 0, 0, 0, 0, 0, 0, 0, 0, 0, 0, 0, 0, 0, 0, 0, 0]",False,False,False,False
office365.com,captura_0000093_H123.csv,7,5,123,1,"[1, 0, 2, 1, 0, 0, 0, 0, 0, 0, 0, 0, 0, 0, 0, 0, 0, 0, 0, 0, 1, 0, 0, 0, 0]","[0, 0, 0, 0, 48, 1, 1, 1, 2, 3, 10, 2, 5, 2, 2, 3, 4, 7, 13, 12, 0, 2, 2, 1, 2]","[0, 1, 0, 0, 0, 0, 0, 0, 0, 0, 0, 0, 0, 0, 0, 0, 0, 0, 0, 0, 0, 0, 0, 0, 0]",False,False,False,False
office365.com,captura_0000093_H123.csv,8,5,124,1,"[1, 0, 2, 1, 0, 0, 0, 0, 0, 0, 0, 0, 0, 0, 0, 0, 0, 0, 0, 0, 1, 0, 0, 0, 0]","[0, 0, 0, 0, 47, 1, 1, 11, 2, 1, 2, 3, 2, 2, 3, 4, 7, 13, 12, 2, 0, 2, 6, 1, 2]","[0, 1, 0, 0, 0, 0, 0, 0, 0, 0, 0, 0, 0, 0, 0, 0, 0, 0, 0, 0, 0, 0, 0, 0, 0]",False,False,False,False
office365.com,captura_0000093_H123.csv,9,5,118,1,"[1, 0, 2, 1, 0, 0, 0, 0, 0, 0, 0, 0, 0, 0, 0, 0, 0, 0, 0, 0, 1, 0, 0, 0, 0]","[0, 0, 0, 0, 40, 1, 1, 2, 1, 9, 2, 2, 3, 2, 3, 7, 4, 13, 15, 2, 0, 2, 1, 2, 6]","[0, 1, 0, 0, 0, 0, 0, 0, 0, 0, 0, 0, 0, 0, 0, 0, 0, 0, 0, 0, 0, 0, 0, 0, 0]",False,False,False,False
office365.com,captura_0000093_H123.csv,10,5,123,1,"[1, 0, 1, 2, 0, 0, 0, 0, 0, 0, 0, 0, 0, 0, 0, 0, 0, 0, 0, 0, 1, 0, 0, 0, 0]","[0, 0, 0, 0, 48, 1, 1, 1, 10, 2, 2, 2, 6, 2, 2, 3, 4, 7, 13, 12, 0, 2, 2, 1, 2]","[0, 1, 0, 0, 0, 0, 0, 0, 0, 0, 0, 0, 0, 0, 0, 0, 0, 0, 0, 0, 0, 0, 0, 0, 0]",False,False,False,False
office365.com,captura_0000093_H123.csv,11,5,125,1,"[1, 0, 1, 2, 0, 0, 0, 0, 0, 0, 0, 0, 0, 0, 0, 0, 0, 0, 0, 0, 1, 0, 0, 0, 0]","[0, 0, 0, 0, 46, 1, 1, 2, 2, 10, 1, 3, 2, 2, 3, 4, 8, 15, 12, 2, 0, 2, 1, 2, 6]","[0, 1, 0, 0, 0, 0, 0, 0, 0, 0, 0, 0, 0, 0, 0, 0, 0, 0, 0, 0, 0, 0, 0, 0, 0]",False,False,False,False
office365.com,captura_0000093_H123.csv,12,5,121,1,"[1, 0, 2, 1, 0, 0, 0, 0, 0, 0, 0, 0, 0, 0, 0, 0, 0, 0, 0, 0, 1, 0, 0, 0, 0]","[0, 0, 0, 0, 44, 1, 1, 2, 2, 1, 10, 3, 2, 2, 3, 4, 7, 11, 15, 2, 0, 2, 1, 2, 6]","[0, 1, 0, 0, 0, 0, 0, 0, 0, 0, 0, 0, 0, 0, 0, 0, 0, 0, 0, 0, 0, 0, 0, 0, 0]",False,False,False,False
office365.com,captura_0000093_H123.csv,13,5,127,1,"[1, 0, 1, 2, 0, 0, 0, 0, 0, 0, 0, 0, 0, 0, 0, 0, 0, 0, 0, 0, 0, 1, 0, 0, 0]","[0, 0, 0, 0, 48, 1, 1, 2, 1, 11, 2, 3, 5, 2, 3, 2, 4, 7, 13, 15, 2, 0, 2, 1, 2]","[0, 1, 0, 0, 0, 0, 0, 0, 0, 0, 0, 0, 0, 0, 0, 0, 0, 0, 0, 0, 0, 0, 0, 0, 0]",False,False,False,False
office365.com,captura_0000093_H123.csv,14,5,121,1,"[1, 0, 2, 1, 0, 0, 0, 0, 0, 0, 0, 0, 0, 0, 0, 0, 0, 0, 0, 0, 0, 0, 1, 0, 0]","[0, 0, 0, 0, 44, 1, 1, 2, 2, 1, 11, 2, 6, 2, 3, 4, 6, 11, 2, 2, 16, 2, 0, 2, 1]","[0, 1, 0, 0, 0, 0, 0, 0, 0, 0, 0, 0, 0, 0, 0, 0, 0, 0, 0, 0, 0, 0, 0, 0, 0]",False,False,False,False
office365.com,captura_0000093_H123.csv,15,5,127,1,"[1, 0, 2, 1, 0, 0, 0, 0, 0, 0, 0, 0, 0, 0, 0, 0, 0, 0, 0, 0, 0, 1, 0, 0, 0]","[0, 0, 0, 0, 46, 1, 1, 2, 2, 1, 10, 2, 6, 2, 2, 3, 8, 4, 15, 15, 2, 0, 2, 1, 2]","[0, 1, 0, 0, 0, 0, 0, 0, 0, 0, 0, 0, 0, 0, 0, 0, 0, 0, 0, 0, 0, 0, 0, 0, 0]",False,False,False,False
office365.com,captura_0000093_H123.csv,16,5,115,1,"[1, 0, 2, 1, 0, 0, 0, 0, 0, 0, 0, 0, 0, 0, 0, 0, 0, 0, 0, 0, 0, 1, 0, 0, 0]","[0, 0, 0, 0, 40, 1, 1, 2, 1, 10, 2, 2, 6, 2, 2, 3, 4, 7, 13, 12, 2, 0, 2, 1, 2]","[0, 1, 0, 0, 0, 0, 0, 0, 0, 0, 0, 0, 0, 0, 0, 0, 0, 0, 0, 0, 0, 0, 0, 0, 0]",False,False,False,False
office365.com,captura_0000093_H123.csv,17,5,122,1,"[1, 0, 2, 1, 0, 0, 0, 0, 0, 0, 0, 0, 0, 0, 0, 0, 0, 0, 0, 0, 0, 1, 0, 0, 0]","[0, 0, 0, 0, 45, 6, 1, 1, 2, 2, 1, 9, 2, 2, 2, 3, 8, 4, 15, 12, 2, 0, 2, 2, 1]","[0, 1, 0, 0, 0, 0, 0, 0, 0, 0, 0, 0, 0, 0, 0, 0, 0, 0, 0, 0, 0, 0, 0, 0, 0]",False,False,False,False
office365.com,captura_0000093_H123.csv,18,5,123,1,"[1, 0, 1, 2, 0, 0, 0, 0, 0, 0, 0, 0, 0, 0, 0, 0, 0, 0, 0, 0, 0, 1, 0, 0, 0]","[0, 0, 0, 0, 42, 1, 1, 5, 1, 2, 2, 10, 2, 2, 2, 3, 4, 8, 16, 15, 2, 0, 2, 1, 2]","[0, 1, 0, 0, 0, 0, 0, 0, 0, 0, 0, 0, 0, 0, 0, 0, 0, 0, 0, 0, 0, 0, 0, 0, 0]",False,False,False,False
office365.com,captura_0000093_H123.csv,19,5,117,1,"[1, 0, 2, 1, 0, 0, 0, 0, 0, 0, 0, 0, 0, 0, 0, 0, 0, 0, 0, 0, 0, 1, 0, 0, 0]","[0, 0, 0, 0, 42, 1, 1, 2, 2, 1, 9, 2, 6, 2, 2, 3, 4, 7, 11, 15, 2, 0, 2, 1, 2]","[0, 1, 0, 0, 0, 0, 0, 0, 0, 0, 0, 0, 0, 0, 0, 0, 0, 0, 0, 0, 0, 0, 0, 0, 0]",False,False,False,False
office365.com,captura_0000093_H123.csv,20,5,126,1,"[1, 0, 2, 1, 0, 0, 0, 0, 0, 0, 0, 0, 0, 0, 0, 0, 0, 0, 0, 0, 1, 0, 0, 0, 0]","[0, 0, 0, 0, 50, 1, 1, 8, 2, 1, 2, 2, 2, 2, 3, 4, 7, 13, 15, 2, 0, 2, 1, 2, 6]","[0, 1, 0, 0, 0, 0, 0, 0, 0, 0, 0, 0, 0, 0, 0, 0, 0, 0, 0, 0, 0, 0, 0, 0, 0]",False,False,False,False
okcdn.ru,captura_0000136_H123.csv,1,1,9,1,"[1, 0, 0, 0]","[0, 0, 3, 6]","[0, 1, 0, 0]",False,False,False,False
okcdn.ru,captura_0000136_H123.csv,2,1,9,1,"[1, 0, 0, 0]","[0, 0, 3, 6]","[0, 1, 0, 0]",False,False,False,False
okcdn.ru,captura_0000136_H123.csv,4,1,9,1,"[1, 0, 0, 0]","[0, 0, 3, 6]","[0, 1, 0, 0]",False,False,False,False
okcdn.ru,captura_0000136_H123.csv,6,1,9,1,"[1, 0, 0, 0]","[0, 0, 3, 6]","[0, 1, 0, 0]",False,False,False,False
okcdn.ru,captura_0000136_H123.csv,7,1,9,1,"[1, 0, 0, 0]","[0, 0, 3, 6]","[0, 1, 0, 0]",False,False,False,False
okcdn.ru,captura_0000136_H123.csv,8,1,9,1,"[1, 0, 0, 0]","[0, 0, 3, 6]","[0, 1, 0, 0]",False,False,False,False
okcdn.ru,captura_0000136_H123.csv,9,1,9,1,"[1, 0, 0, 0]","[0, 0, 3, 6]","[0, 1, 0, 0]",False,False,False,False
okcdn.ru,captura_0000136_H123.csv,10,1,9,1,"[1, 0, 0, 0]","[0, 0, 3, 6]","[0, 1, 0, 0]",False,False,False,False
okcdn.ru,captura_0000136_H123.csv,11,1,9,1,"[1, 0, 0, 0]","[0, 0, 3, 6]","[0, 1, 0, 0]",False,False,False,False
okcdn.ru,captura_0000136_H123.csv,12,1,9,1,"[1, 0, 0, 0]","[0, 0, 3, 6]","[0, 1, 0, 0]",False,False,False,False
okcdn.ru,captura_0000136_H123.csv,13,1,9,1,"[1, 0, 0, 0]","[0, 0, 3, 6]","[0, 1, 0, 0]",False,False,False,False
okcdn.ru,captura_0000136_H123.csv,14,1,9,1,"[1, 0, 0, 0]","[0, 0, 3, 6]","[0, 1, 0, 0]",False,False,False,False
okcdn.ru,captura_0000136_H123.csv,15,1,9,1,"[1, 0, 0, 0]","[0, 0, 3, 6]","[0, 1, 0, 0]",False,False,False,False
okcdn.ru,captura_0000136_H123.csv,16,1,9,1,"[1, 0, 0, 0]","[0, 0, 3, 6]","[0, 1, 0, 0]",False,False,False,False
okcdn.ru,captura_0000136_H123.csv,17,1,9,1,"[1, 0, 0, 0]","[0, 0, 3, 6]","[0, 1, 0, 0]",False,False,False,False
okcdn.ru,captura_0000136_H123.csv,18,1,9,1,"[1, 0, 0, 0]","[0, 0, 3, 6]","[0, 1, 0, 0]",False,False,False,False
okcdn.ru,captura_0000136_H123.csv,19,1,9,1,"[1, 0, 0, 0]","[0, 0, 3, 6]","[0, 1, 0, 0]",False,False,False,False
okcdn.ru,captura_0000136_H123.csv,20,1,9,1,"[1, 0, 0, 0]","[0, 0, 3, 6]","[0, 1, 0, 0]",False,False,False,False
one.one,captura_0000156_H123.csv,1,6,62,27,"[1, 0, 0, 0, 0, 0, 0, 0, 0, 0, 0, 0, 0, 0, 0, 0, 0, 0, 0, 0, 0, 1, 0, 0, 0, 0, 0, 0, 0, 0, 2, 0, 0, 0, 0, 0, 0, 1, 1, 0, 0]","[0, 0, 1, 17, 0, 4, 8, 2, 2, 1, 0, 5, 0, 0, 2, 0, 2, 2, 1, 1, 1, 0, 1, 3, 0, 0, 2, 3, 1, 0, 0, 0, 0, 0, 0, 0, 1, 0, 0, 0, 2]","[0, 1, 0, 0, 2, 0, 0, 0, 0, 0, 4, 0, 1, 1, 0, 2, 0, 0, 0, 0, 0, 0, 0, 0, 2, 2, 0, 0, 0, 2, 0, 5, 1, 1, 1, 1, 0, 0, 0, 1, 0]",False,False,False,False
one.one,captura_0000156_H123.csv,2,6,61,26,"[1, 0, 0, 0, 0, 0, 0, 0, 0, 0, 0, 0, 0, 0, 0, 0, 0, 0, 0, 0, 0, 0, 0, 0, 1, 0, 0, 0, 0, 0, 1, 0, 0, 2, 0, 0, 0, 1, 0, 0]","[0, 0, 1, 15, 0, 8, 2, 4, 2, 1, 0, 6, 0, 0, 2, 2, 0, 1, 2, 1, 3, 1, 1, 0, 0, 2, 3, 0, 1, 0, 0, 0, 0, 0, 0, 0, 1, 0, 0, 2]","[0, 1, 0, 0, 2, 0, 0, 0, 0, 0, 4, 0, 1, 1, 0, 0, 2, 0, 0, 0, 0, 0, 0, 2, 0, 0, 0, 2, 0, 2, 0, 1, 1, 0, 5, 1, 0, 0, 1, 0]",False,False,False,False
one.one,captura_0000156_H123.csv,3,6,61,26,"[1, 0, 0, 0, 0, 0, 0, 0, 0, 0, 0, 0, 0, 0, 0, 0, 0, 0, 0, 0, 0, 1, 0, 0, 0, 0, 0, 0, 0, 0, 1, 2, 0, 0, 0, 0, 0, 1, 0, 0]","[0, 0, 1, 15, 0, 9, 2, 4, 2, 1, 0, 5, 0, 0, 2, 2, 0, 1, 2, 1, 3, 0, 1, 1, 0, 0, 2, 3, 1, 0, 0, 0, 0, 0, 0, 0, 1, 0, 0, 2]","[0, 1, 0, 0, 2, 0, 0, 0, 0, 0, 4, 0, 1, 1, 0, 0, 2, 0, 0, 0, 0, 0, 0, 0, 2, 2, 0, 0, 0, 2, 0, 0, 1, 1, 5, 1, 0, 0, 1, 0]",False,False,False,False
one.one,captura_0000156_H123.csv,4,6,62,27,"[1, 0, 0, 0, 0, 0, 0, 0, 0, 0, 0, 0, 0, 0, 0, 0, 0, 0, 0, 0, 0, 0, 0, 1, 0, 0, 0, 0, 0, 0, 1, 2, 0, 0, 0, 0, 0, 0, 1, 0, 0]","[0, 0, 1, 16, 9, 0, 2, 4, 1, 2, 0, 5, 0, 0, 2, 2, 0, 1, 2, 1, 1, 1, 3, 0, 0, 0, 2, 3, 1, 0, 0, 0, 0, 0, 0, 0, 0, 1, 0, 0, 2]","[0, 1, 0, 0, 0, 2, 0, 0, 0, 0, 4, 0, 1, 1, 0, 0, 2, 0, 0, 0, 0, 0, 0, 0, 2, 2, 0, 0, 0, 2, 0, 0, 5, 1, 1, 1, 1, 0, 0, 1, 0]",False,False,False,False
one.one,captura_0000156_H123.csv,5,6,63,27,"[1, 0, 0, 0, 0, 0, 0, 0, 0, 0, 0, 0, 0, 0, 0, 0, 0, 0, 0, 0, 1, 0, 0, 0, 0, 0, 0, 0, 0, 1, 0, 2, 0, 0, 0, 0, 0, 1, 0, 0]","[0, 0, 1, 15, 0, 4, 2, 12, 2, 1, 0, 6, 0, 0, 2, 2, 0, 1, 2, 1, 0, 1, 1, 3, 0, 0, 1, 0, 2, 0, 2, 0, 0, 0, 0, 0, 0, 0, 0, 2]","[0, 1, 0, 0, 2, 0, 0, 0, 0, 0, 4, 0, 1, 1, 0, 0, 2, 0, 0, 0, 0, 0, 0, 0, 2, 2, 0, 2, 0, 0, 0, 0, 5, 1, 1, 1, 1, 0, 1, 0]",False,False,False,False
one.one,captura_0000156_H123.csv,6,6,64,27,"[1, 0, 0, 0, 0, 0, 0, 0, 0, 0, 0, 0, 0, 0, 0, 0, 0, 0, 0, 0, 0, 0, 0, 1, 0, 0, 0, 0, 0, 0, 0, 1, 2, 0, 0, 0, 0, 0, 1, 0, 0]","[0, 0, 1, 16, 0, 9, 2, 4, 2, 1, 0, 5, 0, 0, 2, 2, 1, 0, 2, 1, 3, 1, 1, 0, 0, 0, 1, 0, 2, 3, 3, 0, 0, 0, 0, 0, 0, 0, 0, 0, 2]","[0, 1, 0, 0, 2, 0, 0, 0, 0, 0, 4, 0, 1, 1, 0, 0, 0, 2, 0, 0, 0, 0, 0, 0, 2, 2, 0, 2, 0, 0, 0, 0, 0, 5, 1, 1, 1, 1, 0, 1, 0]",False,False,False,False
one.one,captura_0000156_H123.csv,9,6,61,26,"[1, 0, 0, 0, 0, 0, 0, 0, 0, 0, 0, 0, 0, 0, 0, 0, 0, 0, 0, 1, 0, 0, 0, 0, 0, 0, 0, 0, 0, 0, 1, 0, 0, 2, 0, 0, 0, 0, 1, 0]","[0, 0, 1, 15, 2, 9, 0, 4, 1, 2, 0, 5, 0, 0, 2, 2, 0, 1, 2, 0, 1, 3, 1, 1, 0, 0, 2, 3, 1, 0, 0, 0, 0, 0, 0, 0, 1, 0, 0, 2]","[0, 1, 0, 0, 0, 0, 2, 0, 0, 0, 4, 0, 1, 1, 0, 0, 2, 0, 0, 0, 0, 0, 0, 0, 2, 2, 0, 0, 0, 2, 0, 1, 1, 0, 5, 1, 0, 1, 0, 0]",False,False,False,False
one.one,captura_0000156_H123.csv,11,6,63,26,"[1, 0, 0, 0, 0, 0, 0, 0, 0, 0, 0, 0, 0, 0, 0, 0, 0, 0, 0, 1, 0, 0, 0, 0, 0, 0, 0, 0, 0, 0, 1, 0, 0, 2, 0, 0, 0, 0, 1, 0]","[0, 0, 1, 14, 0, 11, 2, 4, 2, 1, 0, 6, 0, 0, 2, 2, 0, 1, 2, 0, 1, 1, 1, 3, 0, 2, 0, 3, 1, 0, 0, 0, 0, 0, 0, 0, 1, 0, 0, 2]","[0, 1, 0, 0, 2, 0, 0, 0, 0, 0, 4, 0, 1, 1, 0, 0, 2, 0, 0, 0, 0, 0, 0, 0, 2, 0, 2, 0, 0, 2, 0, 1, 1, 0, 5, 1, 0, 1, 0, 0]",False,False,False,False
one.one,captura_0000156_H123.csv,12,6,62,26,"[1, 0, 0, 0, 0, 0, 0, 0, 0, 0, 0, 0, 0, 0, 0, 0, 0, 0, 0, 0, 0, 0, 0, 1, 0, 0, 0, 0, 0, 0, 1, 0, 0, 2, 0, 0, 0, 0, 1, 0]","[0, 0, 1, 16, 2, 8, 0, 4, 1, 2, 0, 6, 0, 0, 2, 2, 0, 1, 2, 1, 3, 1, 1, 0, 0, 0, 2, 3, 1, 0, 0, 0, 0, 0, 0, 0, 1, 0, 0, 2]","[0, 1, 0, 0, 0, 0, 2, 0, 0, 0, 4, 0, 1, 1, 0, 0, 2, 0, 0, 0, 0, 0, 0, 0, 2, 2, 0, 0, 0, 2, 0, 1, 1, 0, 5, 1, 0, 1, 0, 0]",False,False,False,False
one.one,captura_0000156_H123.csv,13,6,61,27,"[1, 0, 0, 0, 0, 0, 0, 0, 0, 0, 0, 0, 0, 0, 0, 0, 0, 0, 0, 0, 0, 1, 0, 0, 0, 0, 0, 0, 0, 0, 1, 0, 0, 2, 0, 0, 0, 0, 1, 0]","[0, 0, 1, 14, 9, 2, 0, 4, 1, 2, 0, 5, 0, 0, 2, 2, 0, 1, 2, 1, 3, 0, 1, 1, 0, 2, 0, 3, 1, 0, 0, 0, 0, 0, 0, 0, 1, 0, 0, 3]","[0, 1, 0, 0, 0, 0, 2, 0, 0, 0, 5, 0, 1, 1, 0, 0, 2, 0, 0, 0, 0, 0, 0, 0, 2, 0, 2, 0, 0, 2, 0, 1, 1, 0, 5, 1, 0, 1, 0, 0]",False,False,False,False
one.one,captura_0000156_H123.csv,14,6,60,26,"[1, 0, 0, 0, 0, 0, 0, 0, 0, 0, 0, 0, 0, 0, 0, 0, 0, 0, 0, 1, 0, 0, 0, 0, 0, 0, 0, 0, 0, 0, 1, 0, 0, 2, 0, 0, 0, 0, 1, 0]","[0, 0, 1, 15, 0, 8, 2, 4, 2, 1, 0, 5, 0, 0, 2, 2, 0, 1, 2, 0, 1, 3, 1, 1, 0, 0, 2, 3, 1, 0, 0, 0, 0, 0, 0, 0, 1, 0, 0, 2]","[0, 1, 0, 0, 2, 0, 0, 0, 0, 0, 4, 0, 1, 1, 0, 0, 2, 0, 0, 0, 0, 0, 0, 0, 2, 2, 0, 0, 0, 2, 0, 1, 1, 0, 5, 1, 0, 1, 0, 0]",False,False,False,False
one.one,captura_0000156_H123.csv,15,6,62,27,"[1, 0, 0, 0, 0, 0, 0, 0, 0, 0, 0, 0, 0, 0, 0, 0, 0, 0, 0, 0, 0, 1, 0, 0, 0, 0, 0, 0, 0, 0, 1, 0, 0, 2, 0, 0, 0, 0, 1, 0]","[0, 1, 0, 15, 0, 4, 2, 10, 2, 1, 0, 5, 0, 0, 2, 2, 0, 2, 1, 1, 1, 0, 3, 1, 0, 0, 2, 3, 1, 0, 0, 0, 0, 0, 0, 0, 1, 0, 0, 2]","[0, 0, 1, 0, 2, 0, 0, 0, 0, 0, 5, 0, 1, 1, 0, 0, 2, 0, 0, 0, 0, 0, 0, 0, 2, 2, 0, 0, 0, 2, 0, 1, 1, 0, 5, 1, 0, 1, 0, 0]",False,False,False,False
one.one,captura_0000156_H123.csv,16,6,62,26,"[1, 0, 0, 0, 0, 0, 0, 0, 0, 0, 0, 0, 0, 0, 0, 0, 0, 0, 0, 0, 0, 0, 0, 1, 0, 0, 0, 0, 0, 0, 1, 0, 0, 2, 0, 0, 0, 0, 1, 0]","[0, 0, 1, 15, 10, 0, 2, 4, 2, 1, 0, 5, 0, 0, 2, 2, 0, 1, 2, 1, 3, 1, 1, 0, 0, 0, 3, 2, 1, 0, 0, 0, 0, 0, 0, 0, 1, 0, 0, 2]","[0, 1, 0, 0, 0, 2, 0, 0, 0, 0, 4, 0, 1, 1, 0, 0, 2, 0, 0, 0, 0, 0, 0, 0, 2, 2, 0, 0, 0, 2, 0, 1, 1, 0, 5, 1, 0, 1, 0, 0]",False,False,False,False
one.one,captura_0000156_H123.csv,17,6,62,26,"[1, 0, 0, 0, 0, 0, 0, 0, 0, 0, 0, 0, 0, 0, 0, 0, 0, 0, 0, 1, 0, 0, 0, 0, 0, 0, 0, 0, 0, 0, 3, 0, 0, 0, 0, 0, 0, 1, 0]","[0, 0, 1, 15, 0, 10, 2, 4, 2, 1, 0, 0, 0, 2, 2, 0, 1, 2, 5, 0, 1, 3, 1, 1, 0, 2, 0, 3, 1, 0, 0, 0, 0, 0, 0, 1, 0, 0, 2]","[0, 1, 0, 0, 2, 0, 0, 0, 0, 0, 4, 1, 1, 0, 0, 2, 0, 0, 0, 0, 0, 0, 0, 0, 2, 0, 2, 0, 0, 2, 0, 1, 1, 5, 1, 0, 1, 0, 0]",False,False,False,False
one.one,captura_0000156_H123.csv,18,6,63,27,"[1, 0, 0, 0, 0, 0, 0, 0, 0, 0, 0, 0, 0, 0, 0, 0, 0, 0, 1, 0, 0, 0, 0, 0, 0, 0, 0, 0, 0, 1, 0, 0, 2, 0, 0, 0, 0, 1, 0, 0]","[0, 0, 1, 15, 2, 9, 0, 4, 1, 2, 0, 0, 0, 2, 2, 0, 1, 2, 0, 1, 3, 1, 1, 0, 0, 2, 3, 1, 0, 0, 0, 0, 0, 0, 0, 1, 0, 0, 3, 6]","[0, 1, 0, 0, 0, 0, 2, 0, 0, 0, 5, 1, 1, 0, 0, 2, 0, 0, 0, 0, 0, 0, 0, 2, 2, 0, 0, 0, 2, 0, 1, 1, 0, 5, 1, 0, 1, 0, 0, 0]",False,False,False,False
one.one,captura_0000156_H123.csv,19,6,63,26,"[1, 0, 0, 0, 0, 0, 0, 0, 0, 0, 0, 0, 0, 0, 0, 0, 0, 0, 0, 0, 0, 1, 0, 0, 0, 0, 0, 0, 0, 0, 0, 0, 2, 1, 0, 0, 0, 0, 1, 0]","[0, 0, 1, 16, 0, 4, 10, 2, 2, 1, 0, 5, 0, 0, 2, 2, 0, 2, 1, 1, 1, 0, 3, 1, 0, 2, 0, 3, 1, 0, 0, 0, 0, 0, 0, 0, 1, 0, 0, 2]","[0, 1, 0, 0, 2, 0, 0, 0, 0, 0, 4, 0, 1, 1, 0, 0, 2, 0, 0, 0, 0, 0, 0, 0, 2, 0, 2, 0, 0, 2, 1, 1, 0, 0, 5, 1, 0, 1, 0, 0]",False,False,False,False
opera.com,captura_0000094_H123.csv,1,2,49,2,"[1, 0, 1, 0, 0, 0, 0, 0, 0, 0, 0, 0]","[0, 0, 0, 1, 1, 3, 29, 6, 0, 1, 6, 2]","[0, 1, 0, 0, 0, 0, 0, 0, 1, 0, 0, 0]",False,False,False,False
opera.com,captura_0000094_H123.csv,2,2,54,2,"[1, 0, 1, 0, 0, 0, 0, 0, 0, 0, 0, 0]","[0, 0, 0, 1, 33, 7, 3, 1, 0, 1, 6, 2]","[0, 1, 0, 0, 0, 0, 0, 0, 1, 0, 0, 0]",False,False,False,False
opera.com,captura_0000094_H123.csv,3,2,49,2,"[1, 0, 1, 0, 0, 0, 0, 0, 0, 0, 0, 0]","[0, 0, 0, 1, 3, 1, 7, 28, 0, 1, 6, 2]","[0, 1, 0, 0, 0, 0, 0, 0, 1, 0, 0, 0]",False,False,False,False
opera.com,captura_0000094_H123.csv,4,2,55,2,"[1, 0, 1, 0, 0, 0, 0, 0, 0, 0, 0, 0]","[0, 0, 0, 1, 34, 7, 3, 1, 0, 1, 6, 2]","[0, 1, 0, 0, 0, 0, 0, 0, 1, 0, 0, 0]",False,False,False,False
opera.com,captura_0000094_H123.csv,6,2,52,2,"[1, 0, 1, 0, 0, 0, 0, 0, 0, 0, 0, 0]","[0, 0, 0, 1, 7, 31, 3, 1, 0, 1, 6, 2]","[0, 1, 0, 0, 0, 0, 0, 0, 1, 0, 0, 0]",False,False,False,False
opera.com,captura_0000094_H123.csv,9,2,49,2,"[1, 0, 1, 0, 0, 0, 0, 0, 0, 0, 0, 0]","[0, 0, 0, 1, 3, 1, 29, 6, 0, 1, 6, 2]","[0, 1, 0, 0, 0, 0, 0, 0, 1, 0, 0, 0]",False,False,False,False
opera.com,captura_0000094_H123.csv,10,2,50,2,"[1, 0, 1, 0, 0, 0, 0, 0, 0, 0, 0, 0]","[0, 0, 0, 1, 29, 6, 3, 1, 0, 1, 7, 2]","[0, 1, 0, 0, 0, 0, 0, 0, 1, 0, 0, 0]",False,False,False,False
opera.com,captura_0000094_H123.csv,11,2,50,2,"[1, 0, 1, 0, 0, 0, 0, 0, 0, 0, 0, 0]","[0, 0, 0, 1, 3, 1, 29, 7, 0, 1, 6, 2]","[0, 1, 0, 0, 0, 0, 0, 0, 1, 0, 0, 0]",False,False,False,False
opera.com,captura_0000094_H123.csv,12,2,51,2,"[1, 0, 1, 0, 0, 0, 0, 0, 0, 0, 0, 0]","[0, 0, 0, 1, 30, 7, 3, 1, 0, 1, 6, 2]","[0, 1, 0, 0, 0, 0, 0, 0, 1, 0, 0, 0]",False,False,False,False
opera.com,captura_0000094_H123.csv,13,2,50,2,"[1, 0, 1, 0, 0, 0, 0, 0, 0, 0, 0, 0]","[0, 0, 0, 1, 3, 1, 29, 7, 0, 1, 6, 2]","[0, 1, 0, 0, 0, 0, 0, 0, 1, 0, 0, 0]",False,False,False,False
opera.com,captura_0000094_H123.csv,14,2,49,2,"[1, 0, 1, 0, 0, 0, 0, 0, 0, 0, 0, 0]","[0, 0, 0, 1, 7, 28, 3, 1, 0, 1, 6, 2]","[0, 1, 0, 0, 0, 0, 0, 0, 1, 0, 0, 0]",False,False,False,False
opera.com,captura_0000094_H123.csv,15,2,49,2,"[1, 0, 1, 0, 0, 0, 0, 0, 0, 0, 0, 0]","[0, 0, 0, 1, 3, 28, 1, 7, 0, 1, 6, 2]","[0, 1, 0, 0, 0, 0, 0, 0, 1, 0, 0, 0]",False,False,False,False
opera.com,captura_0000094_H123.csv,17,2,51,2,"[1, 0, 1, 0, 0, 0, 0, 0, 0, 0, 0, 0]","[0, 0, 0, 1, 3, 30, 7, 1, 0, 1, 6, 2]","[0, 1, 0, 0, 0, 0, 0, 0, 1, 0, 0, 0]",False,False,False,False
opera.com,captura_0000094_H123.csv,18,2,50,2,"[1, 0, 1, 0, 0, 0, 0, 0, 0, 0, 0, 0]","[0, 0, 0, 1, 29, 7, 3, 1, 0, 1, 6, 2]","[0, 1, 0, 0, 0, 0, 0, 0, 1, 0, 0, 0]",False,False,False,False
opera.com,captura_0000094_H123.csv,19,2,49,2,"[1, 0, 1, 0, 0, 0, 0, 0, 0, 0, 0, 0]","[0, 0, 0, 1, 3, 1, 7, 28, 0, 1, 6, 2]","[0, 1, 0, 0, 0, 0, 0, 0, 1, 0, 0, 0]",False,False,False,False
opera.com,captura_0000094_H123.csv,20,2,53,2,"[1, 0, 1, 0, 0, 0, 0, 0, 0, 0, 0, 0]","[0, 0, 0, 1, 32, 7, 3, 1, 0, 1, 6, 2]","[0, 1, 0, 0, 0, 0, 0, 0, 1, 0, 0, 0]",False,False,False,False
outlook.com,captura_0000114_H123.csv,1,6,190,6,"[1, 0, 1, 0, 0, 0, 1, 0, 1, 0, 0, 0, 0, 0, 0, 0, 0, 0, 0, 0, 0, 0, 0, 0, 0, 0, 0, 0, 0, 0, 0, 0, 0, 0, 0, 0, 0, 1, 0, 0, 0, 0, 0, 0, 1, 0, 0, 0]","[0, 0, 0, 3, 2, 3, 0, 2, 0, 11, 2, 0, 3, 7, 3, 3, 49, 1, 1, 2, 1, 17, 2, 11, 1, 3, 2, 2, 6, 3, 1, 1, 2, 2, 1, 0, 1, 0, 11, 15, 2, 1, 0, 0, 0, 9, 2, 2]","[0, 1, 0, 0, 0, 0, 0, 0, 0, 0, 0, 1, 0, 0, 0, 0, 0, 0, 0, 0, 0, 0, 0, 0, 0, 0, 0, 0, 0, 0, 0, 0, 0, 0, 0, 2, 0, 0, 0, 0, 0, 0, 1, 1, 0, 0, 0, 0]",False,False,False,False
outlook.com,captura_0000114_H123.csv,2,6,172,6,"[1, 0, 0, 1, 0, 0, 1, 0, 1, 0, 0, 0, 0, 0, 0, 0, 0, 0, 0, 0, 0, 0, 0, 0, 0, 0, 0, 0, 0, 0, 0, 0, 0, 0, 0, 0, 1, 0, 0, 0, 0, 0, 0, 0, 0, 1, 0]","[0, 0, 3, 0, 2, 3, 0, 12, 0, 2, 2, 0, 6, 41, 3, 1, 3, 1, 2, 1, 16, 2, 11, 1, 3, 2, 2, 3, 5, 1, 1, 2, 2, 1, 0, 1, 0, 9, 12, 2, 1, 0, 0, 9, 2, 0, 2]","[0, 1, 0, 0, 0, 0, 0, 0, 0, 0, 0, 1, 0, 0, 0, 0, 0, 0, 0, 0, 0, 0, 0, 0, 0, 0, 0, 0, 0, 0, 0, 0, 0, 0, 2, 0, 0, 0, 0, 0, 0, 1, 1, 0, 0, 0, 0]",False,False,False,False
outlook.com,captura_0000114_H123.csv,3,4,180,10,"[1, 0, 0, 1, 0, 0, 0, 0, 0, 0, 0, 0, 0, 0, 0, 0, 0, 0, 0, 0, 0, 0, 0, 0, 0, 0, 0, 0, 0, 0, 0, 0, 0, 0, 0, 0, 1, 0, 0, 0, 0, 0, 0, 0, 0, 0, 1, 0, 0]","[0, 0, 3, 0, 2, 3, 9, 0, 0, 0, 2, 6, 0, 43, 3, 3, 1, 1, 2, 16, 1, 2, 11, 2, 1, 2, 3, 2, 3, 6, 2, 1, 1, 3, 1, 0, 0, 1, 12, 12, 2, 1, 0, 2, 0, 9, 0, 2, 4]","[0, 1, 0, 0, 0, 0, 0, 2, 1, 1, 0, 0, 1, 0, 0, 0, 0, 0, 0, 0, 0, 0, 0, 0, 0, 0, 0, 0, 0, 0, 0, 0, 0, 0, 0, 2, 0, 0, 0, 0, 0, 0, 1, 0, 1, 0, 0, 0, 0]",False,False,False,False
outlook.com,captura_0000114_H123.csv,4,4,181,7,"[1, 0, 0, 1, 0, 0, 0, 0, 0, 0, 0, 0, 0, 0, 0, 0, 0, 0, 0, 0, 0, 0, 0, 0, 0, 0, 0, 0, 0, 0, 0, 0, 0, 1, 0, 0, 0, 0, 0, 0, 0, 0, 0, 1, 0]","[0, 0, 3, 0, 2, 3, 11, 0, 0, 2, 6, 3, 49, 3, 1, 1, 2, 1, 17, 2, 11, 1, 3, 2, 3, 2, 6, 1, 2, 1, 2, 0, 1, 0, 1, 12, 2, 11, 1, 0, 0, 2, 9, 0, 2]","[0, 1, 0, 0, 0, 0, 0, 1, 1, 0, 0, 0, 0, 0, 0, 0, 0, 0, 0, 0, 0, 0, 0, 0, 0, 0, 0, 0, 0, 0, 0, 2, 0, 0, 0, 0, 0, 0, 0, 1, 1, 0, 0, 0, 0]",False,False,False,False
outlook.com,captura_0000114_H123.csv,5,4,174,9,"[1, 0, 1, 0, 0, 0, 0, 0, 0, 0, 0, 0, 0, 0, 0, 0, 0, 0, 0, 0, 0, 0, 0, 0, 0, 0, 0, 0, 0, 0, 0, 0, 0, 0, 0, 1, 0, 0, 0, 0, 0, 0, 0, 0, 1, 0]","[0, 0, 0, 3, 2, 3, 8, 0, 0, 0, 2, 5, 3, 45, 3, 1, 1, 2, 15, 1, 2, 11, 1, 3, 2, 2, 6, 2, 1, 1, 3, 2, 1, 0, 1, 0, 11, 15, 2, 1, 0, 2, 0, 9, 0, 2]","[0, 1, 0, 0, 0, 0, 0, 2, 1, 1, 0, 0, 0, 0, 0, 0, 0, 0, 0, 0, 0, 0, 0, 0, 0, 0, 0, 0, 0, 0, 0, 0, 0, 2, 0, 0, 0, 0, 0, 0, 1, 0, 1, 0, 0, 0]",False,False,False,False
outlook.com,captura_0000114_H123.csv,6,2,94,5,"[1, 0, 0, 1, 0, 0, 0, 0, 0, 0, 0, 0, 0, 0, 0, 0, 0, 0, 0]","[0, 0, 3, 0, 2, 3, 7, 0, 5, 0, 0, 2, 3, 60, 3, 1, 1, 2, 2]","[0, 1, 0, 0, 0, 0, 0, 2, 0, 1, 1, 0, 0, 0, 0, 0, 0, 0, 0]",False,False,False,False
outlook.com,captura_0000114_H123.csv,7,4,179,9,"[1, 0, 1, 0, 0, 0, 0, 0, 0, 0, 0, 0, 0, 0, 0, 0, 0, 0, 0, 0, 0, 0, 0, 0, 0, 0, 0, 0, 0, 0, 0, 0, 0, 1, 0, 0, 0, 0, 0, 0, 0, 0, 0, 1, 0, 0, 0]","[0, 0, 0, 3, 2, 3, 8, 0, 0, 2, 0, 2, 43, 3, 1, 3, 1, 2, 1, 18, 2, 11, 1, 3, 2, 3, 7, 2, 1, 1, 3, 1, 0, 0, 1, 13, 12, 2, 2, 1, 0, 2, 0, 0, 9, 2, 6]","[0, 1, 0, 0, 0, 0, 0, 2, 1, 0, 1, 0, 0, 0, 0, 0, 0, 0, 0, 0, 0, 0, 0, 0, 0, 0, 0, 0, 0, 0, 0, 0, 2, 0, 0, 0, 0, 0, 0, 0, 1, 0, 1, 0, 0, 0, 0]",False,False,False,False
outlook.com,captura_0000114_H123.csv,8,5,178,9,"[1, 0, 1, 0, 0, 0, 0, 0, 0, 0, 0, 0, 0, 0, 0, 0, 0, 0, 0, 0, 0, 0, 0, 0, 0, 0, 0, 0, 0, 0, 0, 0, 0, 0, 1, 0, 0, 0, 1, 0, 0, 0, 0, 0, 1, 0, 0]","[0, 0, 0, 3, 2, 3, 8, 0, 0, 2, 0, 45, 3, 3, 1, 1, 2, 17, 1, 2, 11, 1, 3, 2, 2, 3, 6, 1, 2, 1, 2, 1, 0, 1, 0, 12, 15, 2, 0, 1, 0, 0, 9, 2, 0, 2, 6]","[0, 1, 0, 0, 0, 0, 0, 2, 1, 0, 1, 0, 0, 0, 0, 0, 0, 0, 0, 0, 0, 0, 0, 0, 0, 0, 0, 0, 0, 0, 0, 0, 2, 0, 0, 0, 0, 0, 0, 0, 1, 1, 0, 0, 0, 0, 0]",False,False,False,False
outlook.com,captura_0000114_H123.csv,9,4,176,9,"[1, 0, 1, 0, 0, 0, 0, 0, 0, 0, 0, 0, 0, 0, 0, 0, 0, 0, 0, 0, 0, 0, 0, 0, 0, 0, 0, 0, 0, 0, 0, 0, 1, 0, 0, 0, 0, 0, 0, 0, 0, 0, 0, 1, 0, 0]","[0, 0, 0, 3, 2, 3, 7, 0, 0, 0, 2, 3, 43, 3, 1, 2, 2, 1, 15, 2, 11, 1, 3, 2, 2, 3, 7, 2, 1, 1, 2, 1, 0, 0, 1, 13, 15, 2, 1, 0, 2, 0, 9, 0, 2, 6]","[0, 1, 0, 0, 0, 0, 0, 2, 1, 1, 0, 0, 0, 0, 0, 0, 0, 0, 0, 0, 0, 0, 0, 0, 0, 0, 0, 0, 0, 0, 0, 0, 0, 2, 0, 0, 0, 0, 0, 1, 0, 1, 0, 0, 0, 0]",False,False,False,False
outlook.com,captura_0000114_H123.csv,10,2,141,5,"[1, 0, 0, 1, 0, 0, 0, 0, 0, 0, 0, 0, 0, 0, 0, 0, 0, 0, 0, 0, 0, 0, 0, 0, 0, 0, 0, 0, 0, 0]","[0, 0, 3, 0, 2, 3, 7, 0, 0, 2, 0, 3, 3, 47, 1, 1, 2, 1, 15, 2, 2, 3, 2, 3, 6, 3, 11, 12, 1, 6]","[0, 1, 0, 0, 0, 0, 0, 2, 1, 0, 1, 0, 0, 0, 0, 0, 0, 0, 0, 0, 0, 0, 0, 0, 0, 0, 0, 0, 0, 0]",False,False,False,False
outlook.com,captura_0000114_H123.csv,11,2,144,5,"[1, 0, 0, 1, 0, 0, 0, 0, 0, 0, 0, 0, 0, 0, 0, 0, 0, 0, 0, 0, 0, 0, 0, 0, 0, 0, 0, 0, 0, 0]","[0, 0, 3, 0, 2, 3, 6, 0, 0, 2, 0, 3, 3, 51, 1, 1, 2, 1, 15, 2, 3, 3, 3, 2, 6, 2, 11, 12, 1, 6]","[0, 1, 0, 0, 0, 0, 0, 2, 1, 0, 1, 0, 0, 0, 0, 0, 0, 0, 0, 0, 0, 0, 0, 0, 0, 0, 0, 0, 0, 0]",False,False,False,False
outlook.com,captura_0000114_H123.csv,12,2,141,5,"[1, 0, 1, 0, 0, 0, 0, 0, 0, 0, 0, 0, 0, 0, 0, 0, 0, 0, 0, 0, 0, 0, 0, 0, 0, 0, 0, 0, 0, 0]","[0, 0, 0, 3, 2, 3, 8, 0, 0, 2, 0, 3, 3, 46, 1, 1, 2, 1, 14, 3, 3, 3, 3, 6, 2, 2, 11, 12, 1, 6]","[0, 1, 0, 0, 0, 0, 0, 2, 1, 0, 1, 0, 0, 0, 0, 0, 0, 0, 0, 0, 0, 0, 0, 0, 0, 0, 0, 0, 0, 0]",False,False,False,False
outlook.com,captura_0000114_H123.csv,13,4,175,9,"[1, 0, 0, 1, 0, 0, 0, 0, 0, 0, 0, 0, 0, 0, 0, 0, 0, 0, 0, 0, 0, 0, 0, 0, 0, 0, 0, 0, 0, 0, 0, 0, 0, 0, 0, 1, 0, 0, 0, 0, 0, 0, 1, 0, 0, 0, 0]","[0, 0, 3, 0, 2, 3, 8, 0, 0, 3, 2, 0, 3, 3, 40, 1, 1, 2, 16, 1, 2, 11, 1, 3, 2, 3, 6, 1, 2, 1, 3, 1, 2, 0, 1, 0, 11, 15, 2, 1, 0, 0, 0, 9, 2, 6, 2]","[0, 1, 0, 0, 0, 0, 0, 2, 1, 0, 0, 1, 0, 0, 0, 0, 0, 0, 0, 0, 0, 0, 0, 0, 0, 0, 0, 0, 0, 0, 0, 0, 0, 2, 0, 0, 0, 0, 0, 0, 1, 1, 0, 0, 0, 0, 0]",False,False,False,False
outlook.com,captura_0000114_H123.csv,14,4,187,9,"[1, 0, 0, 1, 0, 0, 0, 0, 0, 0, 0, 0, 0, 0, 0, 0, 0, 0, 0, 0, 0, 0, 0, 0, 0, 0, 0, 0, 0, 0, 0, 0, 0, 0, 1, 0, 0, 0, 0, 0, 0, 0, 1, 0, 0, 0]","[0, 0, 3, 0, 2, 3, 10, 0, 0, 2, 0, 3, 52, 3, 1, 1, 2, 16, 1, 2, 11, 1, 3, 2, 6, 3, 1, 2, 2, 1, 1, 2, 0, 1, 0, 13, 15, 2, 1, 0, 0, 2, 0, 9, 6, 2]","[0, 1, 0, 0, 0, 0, 0, 2, 1, 0, 1, 0, 0, 0, 0, 0, 0, 0, 0, 0, 0, 0, 0, 0, 0, 0, 0, 0, 0, 0, 0, 0, 2, 0, 0, 0, 0, 0, 0, 1, 1, 0, 0, 0, 0, 0]",False,False,False,False
outlook.com,captura_0000114_H123.csv,15,5,185,9,"[1, 0, 0, 1, 0, 0, 0, 0, 0, 0, 0, 0, 0, 0, 0, 0, 0, 0, 0, 0, 0, 0, 0, 1, 0, 0, 0, 0, 0, 0, 0, 0, 0, 0, 1, 0, 0, 0, 0, 0, 0, 0, 0, 0, 0, 1, 0, 0]","[0, 0, 3, 0, 2, 3, 9, 0, 3, 0, 0, 2, 49, 3, 3, 1, 1, 2, 1, 17, 2, 11, 1, 0, 2, 3, 3, 6, 2, 1, 1, 2, 1, 0, 0, 1, 11, 2, 15, 2, 1, 0, 9, 2, 0, 0, 2, 6]","[0, 1, 0, 0, 0, 0, 0, 2, 0, 1, 1, 0, 0, 0, 0, 0, 0, 0, 0, 0, 0, 0, 0, 0, 0, 0, 0, 0, 0, 0, 0, 0, 0, 2, 0, 0, 0, 0, 0, 0, 0, 1, 0, 0, 1, 0, 0, 0]",False,False,False,False
outlook.com,captura_0000114_H123.csv,16,2,146,4,"[1, 0, 0, 1, 0, 0, 0, 0, 0, 0, 0, 0, 0, 0, 0, 0, 0, 0, 0, 0, 0, 0, 0, 0, 0, 0, 0, 0, 0, 0]","[0, 0, 3, 0, 2, 3, 11, 0, 2, 6, 0, 0, 45, 3, 3, 1, 1, 2, 16, 1, 2, 2, 3, 2, 3, 6, 2, 11, 15, 1]","[0, 1, 0, 0, 0, 0, 0, 1, 0, 0, 1, 1, 0, 0, 0, 0, 0, 0, 0, 0, 0, 0, 0, 0, 0, 0, 0, 0, 0, 0]",False,False,False,False
outlook.com,captura_0000114_H123.csv,17,3,143,5,"[1, 0, 0, 1, 0, 0, 0, 0, 0, 0, 0, 0, 0, 0, 1, 0, 0, 0, 0, 0, 0, 0, 0, 0, 0, 0, 0, 0, 0, 0, 0]","[0, 0, 3, 0, 2, 3, 8, 0, 0, 0, 2, 3, 3, 47, 0, 1, 1, 2, 1, 16, 3, 2, 3, 2, 5, 3, 2, 9, 15, 1, 6]","[0, 1, 0, 0, 0, 0, 0, 2, 1, 1, 0, 0, 0, 0, 0, 0, 0, 0, 0, 0, 0, 0, 0, 0, 0, 0, 0, 0, 0, 0, 0]",False,False,False,False
outlook.com,captura_0000114_H123.csv,18,3,145,5,"[1, 0, 1, 0, 0, 0, 0, 0, 0, 0, 0, 0, 0, 0, 0, 0, 0, 0, 0, 0, 0, 0, 0, 0, 0, 0, 0, 0, 0, 0, 1]","[0, 0, 0, 3, 2, 3, 6, 0, 0, 2, 0, 6, 3, 3, 47, 1, 1, 2, 16, 1, 3, 2, 3, 3, 3, 7, 2, 13, 12, 1, 0]","[0, 1, 0, 0, 0, 0, 0, 2, 1, 0, 1, 0, 0, 0, 0, 0, 0, 0, 0, 0, 0, 0, 0, 0, 0, 0, 0, 0, 0, 0, 0]",False,False,False,False
outlook.com,captura_0000114_H123.csv,19,2,148,3,"[1, 1, 0, 0, 0, 0, 0, 0, 0, 0, 0, 0, 0, 0, 0, 0, 0, 0, 0, 0, 0, 0, 0, 0, 0, 0, 0, 0, 0]","[0, 0, 3, 0, 2, 3, 11, 0, 0, 2, 5, 3, 3, 46, 1, 1, 1, 2, 17, 2, 2, 3, 3, 3, 6, 2, 11, 15, 1]","[0, 0, 0, 1, 0, 0, 0, 1, 1, 0, 0, 0, 0, 0, 0, 0, 0, 0, 0, 0, 0, 0, 0, 0, 0, 0, 0, 0, 0]",False,False,False,False
outlook.com,captura_0000114_H123.csv,20,2,138,5,"[1, 0, 0, 1, 0, 0, 0, 0, 0, 0, 0, 0, 0, 0, 0, 0, 0, 0, 0, 0, 0, 0, 0, 0, 0, 0, 0, 0, 0, 0]","[0, 0, 3, 0, 2, 3, 8, 6, 0, 0, 2, 0, 40, 3, 3, 1, 1, 3, 16, 1, 2, 2, 3, 2, 6, 3, 3, 11, 12, 2]","[0, 1, 0, 0, 0, 0, 0, 0, 2, 1, 0, 1, 0, 0, 0, 0, 0, 0, 0, 0, 0, 0, 0, 0, 0, 0, 0, 0, 0, 0]",False,False,False,False
paypal.com,captura_0000152_H123.csv,3,1,41,82,"[1, 0, 0, 0, 0, 0, 0, 0, 0, 0, 0, 0, 0, 0, 0, 0, 0]","[0, 0, 1, 10, 1, 0, 0, 9, 1, 4, 2, 2, 2, 0, 7, 0, 2]","[0, 1, 0, 0, 0, 23, 39, 0, 0, 0, 0, 0, 0, 17, 0, 2, 0]",False,False,False,False
paypal.com,captura_0000152_H123.csv,4,1,42,83,"[1, 0, 0, 0, 0, 0, 0, 0, 0, 0, 0, 0, 0, 0, 0, 0, 0]","[0, 0, 2, 10, 0, 0, 1, 9, 1, 4, 2, 2, 2, 7, 0, 0, 2]","[0, 1, 0, 0, 23, 39, 0, 0, 0, 0, 0, 0, 0, 0, 18, 2, 0]",False,False,False,False
paypal.com,captura_0000152_H123.csv,5,1,39,88,"[1, 0, 0, 0, 0, 0, 0, 0, 0, 0, 0, 0, 0, 0, 0, 0, 0]","[0, 0, 1, 10, 0, 0, 1, 8, 1, 4, 2, 2, 6, 2, 0, 0, 2]","[0, 1, 0, 0, 23, 39, 0, 0, 0, 0, 0, 0, 0, 0, 23, 2, 0]",False,False,False,False
paypal.com,captura_0000152_H123.csv,6,1,43,86,"[1, 0, 0, 0, 0, 0, 0, 0, 0, 0, 0, 0, 0, 0, 0, 0, 0]","[0, 0, 1, 10, 0, 0, 1, 10, 1, 4, 2, 2, 2, 8, 0, 0, 2]","[0, 1, 0, 0, 23, 39, 0, 0, 0, 0, 0, 0, 0, 0, 21, 2, 0]",False,False,False,False
paypal.com,captura_0000152_H123.csv,7,1,38,88,"[1, 0, 0, 0, 0, 0, 0, 0, 0, 0, 0, 0, 0, 0, 0, 0, 0]","[0, 0, 1, 10, 0, 0, 1, 8, 1, 4, 2, 2, 2, 0, 5, 0, 2]","[0, 1, 0, 0, 25, 39, 0, 0, 0, 0, 0, 0, 0, 21, 0, 2, 0]",False,False,False,False
paypal.com,captura_0000152_H123.csv,8,1,38,88,"[1, 0, 0, 0, 0, 0, 0, 0, 0, 0, 0, 0, 0, 0, 0, 0, 0]","[0, 0, 1, 10, 0, 0, 1, 8, 1, 4, 2, 2, 2, 5, 0, 0, 2]","[0, 1, 0, 0, 25, 39, 0, 0, 0, 0, 0, 0, 0, 0, 21, 2, 0]",False,False,False,False
paypal.com,captura_0000152_H123.csv,9,1,40,85,"[1, 0, 0, 0, 0, 0, 0, 0, 0, 0, 0, 0, 0, 0, 0, 0, 0]","[0, 0, 1, 10, 0, 0, 1, 9, 1, 4, 2, 6, 2, 2, 0, 0, 2]","[0, 1, 0, 0, 25, 39, 0, 0, 0, 0, 0, 0, 0, 0, 18, 2, 0]",False,False,False,False
paypal.com,captura_0000152_H123.csv,10,1,40,87,"[1, 0, 0, 0, 0, 0, 0, 0, 0, 0, 0, 0, 0, 0, 0, 0, 0]","[0, 0, 1, 10, 1, 0, 0, 9, 1, 4, 2, 2, 6, 2, 0, 0, 2]","[0, 1, 0, 0, 0, 24, 39, 0, 0, 0, 0, 0, 0, 0, 21, 2, 0]",False,False,False,False
paypal.com,captura_0000152_H123.csv,11,1,42,86,"[1, 0, 0, 0, 0, 0, 0, 0, 0, 0, 0, 0, 0, 0, 0, 0, 0, 0]","[0, 0, 1, 12, 0, 0, 1, 8, 1, 4, 1, 2, 2, 2, 6, 0, 0, 2]","[0, 1, 0, 0, 25, 39, 0, 0, 0, 0, 0, 0, 0, 0, 0, 19, 2, 0]",False,False,False,False
paypal.com,captura_0000152_H123.csv,12,1,39,83,"[1, 0, 0, 0, 0, 0, 0, 0, 0, 0, 0, 0, 0, 0, 0, 0, 0]","[0, 0, 1, 10, 0, 0, 1, 9, 1, 4, 2, 2, 2, 5, 0, 0, 2]","[0, 1, 0, 0, 24, 39, 0, 0, 0, 0, 0, 0, 0, 0, 17, 2, 0]",False,False,False,False
paypal.com,captura_0000152_H123.csv,13,1,43,83,"[1, 0, 0, 0, 0, 0, 0, 0, 0, 0, 0, 0, 0, 0, 0, 0, 0]","[0, 0, 1, 10, 0, 0, 1, 10, 1, 4, 8, 2, 2, 2, 0, 0, 2]","[0, 1, 0, 0, 24, 39, 0, 0, 0, 0, 0, 0, 0, 0, 17, 2, 0]",False,False,False,False
paypal.com,captura_0000152_H123.csv,16,1,40,84,"[1, 0, 0, 0, 0, 0, 0, 0, 0, 0, 0, 0, 0, 0, 0, 0, 0]","[0, 0, 1, 10, 0, 0, 1, 9, 4, 1, 2, 6, 2, 2, 0, 0, 2]","[0, 1, 0, 0, 24, 39, 0, 0, 0, 0, 0, 0, 0, 0, 18, 2, 0]",False,False,False,False
paypal.com,captura_0000152_H123.csv,17,1,39,89,"[1, 0, 0, 0, 0, 0, 0, 0, 0, 0, 0, 0, 0, 0, 0, 0, 0]","[0, 0, 1, 10, 0, 0, 1, 8, 1, 4, 2, 2, 2, 6, 0, 0, 2]","[0, 1, 0, 0, 24, 39, 0, 0, 0, 0, 0, 0, 0, 0, 23, 2, 0]",False,False,False,False
paypal.com,captura_0000152_H123.csv,18,1,39,85,"[1, 0, 0, 0, 0, 0, 0, 0, 0, 0, 0, 0, 0, 0, 0, 0, 0]","[0, 0, 1, 10, 0, 0, 1, 8, 1, 4, 2, 2, 2, 6, 0, 0, 2]","[0, 1, 0, 0, 24, 39, 0, 0, 0, 0, 0, 0, 0, 0, 19, 2, 0]",False,False,False,False
paypal.com,captura_0000152_H123.csv,19,1,39,84,"[1, 0, 0, 0, 0, 0, 0, 0, 0, 0, 0, 0, 0, 0, 0, 0, 0]","[0, 0, 1, 10, 0, 0, 1, 9, 1, 4, 2, 2, 2, 5, 0, 0, 2]","[0, 1, 0, 0, 24, 39, 0, 0, 0, 0, 0, 0, 0, 0, 18, 2, 0]",False,False,False,False
pinterest.com,captura_0000045_H123.csv,4,1,52,286,"[1, 0, 0, 0, 0, 0, 0, 0, 0, 0, 0, 0, 0, 0, 0, 0, 0, 0, 0, 0, 0, 0, 0]","[0, 0, 5, 12, 0, 0, 0, 1, 2, 15, 0, 0, 1, 0, 0, 6, 2, 0, 3, 0, 0, 2, 3]","[0, 1, 0, 0, 1, 260, 3, 0, 0, 0, 4, 1, 0, 1, 1, 0, 0, 2, 0, 10, 2, 0, 0]",False,False,False,False
pinterest.com,captura_0000045_H123.csv,5,1,46,298,"[1, 0, 0, 0, 0, 0, 0, 0, 0, 0, 0, 0, 0, 0, 0, 0, 0, 0, 0, 0, 0, 0]","[0, 0, 5, 12, 0, 0, 0, 1, 0, 9, 0, 1, 0, 2, 6, 2, 0, 3, 0, 0, 2, 3]","[0, 1, 0, 0, 1, 262, 2, 0, 14, 0, 1, 0, 1, 0, 0, 0, 2, 0, 12, 2, 0, 0]",False,False,False,False
pinterest.com,captura_0000045_H123.csv,6,1,41,324,"[1, 0, 0, 0, 0, 0, 0, 0, 0, 0, 0, 0, 0, 0, 0, 0, 0, 0, 0, 0, 0]","[0, 0, 9, 13, 0, 0, 0, 1, 2, 0, 0, 1, 0, 5, 2, 0, 3, 0, 0, 2, 3]","[0, 1, 0, 0, 1, 289, 2, 0, 0, 14, 1, 0, 1, 0, 0, 2, 0, 11, 2, 0, 0]",False,False,False,False
pinterest.com,captura_0000045_H123.csv,7,1,45,328,"[1, 0, 0, 0, 0, 0, 0, 0, 0, 0, 0, 0, 0, 0, 0, 0, 0, 0, 0, 0]","[0, 0, 5, 9, 0, 0, 1, 11, 1, 0, 2, 0, 0, 6, 2, 3, 0, 0, 2, 3]","[0, 1, 0, 0, 23, 287, 0, 0, 0, 1, 0, 2, 1, 0, 0, 0, 11, 2, 0, 0]",False,False,False,False
pinterest.com,captura_0000045_H123.csv,8,1,48,306,"[1, 0, 0, 0, 0, 0, 0, 0, 0, 0, 0, 0, 0, 0, 0, 0, 0, 0, 0, 0, 0]","[0, 0, 5, 0, 12, 0, 0, 1, 12, 2, 0, 0, 1, 2, 3, 0, 5, 0, 0, 2, 3]","[0, 1, 0, 1, 0, 254, 7, 0, 0, 0, 24, 4, 0, 0, 0, 2, 0, 11, 2, 0, 0]",False,False,False,False
pinterest.com,captura_0000045_H123.csv,9,1,46,292,"[1, 0, 0, 0, 0, 0, 0, 0, 0, 0, 0, 0, 0, 0, 0, 0, 0, 0, 0, 0, 0, 0]","[0, 0, 5, 13, 0, 0, 0, 1, 0, 9, 0, 1, 0, 2, 1, 0, 3, 0, 6, 0, 2, 3]","[0, 1, 0, 0, 1, 257, 2, 0, 14, 0, 1, 0, 1, 0, 0, 2, 0, 11, 0, 2, 0, 0]",False,False,False,False
pinterest.com,captura_0000045_H123.csv,11,1,38,346,"[1, 0, 0, 0, 0, 0, 0, 0, 0, 0, 0, 0, 0, 0, 0, 0, 0, 0, 0]","[0, 0, 9, 9, 0, 0, 1, 0, 1, 0, 6, 2, 2, 0, 3, 0, 0, 2, 3]","[0, 1, 0, 0, 25, 301, 0, 1, 0, 1, 0, 0, 0, 2, 0, 13, 2, 0, 0]",False,False,False,False
pinterest.com,captura_0000045_H123.csv,12,1,49,308,"[1, 0, 0, 0, 0, 0, 0, 0, 0, 0, 0, 0, 0, 0, 0, 0, 0, 0, 0, 0, 0, 0, 0]","[0, 0, 1, 6, 5, 12, 0, 0, 0, 1, 0, 12, 0, 1, 0, 2, 1, 3, 0, 0, 0, 2, 3]","[0, 1, 0, 0, 0, 0, 1, 253, 21, 0, 15, 0, 1, 0, 1, 0, 0, 0, 2, 11, 2, 0, 0]",False,False,False,False
pinterest.com,captura_0000045_H123.csv,14,1,49,286,"[1, 0, 0, 0, 0, 0, 0, 0, 0, 0, 0, 0, 0, 0, 0, 0, 0, 0, 0, 0]","[0, 0, 5, 13, 0, 0, 0, 1, 0, 11, 1, 2, 3, 2, 0, 0, 0, 6, 2, 3]","[0, 1, 0, 0, 1, 252, 2, 0, 14, 0, 0, 0, 0, 0, 12, 2, 2, 0, 0, 0]",False,False,False,False
pinterest.com,captura_0000045_H123.csv,15,1,48,373,"[1, 0, 0, 0, 0, 0, 0, 0, 0, 0, 0, 0, 0, 0, 0, 0, 0, 0, 0, 0, 0, 0, 0, 0, 0]","[0, 0, 5, 10, 4, 0, 0, 0, 1, 9, 0, 0, 2, 1, 0, 0, 0, 0, 6, 2, 3, 0, 0, 2, 3]","[0, 1, 0, 0, 0, 1, 346, 2, 0, 0, 4, 1, 0, 0, 1, 1, 1, 2, 0, 0, 0, 11, 2, 0, 0]",False,False,False,False
pinterest.com,captura_0000045_H123.csv,16,1,47,299,"[1, 0, 0, 0, 0, 0, 0, 0, 0, 0, 0, 0, 0, 0, 0, 0, 0, 0, 0, 0]","[0, 0, 5, 0, 9, 0, 0, 1, 12, 0, 1, 0, 2, 2, 7, 3, 0, 0, 2, 3]","[0, 1, 0, 1, 0, 275, 2, 0, 0, 4, 0, 2, 0, 0, 0, 0, 12, 2, 0, 0]",False,False,False,False
pinterest.com,captura_0000045_H123.csv,17,1,56,294,"[1, 0, 0, 0, 0, 0, 0, 0, 0, 0, 0, 0, 0, 0, 0, 0, 0, 0, 0, 0, 0, 0]","[0, 0, 5, 13, 0, 0, 0, 1, 19, 0, 0, 1, 2, 0, 2, 0, 3, 5, 0, 0, 2, 3]","[0, 1, 0, 0, 1, 267, 2, 0, 0, 5, 1, 0, 0, 1, 0, 2, 0, 0, 12, 2, 0, 0]",False,False,False,False
pinterest.com,captura_0000045_H123.csv,18,1,45,296,"[1, 0, 0, 0, 0, 0, 0, 0, 0, 0, 0, 0, 0, 0, 0, 0, 0, 0, 0, 0, 0, 0]","[0, 0, 5, 12, 0, 0, 0, 1, 0, 0, 8, 1, 0, 2, 2, 3, 0, 6, 0, 0, 2, 3]","[0, 1, 0, 0, 1, 261, 2, 0, 13, 1, 0, 0, 1, 0, 0, 0, 2, 0, 12, 2, 0, 0]",False,False,False,False
pinterest.com,captura_0000045_H123.csv,19,1,45,301,"[1, 0, 0, 0, 0, 0, 0, 0, 0, 0, 0, 0, 0, 0, 0, 0, 0, 0, 0, 0, 0, 0]","[0, 0, 5, 11, 0, 0, 0, 1, 0, 10, 0, 1, 0, 2, 3, 2, 0, 0, 5, 0, 2, 3]","[0, 1, 0, 0, 1, 265, 2, 0, 14, 0, 1, 0, 1, 0, 0, 0, 12, 2, 0, 2, 0, 0]",False,False,False,False
pinterest.com,captura_0000045_H123.csv,20,1,43,298,"[1, 0, 0, 0, 0, 0, 0, 0, 0, 0, 0, 0, 0, 0, 0, 0, 0, 0, 0, 0, 0, 0]","[0, 0, 5, 12, 0, 0, 0, 1, 0, 8, 0, 1, 0, 2, 1, 0, 3, 5, 0, 0, 2, 3]","[0, 1, 0, 0, 1, 259, 4, 0, 14, 0, 1, 0, 1, 0, 0, 2, 0, 0, 13, 2, 0, 0]",False,False,False,False
pki.goog,captura_0000142_H123.csv,1,1,28,5,"[1, 0, 0, 0, 0, 0, 0, 0, 0, 0, 0, 0, 0]","[0, 0, 8, 0, 1, 2, 2, 2, 4, 0, 1, 2, 6]","[0, 1, 0, 2, 0, 0, 0, 0, 0, 2, 0, 0, 0]",False,False,False,False
pki.goog,captura_0000142_H123.csv,2,1,28,5,"[1, 0, 0, 0, 0, 0, 0, 0, 0, 0, 0, 0, 0]","[0, 0, 8, 0, 1, 2, 2, 2, 4, 0, 1, 2, 6]","[0, 1, 0, 2, 0, 0, 0, 0, 0, 2, 0, 0, 0]",False,False,False,False
pki.goog,captura_0000142_H123.csv,3,1,28,5,"[1, 0, 0, 0, 0, 0, 0, 0, 0, 0, 0, 0, 0]","[0, 0, 8, 0, 1, 2, 2, 2, 4, 0, 1, 2, 6]","[0, 1, 0, 2, 0, 0, 0, 0, 0, 2, 0, 0, 0]",False,False,False,False
pki.goog,captura_0000142_H123.csv,4,1,28,5,"[1, 0, 0, 0, 0, 0, 0, 0, 0, 0, 0, 0, 0]","[0, 0, 8, 0, 1, 2, 2, 2, 4, 0, 1, 2, 6]","[0, 1, 0, 2, 0, 0, 0, 0, 0, 2, 0, 0, 0]",False,False,False,False
pki.goog,captura_0000142_H123.csv,5,1,28,5,"[1, 0, 0, 0, 0, 0, 0, 0, 0, 0, 0, 0, 0]","[0, 0, 8, 0, 1, 2, 2, 2, 0, 4, 1, 2, 6]","[0, 1, 0, 2, 0, 0, 0, 0, 2, 0, 0, 0, 0]",False,False,False,False
pki.goog,captura_0000142_H123.csv,6,1,28,5,"[1, 0, 0, 0, 0, 0, 0, 0, 0, 0, 0, 0, 0]","[0, 0, 8, 0, 1, 2, 2, 2, 4, 0, 1, 2, 6]","[0, 1, 0, 2, 0, 0, 0, 0, 0, 2, 0, 0, 0]",False,False,False,False
pki.goog,captura_0000142_H123.csv,7,1,28,5,"[1, 0, 0, 0, 0, 0, 0, 0, 0, 0, 0, 0, 0]","[0, 0, 8, 0, 1, 2, 2, 2, 4, 0, 1, 2, 6]","[0, 1, 0, 2, 0, 0, 0, 0, 0, 2, 0, 0, 0]",False,False,False,False
pki.goog,captura_0000142_H123.csv,8,1,28,5,"[1, 0, 0, 0, 0, 0, 0, 0, 0, 0, 0, 0, 0]","[0, 0, 8, 0, 1, 2, 2, 2, 4, 0, 1, 2, 6]","[0, 1, 0, 2, 0, 0, 0, 0, 0, 2, 0, 0, 0]",False,False,False,False
pki.goog,captura_0000142_H123.csv,9,1,28,5,"[1, 0, 0, 0, 0, 0, 0, 0, 0, 0, 0, 0, 0]","[0, 0, 8, 0, 1, 2, 2, 2, 4, 0, 1, 2, 6]","[0, 1, 0, 2, 0, 0, 0, 0, 0, 2, 0, 0, 0]",False,False,False,False
pki.goog,captura_0000142_H123.csv,10,1,28,5,"[1, 0, 0, 0, 0, 0, 0, 0, 0, 0, 0, 0, 0]","[0, 0, 8, 0, 1, 2, 2, 2, 4, 0, 1, 2, 6]","[0, 1, 0, 2, 0, 0, 0, 0, 0, 2, 0, 0, 0]",False,False,False,False
pki.goog,captura_0000142_H123.csv,12,1,28,5,"[1, 0, 0, 0, 0, 0, 0, 0, 0, 0, 0, 0, 0]","[0, 0, 8, 0, 1, 2, 2, 2, 4, 0, 1, 2, 6]","[0, 1, 0, 2, 0, 0, 0, 0, 0, 2, 0, 0, 0]",False,False,False,False
pki.goog,captura_0000142_H123.csv,14,1,28,5,"[1, 0, 0, 0, 0, 0, 0, 0, 0, 0, 0, 0, 0]","[0, 0, 8, 0, 1, 2, 2, 2, 4, 0, 1, 2, 6]","[0, 1, 0, 2, 0, 0, 0, 0, 0, 2, 0, 0, 0]",False,False,False,False
pki.goog,captura_0000142_H123.csv,15,1,28,5,"[1, 0, 0, 0, 0, 0, 0, 0, 0, 0, 0, 0, 0]","[0, 0, 8, 0, 1, 2, 2, 2, 4, 0, 1, 2, 6]","[0, 1, 0, 2, 0, 0, 0, 0, 0, 2, 0, 0, 0]",False,False,False,False
pki.goog,captura_0000142_H123.csv,16,1,28,5,"[1, 0, 0, 0, 0, 0, 0, 0, 0, 0, 0, 0, 0]","[0, 0, 8, 0, 1, 2, 2, 2, 4, 0, 1, 2, 6]","[0, 1, 0, 2, 0, 0, 0, 0, 0, 2, 0, 0, 0]",False,False,False,False
pki.goog,captura_0000142_H123.csv,18,1,28,5,"[1, 0, 0, 0, 0, 0, 0, 0, 0, 0, 0, 0, 0]","[0, 0, 8, 0, 1, 2, 2, 2, 4, 0, 1, 2, 6]","[0, 1, 0, 2, 0, 0, 0, 0, 0, 2, 0, 0, 0]",False,False,False,False
pki.goog,captura_0000142_H123.csv,19,1,28,5,"[1, 0, 0, 0, 0, 0, 0, 0, 0, 0, 0, 0, 0]","[0, 0, 8, 0, 1, 2, 2, 2, 4, 0, 1, 2, 6]","[0, 1, 0, 2, 0, 0, 0, 0, 0, 2, 0, 0, 0]",False,False,False,False
pki.goog,captura_0000142_H123.csv,20,1,28,5,"[1, 0, 0, 0, 0, 0, 0, 0, 0, 0, 0, 0, 0]","[0, 0, 8, 0, 1, 2, 2, 2, 4, 0, 1, 2, 6]","[0, 1, 0, 2, 0, 0, 0, 0, 0, 2, 0, 0, 0]",False,False,False,False
qq.com,captura_0000089_H123.csv,1,1,198,64,"[1, 0, 0, 0, 0, 0, 0, 0, 0, 0, 0, 0, 0, 0, 0, 0, 0, 0, 0, 0, 0, 0, 0, 0, 0, 0, 0, 0]","[0, 0, 1, 32, 14, 5, 0, 2, 1, 0, 2, 1, 45, 7, 6, 0, 1, 1, 1, 2, 2, 1, 5, 5, 57, 2, 3, 2]","[0, 1, 0, 0, 0, 0, 2, 0, 0, 2, 0, 0, 0, 0, 0, 59, 0, 0, 0, 0, 0, 0, 0, 0, 0, 0, 0, 0]",False,False,False,False
qq.com,captura_0000089_H123.csv,3,1,204,60,"[1, 0, 0, 0, 0, 0, 0, 0, 0, 0, 0, 0, 0, 0, 0, 0, 0, 0, 0, 0, 0, 0, 0, 0, 0]","[0, 0, 1, 33, 14, 2, 1, 0, 1, 45, 6, 2, 8, 2, 0, 2, 2, 1, 1, 7, 5, 2, 64, 3, 2]","[0, 1, 0, 0, 0, 0, 0, 2, 0, 0, 0, 0, 0, 0, 57, 0, 0, 0, 0, 0, 0, 0, 0, 0, 0]",False,False,False,False
qq.com,captura_0000089_H123.csv,4,1,180,59,"[1, 0, 0, 0, 0, 0, 0, 0, 0, 0, 0, 0, 0, 0, 0, 0, 0, 0, 0, 0, 0, 0, 0, 0, 0, 0]","[0, 1, 1, 5, 35, 0, 15, 1, 2, 0, 1, 2, 4, 9, 45, 2, 0, 6, 1, 2, 2, 1, 5, 2, 3, 35]","[0, 0, 0, 0, 0, 1, 0, 0, 0, 2, 0, 0, 0, 0, 0, 0, 56, 0, 0, 0, 0, 0, 0, 0, 0, 0]",False,False,False,False
qq.com,captura_0000089_H123.csv,5,1,229,63,"[1, 0, 0, 0, 0, 0, 0, 0, 0, 0, 0, 0, 0, 0, 0, 0, 0, 0, 0, 0, 0, 0, 0, 0, 0, 0, 0]","[0, 0, 1, 14, 34, 5, 0, 1, 2, 1, 45, 2, 0, 5, 2, 9, 0, 0, 2, 2, 1, 5, 5, 86, 3, 2, 2]","[0, 1, 0, 0, 0, 0, 1, 0, 0, 0, 0, 0, 2, 0, 0, 0, 58, 1, 0, 0, 0, 0, 0, 0, 0, 0, 0]",False,False,False,False
qq.com,captura_0000089_H123.csv,6,1,220,32,"[1, 0, 0, 0, 0, 0, 0, 0, 0, 0, 0, 0, 0, 0, 0, 0, 0, 0, 0, 0, 0, 0, 0, 0, 0, 0, 0, 0]","[0, 0, 1, 36, 6, 15, 0, 1, 2, 0, 45, 1, 2, 6, 11, 0, 1, 1, 0, 2, 2, 1, 2, 5, 5, 70, 3, 2]","[0, 1, 0, 0, 0, 0, 1, 0, 0, 2, 0, 0, 0, 0, 0, 27, 0, 0, 1, 0, 0, 0, 0, 0, 0, 0, 0, 0]",False,False,False,False
qq.com,captura_0000089_H123.csv,7,1,176,59,"[1, 0, 0, 0, 0, 0, 0, 0, 0, 0, 0, 0, 0, 0, 0, 0, 0, 0, 0, 0, 0, 0, 0, 0, 0, 0]","[0, 0, 1, 13, 32, 1, 2, 1, 2, 0, 6, 45, 7, 0, 8, 2, 2, 0, 2, 1, 1, 5, 5, 3, 35, 2]","[0, 1, 0, 0, 0, 0, 0, 0, 0, 2, 0, 0, 0, 1, 0, 0, 0, 55, 0, 0, 0, 0, 0, 0, 0, 0]",False,False,False,False
qq.com,captura_0000089_H123.csv,8,1,180,61,"[1, 0, 0, 0, 0, 0, 0, 0, 0, 0, 0, 0, 0, 0, 0, 0, 0, 0, 0, 0, 0, 0, 0, 0, 0, 0]","[0, 0, 1, 14, 30, 5, 0, 1, 2, 1, 0, 45, 2, 4, 8, 2, 0, 0, 2, 2, 1, 5, 5, 2, 45, 3]","[0, 1, 0, 0, 0, 0, 1, 0, 0, 0, 2, 0, 0, 0, 0, 0, 56, 1, 0, 0, 0, 0, 0, 0, 0, 0]",False,False,False,False
qq.com,captura_0000089_H123.csv,10,1,230,5,"[1, 0, 0, 0, 0, 0, 0, 0, 0, 0, 0, 0, 0, 0, 0, 0, 0, 0, 0, 0, 0, 0, 0, 0, 0, 0, 0]","[0, 0, 1, 32, 15, 5, 0, 2, 0, 1, 2, 1, 45, 6, 33, 0, 1, 2, 2, 1, 1, 5, 5, 2, 63, 3, 2]","[0, 1, 0, 0, 0, 0, 1, 0, 2, 0, 0, 0, 0, 0, 0, 1, 0, 0, 0, 0, 0, 0, 0, 0, 0, 0, 0]",False,False,False,False
qq.com,captura_0000089_H123.csv,11,1,194,61,"[1, 0, 0, 0, 0, 0, 0, 0, 0, 0, 0, 0, 0, 0, 0, 0, 0, 0, 0, 0, 0, 0, 0, 0, 0, 0]","[0, 0, 1, 15, 39, 5, 0, 1, 2, 1, 2, 0, 6, 45, 2, 11, 0, 2, 0, 2, 1, 5, 5, 3, 44, 2]","[0, 1, 0, 0, 0, 0, 2, 0, 0, 0, 0, 2, 0, 0, 0, 0, 55, 0, 1, 0, 0, 0, 0, 0, 0, 0]",False,False,False,False
qq.com,captura_0000089_H123.csv,12,1,184,37,"[1, 0, 0, 0, 0, 0, 0, 0, 0, 0, 0, 0, 0, 0, 0, 0, 0, 0, 0, 0, 0, 0, 0, 0, 0, 0]","[0, 0, 1, 34, 15, 5, 0, 1, 2, 1, 0, 2, 46, 6, 10, 2, 0, 0, 2, 2, 1, 5, 5, 2, 39, 3]","[0, 1, 0, 0, 0, 0, 2, 0, 0, 0, 2, 0, 0, 0, 0, 0, 31, 1, 0, 0, 0, 0, 0, 0, 0, 0]",False,False,False,False
qq.com,captura_0000089_H123.csv,13,1,195,58,"[1, 0, 0, 0, 0, 0, 0, 0, 0, 0, 0, 0, 0, 0, 0, 0, 0, 0, 0, 0, 0, 0, 0, 0, 0]","[0, 0, 1, 14, 42, 6, 1, 2, 1, 46, 2, 0, 7, 2, 15, 0, 0, 2, 2, 6, 1, 5, 35, 3, 2]","[0, 1, 0, 0, 0, 0, 0, 0, 0, 0, 0, 2, 0, 0, 0, 54, 1, 0, 0, 0, 0, 0, 0, 0, 0]",False,False,False,False
qq.com,captura_0000089_H123.csv,14,1,208,64,"[1, 0, 0, 0, 0, 0, 0, 0, 0, 0, 0, 0, 0, 0, 0, 0, 0, 0, 0, 0, 0, 0, 0, 0, 0, 0, 0]","[0, 0, 1, 34, 6, 0, 15, 2, 0, 1, 2, 45, 1, 7, 10, 2, 0, 0, 2, 2, 6, 1, 5, 2, 59, 3, 2]","[0, 1, 0, 0, 0, 3, 0, 0, 2, 0, 0, 0, 0, 0, 0, 0, 57, 1, 0, 0, 0, 0, 0, 0, 0, 0, 0]",False,False,False,False
qq.com,captura_0000089_H123.csv,15,1,197,64,"[1, 0, 0, 0, 0, 0, 0, 0, 0, 0, 0, 0, 0, 0, 0, 0, 0, 0, 0, 0, 0, 0, 0, 0, 0, 0]","[0, 0, 1, 14, 39, 5, 0, 1, 2, 1, 2, 0, 45, 6, 2, 8, 0, 2, 0, 2, 1, 5, 5, 3, 2, 51]","[0, 1, 0, 0, 0, 0, 2, 0, 0, 0, 0, 2, 0, 0, 0, 0, 58, 0, 1, 0, 0, 0, 0, 0, 0, 0]",False,False,False,False
qq.com,captura_0000089_H123.csv,17,1,196,28,"[1, 0, 0, 0, 0, 0, 0, 0, 0, 0, 0, 0, 0, 0, 0, 0, 0, 0, 0, 0, 0, 0, 0, 0, 0, 0, 0, 0]","[0, 0, 1, 38, 15, 5, 0, 1, 2, 0, 46, 1, 2, 7, 9, 1, 1, 2, 1, 0, 2, 1, 5, 5, 2, 44, 3, 2]","[0, 1, 0, 0, 0, 0, 1, 0, 0, 2, 0, 0, 0, 0, 0, 0, 0, 0, 0, 24, 0, 0, 0, 0, 0, 0, 0, 0]",False,False,False,False
qq.com,captura_0000089_H123.csv,18,1,177,62,"[1, 0, 0, 0, 0, 0, 0, 0, 0, 0, 0, 0, 0, 0, 0, 0, 0, 0, 0, 0, 0, 0, 0, 0, 0]","[0, 0, 1, 15, 37, 5, 1, 2, 1, 2, 0, 45, 4, 2, 8, 0, 0, 2, 2, 1, 5, 5, 2, 3, 34]","[0, 1, 0, 0, 0, 0, 0, 0, 0, 0, 2, 0, 0, 0, 0, 58, 1, 0, 0, 0, 0, 0, 0, 0, 0]",False,False,False,False
qq.com,captura_0000089_H123.csv,19,1,177,29,"[1, 0, 0, 0, 0, 0, 0, 0, 0, 0, 0, 0, 0, 0, 0, 0, 0, 0, 0, 0, 0, 0, 0, 0]","[0, 0, 1, 32, 15, 1, 2, 0, 1, 45, 2, 6, 2, 8, 0, 2, 2, 1, 1, 5, 5, 2, 41, 3]","[0, 1, 0, 0, 0, 0, 0, 2, 0, 0, 0, 0, 0, 0, 26, 0, 0, 0, 0, 0, 0, 0, 0, 0]",False,False,False,False
qq.com,captura_0000089_H123.csv,20,1,223,63,"[1, 0, 0, 0, 0, 0, 0, 0, 0, 0, 0, 0, 0, 0, 0, 0, 0, 0, 0, 0, 0, 0, 0, 0, 0, 0, 0, 0]","[0, 0, 1, 32, 13, 5, 0, 2, 2, 0, 1, 1, 45, 10, 6, 0, 1, 2, 1, 1, 2, 1, 5, 5, 2, 80, 3, 2]","[0, 1, 0, 0, 0, 0, 1, 0, 0, 2, 0, 0, 0, 0, 0, 59, 0, 0, 0, 0, 0, 0, 0, 0, 0, 0, 0, 0]",False,False,False,False
reddit.com,captura_0000099_H123.csv,1,1,9,3,"[1, 0, 0, 0, 0]","[0, 0, 3, 6, 0]","[0, 1, 0, 0, 2]",False,False,False,False
reddit.com,captura_0000099_H123.csv,2,1,9,3,"[1, 0, 0, 0, 0]","[0, 0, 3, 6, 0]","[0, 1, 0, 0, 2]",False,False,False,False
reddit.com,captura_0000099_H123.csv,3,1,9,3,"[1, 0, 0, 0, 0]","[0, 0, 3, 6, 0]","[0, 1, 0, 0, 2]",False,False,False,False
reddit.com,captura_0000099_H123.csv,4,1,9,3,"[1, 0, 0, 0, 0]","[0, 0, 3, 6, 0]","[0, 1, 0, 0, 2]",False,False,False,False
reddit.com,captura_0000099_H123.csv,5,1,9,3,"[1, 0, 0, 0, 0]","[0, 0, 3, 6, 0]","[0, 1, 0, 0, 2]",False,False,False,False
reddit.com,captura_0000099_H123.csv,7,1,9,3,"[1, 0, 0, 0, 0]","[0, 0, 3, 0, 6]","[0, 1, 0, 2, 0]",False,False,False,False
reddit.com,captura_0000099_H123.csv,8,1,9,3,"[1, 0, 0, 0, 0]","[0, 0, 3, 6, 0]","[0, 1, 0, 0, 2]",False,False,False,False
reddit.com,captura_0000099_H123.csv,9,1,9,3,"[1, 0, 0, 0, 0]","[0, 0, 3, 6, 0]","[0, 1, 0, 0, 2]",False,False,False,False
reddit.com,captura_0000099_H123.csv,10,1,9,3,"[1, 0, 0, 0, 0]","[0, 0, 3, 0, 6]","[0, 1, 0, 2, 0]",False,False,False,False
reddit.com,captura_0000099_H123.csv,11,1,9,3,"[1, 0, 0, 0, 0]","[0, 0, 3, 6, 0]","[0, 1, 0, 0, 2]",False,False,False,False
reddit.com,captura_0000099_H123.csv,12,1,9,3,"[1, 0, 0, 0, 0]","[0, 0, 3, 0, 6]","[0, 1, 0, 2, 0]",False,False,False,False
reddit.com,captura_0000099_H123.csv,13,1,9,3,"[1, 0, 0, 0, 0]","[0, 0, 3, 6, 0]","[0, 1, 0, 0, 2]",False,False,False,False
reddit.com,captura_0000099_H123.csv,14,1,9,3,"[1, 0, 0, 0, 0]","[0, 0, 3, 0, 6]","[0, 1, 0, 2, 0]",False,False,False,False
reddit.com,captura_0000099_H123.csv,15,1,9,3,"[1, 0, 0, 0, 0]","[0, 0, 3, 0, 6]","[0, 1, 0, 2, 0]",False,False,False,False
reddit.com,captura_0000099_H123.csv,16,1,9,3,"[1, 0, 0, 0, 0]","[0, 0, 3, 6, 0]","[0, 1, 0, 0, 2]",False,False,False,False
reddit.com,captura_0000099_H123.csv,17,1,9,3,"[1, 0, 0, 0, 0]","[0, 0, 3, 6, 0]","[0, 1, 0, 0, 2]",False,False,False,False
reddit.com,captura_0000099_H123.csv,18,1,9,3,"[1, 0, 0, 0, 0]","[0, 0, 3, 0, 6]","[0, 1, 0, 2, 0]",False,False,False,False
reddit.com,captura_0000099_H123.csv,19,1,9,3,"[1, 0, 0, 0, 0]","[0, 0, 3, 0, 6]","[0, 1, 0, 2, 0]",False,False,False,False
reddit.com,captura_0000099_H123.csv,20,1,9,3,"[1, 0, 0, 0, 0]","[0, 0, 3, 6, 0]","[0, 1, 0, 0, 2]",False,False,False,False
roblox.com,captura_0000072_H123.csv,1,1,94,1,"[1, 0, 0, 0, 0, 0, 0, 0, 0, 0, 0, 0]","[0, 0, 29, 9, 14, 23, 1, 3, 6, 1, 6, 2]","[0, 1, 0, 0, 0, 0, 0, 0, 0, 0, 0, 0]",False,False,False,False
roblox.com,captura_0000072_H123.csv,2,1,87,1,"[1, 0, 0, 0, 0, 0, 0, 0, 0, 0, 0, 0]","[0, 0, 29, 6, 12, 20, 1, 4, 6, 6, 1, 2]","[0, 1, 0, 0, 0, 0, 0, 0, 0, 0, 0, 0]",False,False,False,False
roblox.com,captura_0000072_H123.csv,3,1,95,1,"[1, 0, 0, 0, 0, 0, 0, 0, 0, 0, 0, 0]","[0, 0, 33, 15, 6, 22, 1, 3, 6, 6, 1, 2]","[0, 1, 0, 0, 0, 0, 0, 0, 0, 0, 0, 0]",False,False,False,False
roblox.com,captura_0000072_H123.csv,4,1,96,1,"[1, 0, 0, 0, 0, 0, 0, 0, 0, 0, 0, 0]","[0, 0, 30, 7, 17, 23, 6, 1, 3, 6, 1, 2]","[0, 1, 0, 0, 0, 0, 0, 0, 0, 0, 0, 0]",False,False,False,False
roblox.com,captura_0000072_H123.csv,5,1,90,1,"[1, 0, 0, 0, 0, 0, 0, 0, 0, 0, 0, 0]","[0, 0, 33, 9, 9, 19, 1, 4, 6, 1, 6, 2]","[0, 1, 0, 0, 0, 0, 0, 0, 0, 0, 0, 0]",False,False,False,False
roblox.com,captura_0000072_H123.csv,6,1,97,1,"[1, 0, 0, 0, 0, 0, 0, 0, 0, 0, 0, 0, 0, 0]","[0, 0, 33, 9, 13, 17, 6, 4, 1, 4, 6, 1, 1, 2]","[0, 1, 0, 0, 0, 0, 0, 0, 0, 0, 0, 0, 0, 0]",False,False,False,False
roblox.com,captura_0000072_H123.csv,8,1,94,1,"[1, 0, 0, 0, 0, 0, 0, 0, 0, 0, 0, 0, 0, 0]","[0, 0, 25, 9, 13, 4, 15, 1, 3, 6, 1, 9, 6, 2]","[0, 1, 0, 0, 0, 0, 0, 0, 0, 0, 0, 0, 0, 0]",False,False,False,False
roblox.com,captura_0000072_H123.csv,9,1,95,1,"[1, 0, 0, 0, 0, 0, 0, 0, 0, 0, 0, 0, 0, 0]","[0, 0, 5, 9, 15, 26, 18, 3, 6, 1, 3, 6, 1, 2]","[0, 1, 0, 0, 0, 0, 0, 0, 0, 0, 0, 0, 0, 0]",False,False,False,False
roblox.com,captura_0000072_H123.csv,10,1,96,1,"[1, 0, 0, 0, 0, 0, 0, 0, 0, 0, 0, 0, 0]","[0, 0, 3, 30, 8, 13, 22, 7, 1, 4, 5, 1, 2]","[0, 1, 0, 0, 0, 0, 0, 0, 0, 0, 0, 0, 0]",False,False,False,False
roblox.com,captura_0000072_H123.csv,11,1,96,1,"[1, 0, 0, 0, 0, 0, 0, 0, 0, 0, 0, 0, 0]","[0, 0, 3, 30, 7, 14, 23, 5, 1, 4, 6, 1, 2]","[0, 1, 0, 0, 0, 0, 0, 0, 0, 0, 0, 0, 0]",False,False,False,False
roblox.com,captura_0000072_H123.csv,12,1,92,1,"[1, 0, 0, 0, 0, 0, 0, 0, 0, 0, 0, 0, 0]","[0, 0, 2, 30, 14, 5, 22, 5, 3, 1, 6, 1, 3]","[0, 1, 0, 0, 0, 0, 0, 0, 0, 0, 0, 0, 0]",False,False,False,False
roblox.com,captura_0000072_H123.csv,13,1,95,1,"[1, 0, 0, 0, 0, 0, 0, 0, 0, 0, 0, 0, 0, 0, 0]","[0, 0, 2, 14, 9, 12, 17, 17, 5, 6, 1, 3, 6, 1, 2]","[0, 1, 0, 0, 0, 0, 0, 0, 0, 0, 0, 0, 0, 0, 0]",False,False,False,False
roblox.com,captura_0000072_H123.csv,14,1,95,1,"[1, 0, 0, 0, 0, 0, 0, 0, 0, 0, 0, 0, 0, 0, 0]","[0, 0, 2, 6, 13, 9, 23, 5, 6, 17, 1, 4, 6, 1, 2]","[0, 1, 0, 0, 0, 0, 0, 0, 0, 0, 0, 0, 0, 0, 0]",False,False,False,False
roblox.com,captura_0000072_H123.csv,15,1,95,1,"[1, 0, 0, 0, 0, 0, 0, 0, 0, 0, 0, 0, 0, 0, 0]","[0, 0, 2, 6, 7, 13, 26, 16, 6, 1, 4, 5, 6, 1, 2]","[0, 1, 0, 0, 0, 0, 0, 0, 0, 0, 0, 0, 0, 0, 0]",False,False,False,False
roblox.com,captura_0000072_H123.csv,16,1,93,1,"[1, 0, 0, 0, 0, 0, 0, 0, 0, 0, 0, 0, 0, 0, 0]","[0, 0, 2, 3, 13, 8, 26, 5, 7, 15, 4, 1, 6, 1, 2]","[0, 1, 0, 0, 0, 0, 0, 0, 0, 0, 0, 0, 0, 0, 0]",False,False,False,False
roblox.com,captura_0000072_H123.csv,18,1,88,1,"[1, 0, 0, 0, 0, 0, 0, 0, 0, 0, 0, 0, 0, 0]","[0, 0, 2, 29, 7, 9, 1, 21, 1, 4, 5, 6, 1, 2]","[0, 1, 0, 0, 0, 0, 0, 0, 0, 0, 0, 0, 0, 0]",False,False,False,False
roblox.com,captura_0000072_H123.csv,19,1,89,1,"[1, 0, 0, 0, 0, 0, 0, 0, 0, 0, 0, 0, 0, 0]","[0, 0, 2, 27, 9, 12, 1, 19, 1, 4, 5, 1, 6, 2]","[0, 1, 0, 0, 0, 0, 0, 0, 0, 0, 0, 0, 0, 0]",False,False,False,False
roblox.com,captura_0000072_H123.csv,20,1,87,1,"[1, 0, 0, 0, 0, 0, 0, 0, 0, 0, 0, 0, 0, 0, 0]","[0, 0, 2, 3, 8, 6, 25, 20, 6, 3, 4, 1, 6, 1, 2]","[0, 1, 0, 0, 0, 0, 0, 0, 0, 0, 0, 0, 0, 0, 0]",False,False,False,False
rubiconproject.com,captura_0000177_H123.csv,1,2,56,38,"[1, 0, 1, 0, 0, 0, 0, 0, 0, 0, 0, 0, 0, 0, 0, 0, 0, 0, 0, 0, 0, 0, 0]","[0, 0, 0, 8, 0, 1, 2, 7, 1, 0, 7, 1, 1, 1, 6, 1, 2, 7, 4, 2, 2, 0, 3]","[0, 1, 0, 0, 34, 0, 0, 0, 0, 2, 0, 0, 0, 0, 0, 0, 0, 0, 0, 0, 0, 1, 0]",False,False,False,False
rubiconproject.com,captura_0000177_H123.csv,2,2,54,38,"[1, 0, 1, 0, 0, 0, 0, 0, 0, 0, 0, 0, 0, 0, 0, 0, 0, 0, 0, 0, 0, 0, 0]","[0, 0, 0, 7, 0, 1, 2, 7, 1, 7, 0, 1, 1, 1, 6, 1, 7, 4, 2, 1, 0, 2, 3]","[0, 1, 0, 0, 34, 0, 0, 0, 0, 0, 2, 0, 0, 0, 0, 0, 0, 0, 0, 0, 1, 0, 0]",False,False,False,False
rubiconproject.com,captura_0000177_H123.csv,3,2,52,38,"[1, 0, 1, 0, 0, 0, 0, 0, 0, 0, 0, 0, 0, 0, 0, 0, 0, 0, 0, 0, 0, 0]","[0, 0, 0, 8, 0, 1, 2, 7, 1, 0, 7, 1, 1, 1, 6, 1, 7, 4, 2, 1, 0, 2]","[0, 1, 0, 0, 34, 0, 0, 0, 0, 2, 0, 0, 0, 0, 0, 0, 0, 0, 0, 0, 1, 0]",False,False,False,False
rubiconproject.com,captura_0000177_H123.csv,4,2,54,38,"[1, 0, 1, 0, 0, 0, 0, 0, 0, 0, 0, 0, 0, 0, 0, 0, 0, 0, 0, 0, 0, 0, 0]","[0, 0, 0, 7, 0, 1, 2, 7, 1, 0, 7, 1, 1, 1, 6, 1, 7, 4, 2, 1, 0, 2, 3]","[0, 1, 0, 0, 34, 0, 0, 0, 0, 2, 0, 0, 0, 0, 0, 0, 0, 0, 0, 0, 1, 0, 0]",False,False,False,False
rubiconproject.com,captura_0000177_H123.csv,5,2,55,38,"[1, 0, 1, 0, 0, 0, 0, 0, 0, 0, 0, 0, 0, 0, 0, 0, 0, 0, 0, 0, 0, 0, 0]","[0, 0, 0, 8, 0, 1, 2, 7, 1, 0, 7, 1, 1, 1, 6, 1, 7, 4, 2, 1, 0, 2, 3]","[0, 1, 0, 0, 34, 0, 0, 0, 0, 2, 0, 0, 0, 0, 0, 0, 0, 0, 0, 0, 1, 0, 0]",False,False,False,False
rubiconproject.com,captura_0000177_H123.csv,6,2,54,38,"[1, 0, 1, 0, 0, 0, 0, 0, 0, 0, 0, 0, 0, 0, 0, 0, 0, 0, 0, 0, 0, 0, 0]","[0, 0, 0, 7, 0, 1, 2, 7, 1, 7, 0, 1, 1, 1, 6, 1, 7, 4, 2, 1, 0, 2, 3]","[0, 1, 0, 0, 34, 0, 0, 0, 0, 0, 2, 0, 0, 0, 0, 0, 0, 0, 0, 0, 1, 0, 0]",False,False,False,False
rubiconproject.com,captura_0000177_H123.csv,7,2,54,38,"[1, 0, 1, 0, 0, 0, 0, 0, 0, 0, 0, 0, 0, 0, 0, 0, 0, 0, 0, 0, 0, 0, 0]","[0, 0, 0, 7, 0, 1, 2, 7, 1, 0, 7, 1, 1, 1, 6, 1, 7, 4, 2, 1, 0, 2, 3]","[0, 1, 0, 0, 34, 0, 0, 0, 0, 2, 0, 0, 0, 0, 0, 0, 0, 0, 0, 0, 1, 0, 0]",False,False,False,False
rubiconproject.com,captura_0000177_H123.csv,8,2,54,38,"[1, 0, 1, 0, 0, 0, 0, 0, 0, 0, 0, 0, 0, 0, 0, 0, 0, 0, 0, 0, 0, 0, 0]","[0, 0, 0, 7, 0, 1, 2, 7, 1, 0, 7, 1, 1, 6, 1, 1, 7, 4, 2, 2, 1, 0, 3]","[0, 1, 0, 0, 34, 0, 0, 0, 0, 2, 0, 0, 0, 0, 0, 0, 0, 0, 0, 0, 0, 1, 0]",False,False,False,False
rubiconproject.com,captura_0000177_H123.csv,11,2,56,38,"[1, 0, 1, 0, 0, 0, 0, 0, 0, 0, 0, 0, 0, 0, 0, 0, 0, 0, 0, 0, 0, 0, 0]","[0, 0, 0, 9, 0, 1, 2, 7, 1, 7, 0, 1, 1, 1, 6, 1, 7, 4, 2, 1, 2, 0, 3]","[0, 1, 0, 0, 34, 0, 0, 0, 0, 0, 2, 0, 0, 0, 0, 0, 0, 0, 0, 0, 0, 1, 0]",False,False,False,False
rubiconproject.com,captura_0000177_H123.csv,12,2,51,38,"[1, 0, 1, 0, 0, 0, 0, 0, 0, 0, 0, 0, 0, 0, 0, 0, 0, 0, 0, 0, 0, 0]","[0, 0, 0, 7, 0, 1, 2, 1, 7, 7, 0, 1, 1, 1, 6, 1, 7, 4, 2, 1, 0, 2]","[0, 1, 0, 0, 34, 0, 0, 0, 0, 0, 2, 0, 0, 0, 0, 0, 0, 0, 0, 0, 1, 0]",False,False,False,False
rubiconproject.com,captura_0000177_H123.csv,13,2,55,38,"[1, 0, 1, 0, 0, 0, 0, 0, 0, 0, 0, 0, 0, 0, 0, 0, 0, 0, 0, 0, 0, 0, 0]","[0, 0, 0, 7, 0, 1, 2, 7, 1, 7, 0, 1, 1, 6, 1, 1, 7, 4, 2, 2, 1, 0, 4]","[0, 1, 0, 0, 34, 0, 0, 0, 0, 0, 2, 0, 0, 0, 0, 0, 0, 0, 0, 0, 0, 1, 0]",False,False,False,False
rubiconproject.com,captura_0000177_H123.csv,14,2,54,38,"[1, 0, 1, 0, 0, 0, 0, 0, 0, 0, 0, 0, 0, 0, 0, 0, 0, 0, 0, 0, 0, 0, 0]","[0, 0, 0, 7, 0, 1, 2, 7, 1, 0, 7, 1, 1, 1, 6, 1, 7, 4, 2, 1, 0, 2, 3]","[0, 1, 0, 0, 34, 0, 0, 0, 0, 2, 0, 0, 0, 0, 0, 0, 0, 0, 0, 0, 1, 0, 0]",False,False,False,False
rubiconproject.com,captura_0000177_H123.csv,15,2,55,38,"[1, 0, 1, 0, 0, 0, 0, 0, 0, 0, 0, 0, 0, 0, 0, 0, 0, 0, 0, 0, 0, 0, 0]","[0, 0, 0, 8, 0, 1, 2, 7, 1, 7, 0, 1, 1, 1, 6, 1, 7, 4, 2, 1, 0, 2, 3]","[0, 1, 0, 0, 34, 0, 0, 0, 0, 0, 2, 0, 0, 0, 0, 0, 0, 0, 0, 0, 1, 0, 0]",False,False,False,False
rubiconproject.com,captura_0000177_H123.csv,16,2,51,38,"[1, 0, 1, 0, 0, 0, 0, 0, 0, 0, 0, 0, 0, 0, 0, 0, 0, 0, 0, 0, 0, 0]","[0, 0, 0, 7, 0, 1, 2, 7, 1, 7, 0, 1, 1, 1, 6, 1, 7, 4, 2, 1, 0, 2]","[0, 1, 0, 0, 34, 0, 0, 0, 0, 0, 2, 0, 0, 0, 0, 0, 0, 0, 0, 0, 1, 0]",False,False,False,False
rubiconproject.com,captura_0000177_H123.csv,17,2,55,38,"[1, 0, 1, 0, 0, 0, 0, 0, 0, 0, 0, 0, 0, 0, 0, 0, 0, 0, 0, 0, 0, 0, 0]","[0, 0, 0, 8, 0, 1, 2, 7, 1, 7, 0, 1, 1, 1, 6, 1, 7, 4, 2, 1, 0, 2, 3]","[0, 1, 0, 0, 34, 0, 0, 0, 0, 0, 2, 0, 0, 0, 0, 0, 0, 0, 0, 0, 1, 0, 0]",False,False,False,False
rubiconproject.com,captura_0000177_H123.csv,19,2,55,38,"[1, 0, 1, 0, 0, 0, 0, 0, 0, 0, 0, 0, 0, 0, 0, 0, 0, 0, 0, 0, 0, 0, 0]","[0, 0, 0, 7, 0, 1, 2, 7, 1, 0, 7, 1, 1, 1, 6, 1, 7, 4, 2, 2, 0, 2, 3]","[0, 1, 0, 0, 34, 0, 0, 0, 0, 2, 0, 0, 0, 0, 0, 0, 0, 0, 0, 0, 1, 0, 0]",False,False,False,False
rubiconproject.com,captura_0000177_H123.csv,20,2,56,38,"[1, 0, 1, 0, 0, 0, 0, 0, 0, 0, 0, 0, 0, 0, 0, 0, 0, 0, 0, 0, 0, 0, 0]","[0, 0, 0, 9, 0, 1, 2, 7, 1, 0, 7, 1, 1, 1, 6, 2, 1, 7, 4, 2, 1, 0, 3]","[0, 1, 0, 0, 34, 0, 0, 0, 0, 2, 0, 0, 0, 0, 0, 0, 0, 0, 0, 0, 0, 1, 0]",False,False,False,False
samsung.com,captura_0000102_H123.csv,1,2,31,56,"[1, 0, 0, 1, 0, 0, 0, 0, 0, 0, 0, 0, 0, 0, 0, 0, 0]","[0, 0, 6, 0, 0, 1, 1, 5, 5, 0, 0, 2, 2, 0, 3, 5, 1]","[0, 1, 0, 0, 48, 0, 0, 0, 0, 5, 1, 0, 0, 1, 0, 0, 0]",False,False,False,False
samsung.com,captura_0000102_H123.csv,2,2,29,57,"[1, 0, 1, 0, 0, 0, 0, 0, 0, 0, 0, 0, 0, 0, 0, 0, 0]","[0, 0, 0, 0, 1, 4, 0, 1, 5, 5, 2, 3, 1, 0, 5, 0, 2]","[0, 1, 0, 47, 0, 0, 7, 0, 0, 0, 0, 0, 0, 1, 0, 1, 0]",False,False,False,False
samsung.com,captura_0000102_H123.csv,3,2,31,55,"[1, 0, 1, 0, 0, 0, 0, 0, 0, 0, 0, 0, 0, 0, 0, 0, 0]","[0, 0, 0, 0, 1, 6, 1, 5, 1, 0, 0, 2, 5, 3, 5, 0, 2]","[0, 1, 0, 47, 0, 0, 0, 0, 0, 5, 1, 0, 0, 0, 0, 1, 0]",False,False,False,False
samsung.com,captura_0000102_H123.csv,4,2,31,57,"[1, 0, 1, 0, 0, 0, 0, 0, 0, 0, 0, 0, 0, 0, 0, 0, 0]","[0, 0, 0, 0, 6, 1, 1, 5, 0, 0, 2, 5, 1, 0, 3, 5, 2]","[0, 1, 0, 49, 0, 0, 0, 0, 5, 1, 0, 0, 0, 1, 0, 0, 0]",False,False,False,False
samsung.com,captura_0000102_H123.csv,5,2,31,56,"[1, 0, 1, 0, 0, 0, 0, 0, 0, 0, 0, 0, 0, 0, 0, 0, 0]","[0, 0, 0, 0, 1, 6, 1, 5, 5, 0, 0, 2, 1, 0, 2, 3, 5]","[0, 1, 0, 48, 0, 0, 0, 0, 0, 5, 1, 0, 0, 1, 0, 0, 0]",False,False,False,False
samsung.com,captura_0000102_H123.csv,7,2,31,54,"[1, 0, 1, 0, 0, 0, 0, 0, 0, 0, 0, 0, 0, 0, 0, 0, 0]","[0, 0, 0, 0, 1, 5, 1, 5, 5, 0, 1, 2, 3, 1, 5, 0, 2]","[0, 1, 0, 47, 0, 0, 0, 0, 0, 5, 0, 0, 0, 0, 0, 1, 0]",False,False,False,False
samsung.com,captura_0000102_H123.csv,8,2,29,55,"[1, 0, 1, 0, 0, 0, 0, 0, 0, 0, 0, 0, 0, 0, 0, 0, 0]","[0, 0, 0, 0, 4, 1, 1, 5, 1, 0, 0, 2, 5, 0, 3, 5, 2]","[0, 1, 0, 47, 0, 0, 0, 0, 0, 5, 1, 0, 0, 1, 0, 0, 0]",False,False,False,False
samsung.com,captura_0000102_H123.csv,9,2,30,56,"[1, 0, 1, 0, 0, 0, 0, 0, 0, 0, 0, 0, 0, 0, 0, 0, 0]","[0, 0, 0, 0, 1, 5, 1, 5, 0, 0, 2, 5, 3, 1, 5, 0, 2]","[0, 1, 0, 48, 0, 0, 0, 0, 5, 1, 0, 0, 0, 0, 0, 1, 0]",False,False,False,False
samsung.com,captura_0000102_H123.csv,10,2,29,57,"[1, 0, 1, 0, 0, 0, 0, 0, 0, 0, 0, 0, 0, 0, 0, 0, 0]","[0, 0, 0, 0, 1, 4, 1, 5, 0, 2, 5, 0, 3, 1, 5, 0, 2]","[0, 1, 0, 49, 0, 0, 0, 0, 5, 0, 0, 1, 0, 0, 0, 1, 0]",False,False,False,False
samsung.com,captura_0000102_H123.csv,11,2,29,56,"[1, 0, 1, 0, 0, 0, 0, 0, 0, 0, 0, 0, 0, 0, 0, 0, 0]","[0, 0, 0, 0, 1, 4, 1, 5, 0, 2, 5, 0, 3, 1, 5, 0, 2]","[0, 1, 0, 48, 0, 0, 0, 0, 5, 0, 0, 1, 0, 0, 0, 1, 0]",False,False,False,False
samsung.com,captura_0000102_H123.csv,12,2,33,56,"[1, 0, 1, 0, 0, 0, 0, 0, 0, 0, 0, 0, 0, 0, 0, 0, 0]","[0, 0, 0, 0, 1, 7, 5, 1, 6, 0, 0, 2, 3, 1, 5, 0, 2]","[0, 1, 0, 47, 0, 0, 0, 0, 0, 6, 1, 0, 0, 0, 0, 1, 0]",False,False,False,False
samsung.com,captura_0000102_H123.csv,13,2,29,59,"[1, 0, 1, 0, 0, 0, 0, 0, 0, 0, 0, 0, 0, 0, 0, 0, 0]","[0, 0, 0, 0, 4, 1, 0, 5, 1, 5, 0, 2, 3, 1, 0, 5, 2]","[0, 1, 0, 49, 0, 0, 7, 0, 0, 0, 1, 0, 0, 0, 1, 0, 0]",False,False,False,False
samsung.com,captura_0000102_H123.csv,14,2,29,57,"[1, 0, 1, 0, 0, 0, 0, 0, 0, 0, 0, 0, 0, 0, 0, 0, 0]","[0, 0, 0, 0, 1, 4, 5, 0, 1, 5, 2, 0, 1, 3, 0, 5, 2]","[0, 1, 0, 47, 0, 0, 0, 7, 0, 0, 0, 1, 0, 0, 1, 0, 0]",False,False,False,False
samsung.com,captura_0000102_H123.csv,15,2,30,57,"[1, 0, 1, 0, 0, 0, 0, 0, 0, 0, 0, 0, 0, 0, 0, 0, 0]","[0, 0, 0, 0, 1, 4, 0, 5, 1, 6, 2, 0, 3, 1, 0, 5, 2]","[0, 1, 0, 47, 0, 0, 7, 0, 0, 0, 0, 1, 0, 0, 1, 0, 0]",False,False,False,False
samsung.com,captura_0000102_H123.csv,16,2,29,56,"[1, 0, 1, 0, 0, 0, 0, 0, 0, 0, 0, 0, 0, 0, 0, 0, 0]","[0, 0, 0, 0, 5, 1, 4, 1, 5, 0, 0, 2, 3, 1, 5, 0, 2]","[0, 1, 0, 48, 0, 0, 0, 0, 0, 5, 1, 0, 0, 0, 0, 1, 0]",False,False,False,False
samsung.com,captura_0000102_H123.csv,17,2,31,55,"[1, 0, 1, 0, 0, 0, 0, 0, 0, 0, 0, 0, 0, 0, 0, 0, 0]","[0, 0, 0, 0, 1, 5, 1, 5, 1, 0, 0, 2, 3, 0, 5, 6, 2]","[0, 1, 0, 47, 0, 0, 0, 0, 0, 5, 1, 0, 0, 1, 0, 0, 0]",False,False,False,False
samsung.com,captura_0000102_H123.csv,18,2,29,57,"[1, 0, 1, 0, 0, 0, 0, 0, 0, 0, 0, 0, 0, 0, 0, 0, 0]","[0, 0, 0, 0, 1, 4, 0, 5, 1, 5, 0, 2, 3, 1, 0, 5, 2]","[0, 1, 0, 47, 0, 0, 7, 0, 0, 0, 1, 0, 0, 0, 1, 0, 0]",False,False,False,False
samsung.com,captura_0000102_H123.csv,19,2,33,55,"[1, 0, 1, 0, 0, 0, 0, 0, 0, 0, 0, 0, 0, 0, 0, 0, 0]","[0, 0, 0, 0, 1, 6, 1, 5, 1, 6, 0, 2, 1, 3, 5, 0, 2]","[0, 1, 0, 48, 0, 0, 0, 0, 0, 0, 5, 0, 0, 0, 0, 1, 0]",False,False,False,False
samsung.com,captura_0000102_H123.csv,20,2,30,55,"[1, 0, 1, 0, 0, 0, 0, 0, 0, 0, 0, 0, 0, 0, 0, 0, 0]","[0, 0, 0, 0, 1, 4, 1, 5, 6, 0, 0, 2, 1, 0, 2, 3, 5]","[0, 1, 0, 47, 0, 0, 0, 0, 0, 5, 1, 0, 0, 1, 0, 0, 0]",False,False,False,False
sciencedirect.com,captura_0000193_H123.csv,1,1,17,1,"[1, 0, 0, 0, 0, 0]","[0, 0, 7, 2, 6, 2]","[0, 1, 0, 0, 0, 0]",False,False,False,False
sciencedirect.com,captura_0000193_H123.csv,2,1,17,1,"[1, 0, 0, 0, 0, 0]","[0, 0, 7, 2, 6, 2]","[0, 1, 0, 0, 0, 0]",False,False,False,False
sciencedirect.com,captura_0000193_H123.csv,5,1,17,1,"[1, 0, 0, 0, 0, 0]","[0, 0, 7, 2, 6, 2]","[0, 1, 0, 0, 0, 0]",False,False,False,False
sciencedirect.com,captura_0000193_H123.csv,6,1,17,1,"[1, 0, 0, 0, 0, 0]","[0, 0, 7, 2, 6, 2]","[0, 1, 0, 0, 0, 0]",False,False,False,False
sciencedirect.com,captura_0000193_H123.csv,7,1,17,1,"[1, 0, 0, 0, 0, 0]","[0, 0, 7, 2, 6, 2]","[0, 1, 0, 0, 0, 0]",False,False,False,False
sciencedirect.com,captura_0000193_H123.csv,8,1,17,1,"[1, 0, 0, 0, 0, 0]","[0, 0, 7, 2, 6, 2]","[0, 1, 0, 0, 0, 0]",False,False,False,False
sciencedirect.com,captura_0000193_H123.csv,11,1,17,1,"[1, 0, 0, 0, 0, 0]","[0, 0, 7, 2, 6, 2]","[0, 1, 0, 0, 0, 0]",False,False,False,False
sciencedirect.com,captura_0000193_H123.csv,12,1,17,1,"[1, 0, 0, 0, 0, 0]","[0, 0, 7, 2, 6, 2]","[0, 1, 0, 0, 0, 0]",False,False,False,False
sciencedirect.com,captura_0000193_H123.csv,14,1,17,1,"[1, 0, 0, 0, 0, 0]","[0, 0, 7, 2, 6, 2]","[0, 1, 0, 0, 0, 0]",False,False,False,False
sciencedirect.com,captura_0000193_H123.csv,15,1,17,1,"[1, 0, 0, 0, 0, 0]","[0, 0, 7, 2, 6, 2]","[0, 1, 0, 0, 0, 0]",False,False,False,False
sciencedirect.com,captura_0000193_H123.csv,17,1,17,1,"[1, 0, 0, 0, 0, 0]","[0, 0, 7, 2, 6, 2]","[0, 1, 0, 0, 0, 0]",False,False,False,False
sciencedirect.com,captura_0000193_H123.csv,18,1,17,1,"[1, 0, 0, 0, 0, 0]","[0, 0, 7, 2, 6, 2]","[0, 1, 0, 0, 0, 0]",False,False,False,False
sciencedirect.com,captura_0000193_H123.csv,19,1,17,1,"[1, 0, 0, 0, 0, 0]","[0, 0, 7, 2, 6, 2]","[0, 1, 0, 0, 0, 0]",False,False,False,False
sciencedirect.com,captura_0000193_H123.csv,20,1,17,1,"[1, 0, 0, 0, 0, 0]","[0, 0, 7, 2, 6, 2]","[0, 1, 0, 0, 0, 0]",False,False,False,False
sentry.io,captura_0000121_H123.csv,1,1,22,13,"[1, 0, 0, 0, 0, 0, 0, 0, 0, 0]","[0, 0, 2, 0, 9, 1, 2, 0, 2, 6]","[0, 1, 0, 11, 0, 0, 0, 1, 0, 0]",False,False,False,False
sentry.io,captura_0000121_H123.csv,2,1,22,14,"[1, 0, 0, 0, 0, 0, 0, 0, 0, 0]","[0, 0, 2, 0, 9, 1, 2, 0, 2, 6]","[0, 1, 0, 12, 0, 0, 0, 1, 0, 0]",False,False,False,False
sentry.io,captura_0000121_H123.csv,3,1,22,14,"[1, 0, 0, 0, 0, 0, 0, 0, 0, 0]","[0, 0, 2, 0, 9, 1, 2, 0, 2, 6]","[0, 1, 0, 12, 0, 0, 0, 1, 0, 0]",False,False,False,False
sentry.io,captura_0000121_H123.csv,4,1,22,13,"[1, 0, 0, 0, 0, 0, 0, 0, 0, 0]","[0, 0, 2, 0, 9, 2, 1, 0, 2, 6]","[0, 1, 0, 11, 0, 0, 0, 1, 0, 0]",False,False,False,False
sentry.io,captura_0000121_H123.csv,5,1,22,13,"[1, 0, 0, 0, 0, 0, 0, 0, 0, 0]","[0, 0, 2, 0, 9, 1, 2, 0, 2, 6]","[0, 1, 0, 11, 0, 0, 0, 1, 0, 0]",False,False,False,False
sentry.io,captura_0000121_H123.csv,6,1,22,15,"[1, 0, 0, 0, 0, 0, 0, 0, 0, 0]","[0, 0, 2, 0, 1, 2, 9, 0, 2, 6]","[0, 1, 0, 13, 0, 0, 0, 1, 0, 0]",False,False,False,False
sentry.io,captura_0000121_H123.csv,7,1,22,13,"[1, 0, 0, 0, 0, 0, 0, 0, 0, 0]","[0, 0, 2, 0, 9, 2, 1, 0, 2, 6]","[0, 1, 0, 11, 0, 0, 0, 1, 0, 0]",False,False,False,False
sentry.io,captura_0000121_H123.csv,8,1,22,14,"[1, 0, 0, 0, 0, 0, 0, 0, 0, 0]","[0, 0, 2, 0, 9, 1, 2, 0, 2, 6]","[0, 1, 0, 12, 0, 0, 0, 1, 0, 0]",False,False,False,False
sentry.io,captura_0000121_H123.csv,9,1,21,14,"[1, 0, 0, 0, 0, 0, 0, 0, 0, 0]","[0, 0, 2, 0, 8, 1, 2, 0, 2, 6]","[0, 1, 0, 12, 0, 0, 0, 1, 0, 0]",False,False,False,False
sentry.io,captura_0000121_H123.csv,10,1,20,13,"[1, 0, 0, 0, 0, 0, 0, 0, 0, 0]","[0, 2, 0, 0, 7, 2, 1, 0, 2, 6]","[0, 0, 1, 11, 0, 0, 0, 1, 0, 0]",False,False,False,False
sentry.io,captura_0000121_H123.csv,11,1,22,14,"[1, 0, 0, 0, 0, 0, 0, 0, 0, 0]","[0, 0, 2, 0, 1, 2, 9, 0, 2, 6]","[0, 1, 0, 12, 0, 0, 0, 1, 0, 0]",False,False,False,False
sentry.io,captura_0000121_H123.csv,12,1,20,14,"[1, 0, 0, 0, 0, 0, 0, 0, 0, 0]","[0, 0, 2, 0, 7, 1, 2, 0, 2, 6]","[0, 1, 0, 12, 0, 0, 0, 1, 0, 0]",False,False,False,False
sentry.io,captura_0000121_H123.csv,13,1,20,14,"[1, 0, 0, 0, 0, 0, 0, 0, 0, 0]","[0, 0, 2, 0, 7, 2, 1, 0, 2, 6]","[0, 1, 0, 12, 0, 0, 0, 1, 0, 0]",False,False,False,False
sentry.io,captura_0000121_H123.csv,14,1,20,13,"[1, 0, 0, 0, 0, 0, 0, 0, 0, 0]","[0, 0, 2, 0, 7, 1, 2, 0, 2, 6]","[0, 1, 0, 11, 0, 0, 0, 1, 0, 0]",False,False,False,False
sentry.io,captura_0000121_H123.csv,15,1,21,14,"[1, 0, 0, 0, 0, 0, 0, 0, 0, 0]","[0, 0, 2, 0, 8, 1, 2, 0, 2, 6]","[0, 1, 0, 12, 0, 0, 0, 1, 0, 0]",False,False,False,False
sentry.io,captura_0000121_H123.csv,16,1,22,13,"[1, 0, 0, 0, 0, 0, 0, 0, 0, 0]","[0, 0, 2, 0, 2, 1, 9, 0, 2, 6]","[0, 1, 0, 11, 0, 0, 0, 1, 0, 0]",False,False,False,False
sentry.io,captura_0000121_H123.csv,17,1,22,14,"[1, 0, 0, 0, 0, 0, 0, 0, 0, 0]","[0, 0, 2, 0, 9, 1, 2, 0, 2, 6]","[0, 1, 0, 12, 0, 0, 0, 1, 0, 0]",False,False,False,False
sentry.io,captura_0000121_H123.csv,18,1,22,14,"[1, 0, 0, 0, 0, 0, 0, 0, 0, 0]","[0, 0, 2, 0, 9, 1, 2, 0, 2, 6]","[0, 1, 0, 12, 0, 0, 0, 1, 0, 0]",False,False,False,False
sentry.io,captura_0000121_H123.csv,20,1,22,14,"[1, 0, 0, 0, 0, 0, 0, 0, 0, 0]","[0, 0, 2, 0, 9, 1, 2, 0, 2, 6]","[0, 1, 0, 12, 0, 0, 0, 1, 0, 0]",False,False,False,False
sharepoint.com,captura_0000051_H123.csv,1,4,119,1,"[1, 0, 0, 0, 1, 1, 0, 0, 0, 0, 0, 0, 0, 0, 0, 0, 0, 0, 0, 0, 0, 0, 0, 0, 1, 0, 0]","[0, 0, 2, 3, 0, 0, 47, 6, 1, 1, 2, 2, 12, 1, 2, 2, 2, 3, 2, 3, 6, 4, 11, 3, 0, 2, 2]","[0, 1, 0, 0, 0, 0, 0, 0, 0, 0, 0, 0, 0, 0, 0, 0, 0, 0, 0, 0, 0, 0, 0, 0, 0, 0, 0]",False,False,False,False
sharepoint.com,captura_0000051_H123.csv,3,4,111,1,"[1, 0, 0, 0, 1, 1, 0, 0, 0, 0, 0, 0, 0, 0, 0, 0, 0, 0, 0, 0, 0, 0, 0, 0, 1, 0, 0]","[0, 0, 2, 3, 0, 0, 48, 1, 1, 5, 2, 11, 1, 2, 2, 2, 2, 3, 2, 3, 4, 4, 7, 2, 0, 2, 2]","[0, 1, 0, 0, 0, 0, 0, 0, 0, 0, 0, 0, 0, 0, 0, 0, 0, 0, 0, 0, 0, 0, 0, 0, 0, 0, 0]",False,False,False,False
sharepoint.com,captura_0000051_H123.csv,4,4,112,1,"[1, 0, 0, 0, 1, 1, 0, 0, 0, 0, 0, 0, 0, 0, 0, 0, 0, 0, 0, 0, 0, 0, 0, 0, 1, 0, 0]","[0, 0, 2, 3, 0, 0, 44, 1, 1, 5, 1, 2, 2, 12, 3, 2, 2, 2, 2, 3, 6, 4, 9, 2, 0, 2, 2]","[0, 1, 0, 0, 0, 0, 0, 0, 0, 0, 0, 0, 0, 0, 0, 0, 0, 0, 0, 0, 0, 0, 0, 0, 0, 0, 0]",False,False,False,False
sharepoint.com,captura_0000051_H123.csv,6,4,102,1,"[1, 0, 0, 0, 1, 1, 0, 0, 0, 0, 0, 0, 0, 0, 0, 0, 0, 0, 0, 0, 0, 0, 0, 0, 1, 0, 0]","[0, 0, 2, 3, 0, 0, 40, 1, 1, 6, 2, 9, 2, 1, 2, 2, 2, 2, 2, 3, 5, 4, 7, 2, 0, 2, 2]","[0, 1, 0, 0, 0, 0, 0, 0, 0, 0, 0, 0, 0, 0, 0, 0, 0, 0, 0, 0, 0, 0, 0, 0, 0, 0, 0]",False,False,False,False
sharepoint.com,captura_0000051_H123.csv,7,4,106,1,"[1, 0, 0, 0, 1, 1, 0, 0, 0, 0, 0, 0, 0, 0, 0, 0, 0, 0, 0, 0, 0, 0, 0, 1, 0, 0, 0]","[0, 0, 2, 3, 0, 0, 39, 1, 1, 5, 2, 2, 1, 10, 2, 2, 2, 2, 2, 3, 6, 4, 11, 0, 2, 2, 2]","[0, 1, 0, 0, 0, 0, 0, 0, 0, 0, 0, 0, 0, 0, 0, 0, 0, 0, 0, 0, 0, 0, 0, 0, 0, 0, 0]",False,False,False,False
sharepoint.com,captura_0000051_H123.csv,8,4,106,1,"[1, 0, 0, 0, 1, 1, 0, 0, 0, 0, 0, 0, 0, 0, 0, 0, 0, 0, 0, 0, 0, 0, 0, 0, 0, 1, 0]","[0, 0, 2, 3, 0, 0, 40, 6, 1, 1, 2, 2, 1, 11, 2, 2, 2, 2, 2, 3, 5, 4, 9, 2, 2, 0, 2]","[0, 1, 0, 0, 0, 0, 0, 0, 0, 0, 0, 0, 0, 0, 0, 0, 0, 0, 0, 0, 0, 0, 0, 0, 0, 0, 0]",False,False,False,False
sharepoint.com,captura_0000051_H123.csv,9,4,107,1,"[1, 0, 0, 0, 1, 1, 0, 0, 0, 0, 0, 0, 0, 0, 0, 0, 0, 0, 0, 0, 0, 0, 0, 0, 1, 0, 0]","[0, 0, 2, 3, 0, 0, 42, 1, 1, 2, 1, 10, 2, 2, 6, 2, 2, 2, 2, 3, 5, 4, 9, 2, 0, 2, 2]","[0, 1, 0, 0, 0, 0, 0, 0, 0, 0, 0, 0, 0, 0, 0, 0, 0, 0, 0, 0, 0, 0, 0, 0, 0, 0, 0]",False,False,False,False
sharepoint.com,captura_0000051_H123.csv,10,4,106,1,"[1, 0, 0, 0, 1, 1, 0, 0, 0, 0, 0, 0, 0, 0, 0, 0, 0, 0, 0, 0, 0, 0, 0, 0, 1, 0, 0]","[0, 0, 2, 3, 0, 0, 44, 1, 1, 1, 2, 5, 10, 2, 2, 2, 2, 2, 2, 3, 5, 4, 7, 2, 0, 2, 2]","[0, 1, 0, 0, 0, 0, 0, 0, 0, 0, 0, 0, 0, 0, 0, 0, 0, 0, 0, 0, 0, 0, 0, 0, 0, 0, 0]",False,False,False,False
sharepoint.com,captura_0000051_H123.csv,11,4,115,1,"[1, 0, 0, 0, 1, 1, 0, 0, 0, 0, 0, 0, 0, 0, 0, 0, 0, 0, 0, 0, 0, 0, 0, 0, 1, 0, 0]","[0, 0, 2, 3, 0, 0, 48, 1, 1, 6, 2, 2, 12, 1, 2, 2, 2, 2, 2, 3, 5, 4, 9, 2, 0, 2, 2]","[0, 1, 0, 0, 0, 0, 0, 0, 0, 0, 0, 0, 0, 0, 0, 0, 0, 0, 0, 0, 0, 0, 0, 0, 0, 0, 0]",False,False,False,False
sharepoint.com,captura_0000051_H123.csv,12,4,109,1,"[1, 0, 0, 0, 1, 1, 0, 0, 0, 0, 0, 0, 0, 0, 0, 0, 0, 0, 0, 0, 0, 0, 0, 0, 1, 0, 0]","[0, 0, 2, 3, 0, 0, 44, 5, 1, 1, 2, 1, 2, 11, 2, 2, 2, 2, 2, 3, 5, 4, 9, 2, 0, 2, 2]","[0, 1, 0, 0, 0, 0, 0, 0, 0, 0, 0, 0, 0, 0, 0, 0, 0, 0, 0, 0, 0, 0, 0, 0, 0, 0, 0]",False,False,False,False
sharepoint.com,captura_0000051_H123.csv,13,4,108,1,"[1, 0, 0, 0, 1, 1, 0, 0, 0, 0, 0, 0, 0, 0, 0, 0, 0, 0, 0, 0, 0, 0, 0, 0, 1, 0, 0]","[0, 0, 2, 3, 0, 0, 42, 5, 1, 1, 2, 1, 2, 12, 2, 2, 2, 2, 2, 3, 5, 4, 9, 2, 0, 2, 2]","[0, 1, 0, 0, 0, 0, 0, 0, 0, 0, 0, 0, 0, 0, 0, 0, 0, 0, 0, 0, 0, 0, 0, 0, 0, 0, 0]",False,False,False,False
sharepoint.com,captura_0000051_H123.csv,14,4,113,1,"[1, 0, 0, 0, 1, 1, 0, 0, 0, 0, 0, 0, 0, 0, 0, 0, 0, 0, 0, 0, 0, 0, 0, 0, 1, 0, 0]","[0, 0, 2, 3, 0, 0, 44, 6, 1, 1, 2, 2, 1, 11, 2, 2, 2, 2, 2, 3, 6, 4, 11, 2, 0, 2, 2]","[0, 1, 0, 0, 0, 0, 0, 0, 0, 0, 0, 0, 0, 0, 0, 0, 0, 0, 0, 0, 0, 0, 0, 0, 0, 0, 0]",False,False,False,False
sharepoint.com,captura_0000051_H123.csv,15,4,111,1,"[1, 0, 0, 0, 1, 1, 0, 0, 0, 0, 0, 0, 0, 0, 0, 0, 0, 0, 0, 0, 0, 0, 0, 0, 1, 0, 0]","[0, 2, 0, 3, 0, 0, 45, 6, 1, 1, 3, 2, 1, 10, 2, 2, 2, 2, 2, 3, 5, 4, 9, 2, 0, 2, 2]","[0, 0, 1, 0, 0, 0, 0, 0, 0, 0, 0, 0, 0, 0, 0, 0, 0, 0, 0, 0, 0, 0, 0, 0, 0, 0, 0]",False,False,False,False
sharepoint.com,captura_0000051_H123.csv,16,4,108,1,"[1, 0, 0, 0, 1, 1, 0, 0, 0, 0, 0, 0, 0, 0, 0, 0, 0, 0, 0, 0, 0, 0, 0, 0, 1, 0, 0]","[0, 0, 2, 3, 0, 0, 41, 1, 1, 7, 1, 2, 2, 10, 2, 2, 2, 2, 2, 3, 5, 4, 9, 2, 0, 2, 3]","[0, 1, 0, 0, 0, 0, 0, 0, 0, 0, 0, 0, 0, 0, 0, 0, 0, 0, 0, 0, 0, 0, 0, 0, 0, 0, 0]",False,False,False,False
sharepoint.com,captura_0000051_H123.csv,17,4,110,1,"[1, 0, 0, 0, 1, 1, 0, 0, 0, 0, 0, 0, 0, 0, 0, 0, 0, 0, 0, 0, 0, 0, 0, 1, 0, 0, 0]","[0, 0, 2, 3, 0, 0, 42, 1, 1, 2, 2, 1, 13, 2, 2, 2, 2, 2, 3, 5, 4, 9, 2, 0, 2, 2, 6]","[0, 1, 0, 0, 0, 0, 0, 0, 0, 0, 0, 0, 0, 0, 0, 0, 0, 0, 0, 0, 0, 0, 0, 0, 0, 0, 0]",False,False,False,False
sharepoint.com,captura_0000051_H123.csv,18,4,107,1,"[1, 0, 0, 0, 1, 1, 0, 0, 0, 0, 0, 0, 0, 0, 0, 0, 0, 0, 0, 0, 0, 0, 0, 1, 0, 0, 0]","[0, 0, 2, 3, 0, 0, 42, 6, 1, 1, 2, 1, 2, 10, 2, 2, 2, 2, 2, 3, 5, 4, 9, 0, 2, 2, 2]","[0, 1, 0, 0, 0, 0, 0, 0, 0, 0, 0, 0, 0, 0, 0, 0, 0, 0, 0, 0, 0, 0, 0, 0, 0, 0, 0]",False,False,False,False
skype.com,captura_0000057_H123.csv,1,1,41,1,"[1, 0, 0, 0, 0, 0, 0, 0, 0, 0, 0, 0, 0]","[0, 0, 1, 2, 3, 2, 15, 3, 2, 2, 3, 6, 2]","[0, 1, 0, 0, 0, 0, 0, 0, 0, 0, 0, 0, 0]",False,False,False,False
skype.com,captura_0000057_H123.csv,2,1,41,1,"[1, 0, 0, 0, 0, 0, 0, 0, 0, 0, 0, 0, 0]","[0, 0, 1, 2, 3, 15, 2, 3, 2, 6, 2, 3, 2]","[0, 1, 0, 0, 0, 0, 0, 0, 0, 0, 0, 0, 0]",False,False,False,False
skype.com,captura_0000057_H123.csv,3,1,37,1,"[1, 0, 0, 0, 0, 0, 0, 0, 0, 0, 0, 0, 0]","[0, 1, 0, 2, 3, 2, 12, 2, 2, 6, 2, 3, 2]","[0, 0, 1, 0, 0, 0, 0, 0, 0, 0, 0, 0, 0]",False,False,False,False
skype.com,captura_0000057_H123.csv,4,1,43,1,"[1, 0, 0, 0, 0, 0, 0, 0, 0, 0, 0, 0, 0]","[0, 0, 1, 2, 3, 17, 2, 3, 2, 6, 2, 3, 2]","[0, 1, 0, 0, 0, 0, 0, 0, 0, 0, 0, 0, 0]",False,False,False,False
skype.com,captura_0000057_H123.csv,5,1,42,1,"[1, 0, 0, 0, 0, 0, 0, 0, 0, 0, 0, 0, 0]","[0, 0, 1, 2, 3, 2, 16, 3, 2, 6, 2, 3, 2]","[0, 1, 0, 0, 0, 0, 0, 0, 0, 0, 0, 0, 0]",False,False,False,False
skype.com,captura_0000057_H123.csv,6,1,42,1,"[1, 0, 0, 0, 0, 0, 0, 0, 0, 0, 0, 0, 0]","[0, 0, 1, 2, 3, 2, 16, 3, 2, 6, 2, 3, 2]","[0, 1, 0, 0, 0, 0, 0, 0, 0, 0, 0, 0, 0]",False,False,False,False
skype.com,captura_0000057_H123.csv,7,1,36,1,"[1, 0, 0, 0, 0, 0, 0, 0, 0, 0, 0, 0, 0]","[0, 0, 1, 2, 3, 3, 9, 2, 3, 6, 2, 3, 2]","[0, 1, 0, 0, 0, 0, 0, 0, 0, 0, 0, 0, 0]",False,False,False,False
skype.com,captura_0000057_H123.csv,8,1,43,1,"[1, 0, 0, 0, 0, 0, 0, 0, 0, 0, 0, 0, 0]","[0, 0, 1, 2, 3, 18, 2, 2, 2, 6, 2, 3, 2]","[0, 1, 0, 0, 0, 0, 0, 0, 0, 0, 0, 0, 0]",False,False,False,False
skype.com,captura_0000057_H123.csv,9,1,40,1,"[1, 0, 0, 0, 0, 0, 0, 0, 0, 0, 0, 0, 0]","[0, 0, 1, 2, 3, 2, 15, 2, 2, 6, 2, 3, 2]","[0, 1, 0, 0, 0, 0, 0, 0, 0, 0, 0, 0, 0]",False,False,False,False
skype.com,captura_0000057_H123.csv,10,1,38,1,"[1, 0, 0, 0, 0, 0, 0, 0, 0, 0, 0, 0, 0]","[0, 0, 1, 2, 3, 13, 2, 2, 2, 6, 2, 3, 2]","[0, 1, 0, 0, 0, 0, 0, 0, 0, 0, 0, 0, 0]",False,False,False,False
skype.com,captura_0000057_H123.csv,11,1,39,1,"[1, 0, 0, 0, 0, 0, 0, 0, 0, 0, 0, 0, 0]","[0, 0, 1, 2, 3, 2, 14, 2, 2, 6, 2, 3, 2]","[0, 1, 0, 0, 0, 0, 0, 0, 0, 0, 0, 0, 0]",False,False,False,False
skype.com,captura_0000057_H123.csv,12,1,38,1,"[1, 0, 0, 0, 0, 0, 0, 0, 0, 0, 0, 0, 0]","[0, 0, 1, 2, 3, 2, 14, 2, 2, 5, 2, 3, 2]","[0, 1, 0, 0, 0, 0, 0, 0, 0, 0, 0, 0, 0]",False,False,False,False
skype.com,captura_0000057_H123.csv,13,1,36,1,"[1, 0, 0, 0, 0, 0, 0, 0, 0, 0, 0, 0, 0]","[0, 0, 1, 2, 3, 11, 2, 2, 2, 6, 2, 3, 2]","[0, 1, 0, 0, 0, 0, 0, 0, 0, 0, 0, 0, 0]",False,False,False,False
skype.com,captura_0000057_H123.csv,14,1,39,1,"[1, 0, 0, 0, 0, 0, 0, 0, 0, 0, 0, 0, 0]","[0, 0, 1, 2, 3, 2, 14, 2, 2, 6, 2, 3, 2]","[0, 1, 0, 0, 0, 0, 0, 0, 0, 0, 0, 0, 0]",False,False,False,False
skype.com,captura_0000057_H123.csv,15,1,36,1,"[1, 0, 0, 0, 0, 0, 0, 0, 0, 0, 0, 0, 0]","[0, 0, 1, 2, 3, 2, 11, 2, 2, 6, 2, 3, 2]","[0, 1, 0, 0, 0, 0, 0, 0, 0, 0, 0, 0, 0]",False,False,False,False
skype.com,captura_0000057_H123.csv,16,1,39,1,"[1, 0, 0, 0, 0, 0, 0, 0, 0, 0, 0, 0, 0]","[0, 0, 1, 2, 3, 2, 14, 2, 2, 6, 2, 3, 2]","[0, 1, 0, 0, 0, 0, 0, 0, 0, 0, 0, 0, 0]",False,False,False,False
skype.com,captura_0000057_H123.csv,17,1,40,1,"[1, 0, 0, 0, 0, 0, 0, 0, 0, 0, 0, 0, 0]","[0, 0, 1, 2, 3, 2, 15, 2, 2, 6, 2, 3, 2]","[0, 1, 0, 0, 0, 0, 0, 0, 0, 0, 0, 0, 0]",False,False,False,False
skype.com,captura_0000057_H123.csv,18,1,37,1,"[1, 0, 0, 0, 0, 0, 0, 0, 0, 0, 0, 0, 0]","[0, 0, 1, 2, 3, 2, 12, 2, 2, 6, 2, 3, 2]","[0, 1, 0, 0, 0, 0, 0, 0, 0, 0, 0, 0, 0]",False,False,False,False
skype.com,captura_0000057_H123.csv,19,1,38,1,"[1, 0, 0, 0, 0, 0, 0, 0, 0, 0, 0, 0, 0]","[0, 0, 1, 2, 3, 2, 13, 2, 2, 6, 2, 3, 2]","[0, 1, 0, 0, 0, 0, 0, 0, 0, 0, 0, 0, 0]",False,False,False,False
snapchat.com,captura_0000110_H123.csv,5,2,32,57,"[1, 0, 0, 0, 0, 0, 0, 0, 0, 0, 0, 0, 0, 1, 0, 0]","[0, 0, 2, 0, 0, 2, 0, 8, 3, 5, 0, 2, 2, 0, 6, 2]","[0, 1, 0, 34, 8, 0, 1, 0, 0, 0, 13, 0, 0, 0, 0, 0]",False,False,False,False
snapchat.com,captura_0000110_H123.csv,7,2,32,57,"[1, 0, 0, 0, 0, 0, 0, 0, 0, 0, 0, 0, 0, 0, 1, 0]","[0, 0, 2, 0, 0, 2, 0, 8, 3, 4, 0, 2, 2, 7, 0, 2]","[0, 1, 0, 34, 8, 0, 1, 0, 0, 0, 13, 0, 0, 0, 0, 0]",False,False,False,False
snapchat.com,captura_0000110_H123.csv,8,2,30,57,"[1, 0, 0, 0, 0, 0, 0, 0, 0, 0, 0, 0, 0, 0, 1, 0]","[0, 0, 2, 0, 0, 2, 0, 8, 3, 4, 2, 0, 2, 5, 0, 2]","[0, 1, 0, 34, 8, 0, 1, 0, 0, 0, 0, 13, 0, 0, 0, 0]",False,False,False,False
snapchat.com,captura_0000110_H123.csv,10,2,30,57,"[1, 0, 0, 0, 0, 0, 0, 0, 0, 0, 0, 0, 0, 1, 0, 0]","[0, 0, 2, 0, 0, 2, 0, 3, 8, 4, 2, 0, 2, 0, 5, 2]","[0, 1, 0, 34, 8, 0, 1, 0, 0, 0, 0, 13, 0, 0, 0, 0]",False,False,False,False
snapchat.com,captura_0000110_H123.csv,12,2,32,57,"[1, 0, 0, 0, 0, 0, 0, 0, 0, 0, 0, 0, 0, 0, 1, 0]","[0, 0, 2, 0, 0, 2, 9, 0, 3, 6, 4, 0, 2, 2, 0, 2]","[0, 1, 0, 34, 8, 0, 0, 1, 0, 0, 0, 13, 0, 0, 0, 0]",False,False,False,False
snapchat.com,captura_0000110_H123.csv,13,2,31,57,"[1, 0, 0, 0, 0, 0, 0, 0, 0, 0, 0, 0, 0, 0, 1, 0]","[0, 0, 2, 0, 0, 2, 8, 3, 0, 4, 2, 0, 2, 6, 0, 2]","[0, 1, 0, 34, 8, 0, 0, 0, 1, 0, 0, 13, 0, 0, 0, 0]",False,False,False,False
snapchat.com,captura_0000110_H123.csv,17,2,33,57,"[1, 0, 0, 0, 0, 0, 0, 0, 0, 0, 0, 0, 0, 1, 0, 0]","[0, 0, 2, 0, 0, 2, 0, 3, 9, 5, 2, 0, 2, 0, 6, 2]","[0, 1, 0, 34, 8, 0, 1, 0, 0, 0, 0, 13, 0, 0, 0, 0]",False,False,False,False
snapchat.com,captura_0000110_H123.csv,18,2,32,57,"[1, 0, 0, 0, 0, 0, 0, 0, 0, 0, 0, 0, 0, 1, 0, 0]","[0, 0, 2, 0, 0, 2, 9, 3, 0, 4, 0, 2, 2, 0, 6, 2]","[0, 1, 0, 34, 8, 0, 0, 0, 1, 0, 13, 0, 0, 0, 0, 0]",False,False,False,False
snapchat.com,captura_0000110_H123.csv,19,2,31,57,"[1, 0, 0, 0, 0, 0, 0, 0, 0, 0, 0, 0, 0, 1, 0, 0]","[0, 0, 2, 0, 0, 2, 0, 8, 3, 4, 0, 2, 2, 0, 6, 2]","[0, 1, 0, 34, 8, 0, 1, 0, 0, 0, 13, 0, 0, 0, 0, 0]",False,False,False,False
snapchat.com,captura_0000110_H123.csv,20,2,33,57,"[1, 0, 0, 0, 0, 0, 0, 0, 0, 0, 0, 0, 0, 1, 0, 0]","[0, 0, 2, 0, 0, 2, 10, 0, 3, 4, 0, 2, 2, 0, 6, 2]","[0, 1, 0, 34, 8, 0, 0, 1, 0, 0, 13, 0, 0, 0, 0, 0]",False,False,False,False
soundcloud.com,captura_0000175_H123.csv,1,30,110,16,"[1, 0, 0, 0, 0, 0, 0, 0, 0, 0, 0, 0, 5, 1, 0, 5, 6, 3, 0, 5, 0, 0, 0, 0, 0, 0, 0, 0, 0, 0, 1, 0, 0, 0, 0, 0, 2, 0, 0, 0, 0, 0, 0, 0, 0, 0, 0, 0, 0, 1, 0, 0]","[0, 0, 8, 2, 5, 9, 1, 8, 8, 1, 0, 1, 0, 0, 3, 0, 0, 0, 4, 0, 2, 4, 2, 0, 0, 1, 3, 1, 1, 1, 0, 7, 8, 3, 1, 3, 0, 2, 2, 1, 1, 1, 2, 1, 1, 1, 6, 1, 0, 0, 2, 2]","[0, 1, 0, 0, 0, 0, 0, 0, 0, 0, 1, 0, 0, 0, 0, 0, 0, 0, 0, 0, 0, 0, 0, 2, 11, 0, 0, 0, 0, 0, 0, 0, 0, 0, 0, 0, 0, 0, 0, 0, 0, 0, 0, 0, 0, 0, 0, 0, 1, 0, 0, 0]",False,False,False,False
soundcloud.com,captura_0000175_H123.csv,2,28,112,16,"[1, 0, 0, 0, 0, 0, 0, 0, 0, 0, 5, 0, 0, 0, 7, 7, 3, 0, 1, 0, 0, 0, 0, 0, 0, 0, 0, 0, 1, 1, 0, 0, 0, 0, 0, 0, 0, 0, 0, 0, 0, 0, 0, 0, 0, 0, 2, 0, 0, 0, 0]","[0, 0, 8, 9, 10, 1, 5, 2, 8, 1, 0, 1, 0, 3, 0, 0, 0, 4, 0, 2, 4, 2, 0, 0, 1, 3, 1, 1, 0, 0, 8, 1, 1, 3, 2, 5, 2, 1, 1, 1, 1, 1, 1, 8, 3, 1, 0, 0, 2, 2, 2]","[0, 1, 0, 0, 0, 0, 0, 0, 0, 0, 0, 0, 1, 0, 0, 0, 0, 0, 0, 0, 0, 0, 2, 11, 0, 0, 0, 0, 0, 0, 0, 0, 0, 0, 0, 0, 0, 0, 0, 0, 0, 0, 0, 0, 0, 0, 0, 1, 0, 0, 0]",False,False,False,False
soundcloud.com,captura_0000175_H123.csv,3,29,107,16,"[1, 0, 0, 0, 0, 0, 0, 0, 0, 0, 5, 0, 0, 0, 0, 10, 6, 0, 0, 0, 0, 0, 0, 0, 0, 0, 0, 0, 0, 2, 1, 1, 0, 0, 0, 0, 0, 0, 0, 0, 0, 0, 0, 0, 0, 2, 0, 0, 1, 0, 0]","[0, 0, 8, 1, 9, 9, 2, 5, 8, 1, 0, 0, 1, 0, 3, 0, 0, 1, 3, 1, 1, 2, 2, 2, 4, 0, 1, 3, 2, 0, 0, 0, 1, 6, 6, 2, 1, 1, 1, 1, 1, 1, 7, 3, 1, 0, 0, 2, 0, 2, 2]","[0, 1, 0, 0, 0, 0, 0, 0, 0, 0, 0, 1, 0, 11, 0, 0, 0, 0, 0, 0, 0, 0, 0, 0, 0, 2, 0, 0, 0, 0, 0, 0, 0, 0, 0, 0, 0, 0, 0, 0, 0, 0, 0, 0, 0, 0, 1, 0, 0, 0, 0]",False,False,False,False
soundcloud.com,captura_0000175_H123.csv,5,28,110,16,"[1, 0, 0, 0, 0, 0, 0, 0, 0, 0, 5, 0, 0, 0, 7, 4, 6, 1, 0, 0, 0, 0, 0, 0, 1, 1, 0, 0, 0, 0, 0, 0, 0, 0, 0, 0, 0, 2, 0, 0, 0, 0, 0, 0, 0, 0, 0, 0, 0, 0, 0]","[0, 0, 9, 1, 10, 8, 2, 5, 8, 1, 0, 0, 3, 1, 0, 0, 0, 0, 2, 2, 2, 4, 0, 0, 0, 0, 7, 3, 1, 1, 1, 1, 1, 8, 3, 1, 3, 0, 2, 2, 6, 1, 1, 1, 2, 1, 1, 1, 0, 2, 2]","[0, 1, 0, 0, 0, 0, 0, 0, 0, 0, 0, 1, 0, 0, 0, 0, 0, 0, 0, 0, 0, 0, 2, 11, 0, 0, 0, 0, 0, 0, 0, 0, 0, 0, 0, 0, 0, 0, 0, 0, 0, 0, 0, 0, 0, 0, 0, 0, 1, 0, 0]",False,False,False,False
soundcloud.com,captura_0000175_H123.csv,6,29,109,16,"[1, 0, 0, 0, 0, 0, 0, 0, 0, 0, 0, 5, 0, 0, 0, 11, 4, 3, 0, 2, 0, 0, 0, 0, 0, 0, 0, 0, 0, 0, 0, 0, 0, 0, 0, 0, 0, 0, 0, 0, 0, 0, 0, 0, 2, 0, 0, 1, 0]","[0, 0, 8, 2, 5, 9, 11, 1, 8, 1, 0, 0, 1, 0, 3, 0, 0, 0, 4, 0, 2, 3, 1, 1, 4, 1, 2, 0, 1, 3, 1, 6, 2, 5, 2, 1, 1, 1, 1, 8, 3, 1, 1, 1, 0, 2, 0, 0, 2]","[0, 1, 0, 0, 0, 0, 0, 0, 0, 0, 1, 0, 0, 11, 0, 0, 0, 0, 0, 0, 0, 0, 0, 0, 0, 0, 0, 2, 0, 0, 0, 0, 0, 0, 0, 0, 0, 0, 0, 0, 0, 0, 0, 0, 0, 0, 1, 0, 0]",False,False,False,False
soundcloud.com,captura_0000175_H123.csv,7,29,108,16,"[1, 0, 0, 0, 0, 0, 0, 0, 0, 0, 5, 0, 0, 0, 0, 11, 4, 3, 2, 0, 0, 0, 0, 0, 0, 0, 0, 0, 0, 0, 0, 0, 0, 0, 0, 0, 0, 0, 0, 0, 0, 0, 0, 0, 2, 0, 0, 1, 0, 0]","[0, 0, 8, 1, 7, 9, 2, 5, 8, 1, 0, 0, 1, 0, 3, 0, 0, 0, 0, 2, 2, 3, 1, 1, 1, 2, 4, 0, 1, 3, 8, 1, 2, 5, 2, 1, 2, 1, 1, 1, 1, 1, 8, 3, 0, 2, 0, 0, 2, 2]","[0, 1, 0, 0, 0, 0, 0, 0, 0, 0, 0, 1, 0, 11, 0, 0, 0, 0, 0, 0, 0, 0, 0, 0, 0, 0, 0, 2, 0, 0, 0, 0, 0, 0, 0, 0, 0, 0, 0, 0, 0, 0, 0, 0, 0, 0, 1, 0, 0, 0]",False,False,False,False
soundcloud.com,captura_0000175_H123.csv,10,28,113,16,"[1, 0, 0, 0, 0, 0, 0, 0, 0, 0, 0, 5, 0, 0, 0, 0, 0, 7, 5, 6, 2, 0, 0, 0, 0, 0, 0, 0, 0, 0, 0, 0, 0, 0, 0, 0, 0, 0, 0, 0, 0, 0, 0, 0, 2, 0, 0, 0, 0]","[0, 0, 8, 2, 5, 1, 10, 9, 8, 1, 0, 0, 1, 4, 0, 4, 3, 0, 0, 0, 0, 2, 3, 1, 1, 3, 1, 0, 1, 3, 8, 2, 1, 2, 1, 5, 1, 1, 1, 1, 1, 8, 3, 1, 0, 2, 0, 2, 2]","[0, 1, 0, 0, 0, 0, 0, 0, 0, 0, 1, 0, 0, 0, 11, 0, 0, 0, 0, 0, 0, 0, 0, 0, 0, 0, 0, 2, 0, 0, 0, 0, 0, 0, 0, 0, 0, 0, 0, 0, 0, 0, 0, 0, 0, 0, 1, 0, 0]",False,False,False,False
soundcloud.com,captura_0000175_H123.csv,11,29,110,16,"[1, 0, 0, 0, 0, 0, 0, 0, 0, 0, 0, 5, 0, 0, 0, 3, 6, 2, 4, 0, 0, 0, 0, 0, 0, 0, 0, 0, 0, 1, 4, 0, 0, 0, 0, 0, 0, 0, 2, 0, 0, 0, 0, 0, 0, 0, 0, 0, 0, 1, 0, 0]","[0, 0, 8, 5, 9, 8, 2, 1, 8, 1, 0, 0, 1, 4, 3, 0, 0, 0, 0, 2, 4, 2, 0, 0, 1, 3, 1, 1, 1, 0, 0, 8, 5, 8, 3, 1, 1, 3, 0, 2, 2, 1, 1, 2, 1, 1, 1, 1, 0, 0, 2, 2]","[0, 1, 0, 0, 0, 0, 0, 0, 0, 0, 1, 0, 0, 0, 0, 0, 0, 0, 0, 0, 0, 0, 11, 2, 0, 0, 0, 0, 0, 0, 0, 0, 0, 0, 0, 0, 0, 0, 0, 0, 0, 0, 0, 0, 0, 0, 0, 0, 1, 0, 0, 0]",False,False,False,False
soundcloud.com,captura_0000175_H123.csv,12,29,113,16,"[1, 0, 0, 0, 0, 0, 0, 0, 0, 0, 5, 0, 0, 0, 3, 5, 6, 0, 5, 0, 0, 0, 0, 0, 0, 0, 0, 0, 0, 1, 0, 0, 0, 0, 0, 0, 2, 0, 0, 0, 0, 0, 0, 0, 0, 0, 0, 0, 1, 0, 0]","[0, 0, 8, 1, 10, 2, 10, 5, 9, 1, 0, 0, 1, 3, 0, 0, 0, 4, 0, 2, 4, 2, 0, 0, 1, 3, 1, 1, 1, 0, 6, 8, 3, 1, 1, 3, 0, 2, 2, 6, 2, 1, 1, 1, 1, 1, 1, 0, 0, 2, 2]","[0, 1, 0, 0, 0, 0, 0, 0, 0, 0, 0, 1, 0, 0, 0, 0, 0, 0, 0, 0, 0, 0, 11, 2, 0, 0, 0, 0, 0, 0, 0, 0, 0, 0, 0, 0, 0, 0, 0, 0, 0, 0, 0, 0, 0, 0, 0, 1, 0, 0, 0]",False,False,False,False
soundcloud.com,captura_0000175_H123.csv,13,29,108,16,"[1, 0, 0, 0, 0, 0, 0, 0, 0, 0, 5, 0, 0, 0, 0, 5, 9, 3, 0, 1, 0, 0, 0, 0, 0, 0, 0, 0, 0, 0, 1, 1, 0, 0, 0, 0, 0, 0, 2, 0, 0, 0, 0, 0, 0, 0, 0, 0, 0, 1, 0]","[0, 0, 8, 1, 2, 9, 9, 5, 8, 1, 0, 0, 1, 4, 3, 0, 0, 0, 4, 0, 2, 2, 0, 0, 1, 1, 3, 1, 1, 6, 0, 0, 6, 8, 3, 1, 1, 3, 0, 2, 2, 1, 1, 1, 1, 1, 2, 1, 0, 0, 2]","[0, 1, 0, 0, 0, 0, 0, 0, 0, 0, 0, 1, 0, 0, 0, 0, 0, 0, 0, 0, 0, 0, 11, 2, 0, 0, 0, 0, 0, 0, 0, 0, 0, 0, 0, 0, 0, 0, 0, 0, 0, 0, 0, 0, 0, 0, 0, 0, 1, 0, 0]",False,False,False,False
soundcloud.com,captura_0000175_H123.csv,16,29,114,16,"[1, 1, 0, 0, 0, 0, 0, 0, 0, 0, 0, 5, 0, 0, 0, 3, 3, 6, 0, 6, 0, 0, 0, 0, 0, 0, 0, 0, 0, 0, 1, 1, 0, 0, 0, 0, 0, 0, 2, 0, 0, 0, 0, 0, 0, 0, 0, 0, 0, 0, 0, 0, 0]","[0, 0, 0, 8, 1, 10, 10, 2, 5, 8, 1, 0, 0, 1, 3, 0, 0, 0, 4, 0, 2, 4, 2, 0, 0, 3, 1, 1, 1, 1, 0, 0, 7, 7, 3, 1, 3, 1, 0, 2, 2, 2, 6, 1, 1, 2, 1, 1, 1, 0, 1, 2, 2]","[0, 0, 1, 0, 0, 0, 0, 0, 0, 0, 0, 0, 1, 0, 0, 0, 0, 0, 0, 0, 0, 0, 0, 11, 2, 0, 0, 0, 0, 0, 0, 0, 0, 0, 0, 0, 0, 0, 0, 0, 0, 0, 0, 0, 0, 0, 0, 0, 0, 1, 0, 0, 0]",False,False,False,False
soundcloud.com,captura_0000175_H123.csv,18,28,109,16,"[1, 0, 0, 0, 0, 0, 0, 0, 0, 0, 5, 0, 0, 0, 3, 7, 2, 0, 3, 0, 0, 0, 0, 0, 0, 0, 0, 0, 0, 4, 1, 0, 0, 0, 0, 0, 0, 2, 0, 0, 0, 0, 0, 0, 0, 0, 0, 0, 0, 0, 0]","[0, 0, 8, 10, 1, 10, 2, 5, 8, 1, 0, 0, 1, 3, 0, 0, 0, 4, 0, 2, 3, 2, 0, 0, 1, 3, 1, 1, 1, 0, 0, 5, 8, 3, 1, 1, 3, 0, 2, 2, 1, 1, 1, 1, 1, 5, 2, 1, 0, 2, 2]","[0, 1, 0, 0, 0, 0, 0, 0, 0, 0, 0, 1, 0, 0, 0, 0, 0, 0, 0, 0, 0, 0, 11, 2, 0, 0, 0, 0, 0, 0, 0, 0, 0, 0, 0, 0, 0, 0, 0, 0, 0, 0, 0, 0, 0, 0, 0, 0, 1, 0, 0]",False,False,False,False
soundcloud.com,captura_0000175_H123.csv,19,28,112,16,"[1, 0, 0, 0, 0, 0, 0, 0, 0, 0, 5, 0, 0, 0, 0, 7, 4, 3, 0, 5, 0, 0, 0, 0, 0, 0, 0, 0, 0, 0, 0, 0, 1, 0, 0, 0, 0, 0, 0, 0, 0, 0, 0, 0, 0, 2, 0, 0, 0, 0]","[0, 0, 8, 1, 10, 10, 2, 5, 8, 1, 0, 0, 1, 0, 3, 0, 0, 0, 4, 0, 2, 3, 1, 1, 1, 2, 4, 0, 1, 3, 6, 1, 0, 7, 2, 2, 1, 1, 1, 7, 3, 1, 1, 1, 1, 0, 2, 0, 2, 2]","[0, 1, 0, 0, 0, 0, 0, 0, 0, 0, 0, 1, 0, 11, 0, 0, 0, 0, 0, 0, 0, 0, 0, 0, 0, 0, 0, 2, 0, 0, 0, 0, 0, 0, 0, 0, 0, 0, 0, 0, 0, 0, 0, 0, 0, 0, 0, 1, 0, 0]",False,False,False,False
spotify.com,captura_0000066_H123.csv,2,22,64,260,"[1, 0, 0, 0, 0, 0, 0, 0, 0, 0, 0, 0, 0, 0, 0, 0, 0, 0, 0, 0, 0, 0, 0, 0, 0, 0, 0, 0, 0, 0, 4, 3, 4, 3, 3, 4, 0, 0, 0]","[0, 0, 1, 3, 3, 0, 5, 2, 2, 2, 1, 2, 3, 0, 0, 1, 2, 2, 0, 0, 0, 2, 2, 5, 0, 5, 7, 1, 1, 0, 0, 0, 0, 0, 0, 0, 5, 5, 2]","[0, 1, 0, 0, 0, 1, 0, 0, 0, 0, 0, 0, 0, 154, 64, 0, 0, 0, 2, 7, 28, 0, 0, 0, 1, 0, 0, 0, 0, 2, 0, 0, 0, 0, 0, 0, 0, 0, 0]",False,False,False,False
spotify.com,captura_0000066_H123.csv,3,22,63,259,"[1, 0, 0, 0, 0, 0, 0, 0, 0, 0, 0, 0, 0, 0, 0, 0, 0, 0, 0, 0, 0, 0, 0, 0, 0, 0, 0, 0, 0, 0, 4, 3, 4, 3, 3, 4, 0, 0, 0, 0]","[0, 0, 1, 3, 3, 0, 5, 2, 2, 2, 1, 2, 1, 3, 2, 0, 0, 1, 2, 0, 0, 0, 2, 2, 0, 5, 7, 1, 1, 0, 0, 0, 0, 0, 0, 0, 5, 2, 2, 6]","[0, 1, 0, 0, 0, 1, 0, 0, 0, 0, 0, 0, 0, 0, 0, 153, 64, 0, 0, 2, 7, 28, 0, 0, 1, 0, 0, 0, 0, 2, 0, 0, 0, 0, 0, 0, 0, 0, 0, 0]",False,False,False,False
spotify.com,captura_0000066_H123.csv,4,22,67,261,"[1, 0, 0, 0, 0, 0, 0, 0, 0, 0, 0, 0, 0, 0, 0, 0, 0, 0, 0, 0, 0, 0, 0, 0, 0, 0, 0, 0, 0, 0, 4, 3, 4, 3, 4, 3, 0, 0, 0, 0]","[0, 0, 1, 3, 3, 4, 1, 0, 2, 2, 2, 1, 2, 0, 3, 2, 0, 1, 4, 0, 0, 0, 2, 2, 0, 5, 7, 1, 1, 0, 0, 0, 0, 0, 0, 0, 5, 4, 2, 7]","[0, 1, 0, 0, 0, 0, 0, 1, 0, 0, 0, 0, 0, 154, 0, 0, 65, 0, 0, 2, 7, 28, 0, 0, 1, 0, 0, 0, 0, 2, 0, 0, 0, 0, 0, 0, 0, 0, 0, 0]",False,False,False,False
spotify.com,captura_0000066_H123.csv,5,22,64,259,"[1, 0, 0, 0, 0, 0, 0, 0, 0, 0, 0, 0, 0, 0, 0, 0, 0, 0, 0, 0, 0, 0, 0, 0, 0, 0, 0, 0, 0, 0, 4, 4, 3, 3, 3, 4, 0, 0, 0]","[0, 0, 1, 3, 3, 0, 2, 5, 2, 1, 2, 2, 3, 0, 0, 2, 1, 2, 0, 0, 0, 2, 2, 6, 0, 5, 7, 1, 1, 0, 0, 0, 0, 0, 0, 0, 5, 4, 2]","[0, 1, 0, 0, 0, 1, 0, 0, 0, 0, 0, 0, 0, 154, 64, 0, 0, 0, 2, 7, 27, 0, 0, 0, 1, 0, 0, 0, 0, 2, 0, 0, 0, 0, 0, 0, 0, 0, 0]",False,False,False,False
spotify.com,captura_0000066_H123.csv,6,22,66,259,"[1, 0, 0, 0, 0, 0, 0, 0, 0, 0, 0, 0, 0, 0, 0, 0, 0, 0, 0, 0, 0, 0, 0, 0, 0, 0, 0, 0, 0, 0, 4, 4, 3, 3, 3, 4, 0, 0, 0, 0]","[0, 0, 1, 3, 3, 0, 2, 5, 2, 1, 2, 1, 2, 3, 2, 0, 0, 1, 5, 0, 0, 0, 2, 2, 0, 5, 7, 1, 1, 0, 0, 0, 0, 0, 0, 0, 5, 2, 2, 6]","[0, 1, 0, 0, 0, 1, 0, 0, 0, 0, 0, 0, 0, 0, 0, 153, 64, 0, 0, 2, 7, 28, 0, 0, 1, 0, 0, 0, 0, 2, 0, 0, 0, 0, 0, 0, 0, 0, 0, 0]",False,False,False,False
spotify.com,captura_0000066_H123.csv,8,22,63,261,"[1, 0, 0, 0, 0, 0, 0, 0, 0, 0, 0, 0, 0, 0, 0, 0, 0, 0, 0, 0, 0, 0, 0, 0, 0, 0, 0, 0, 0, 0, 4, 3, 3, 4, 4, 3, 0, 0, 0]","[0, 0, 1, 3, 3, 5, 2, 0, 2, 2, 2, 3, 1, 0, 0, 1, 2, 2, 0, 0, 0, 2, 2, 0, 5, 7, 1, 5, 1, 0, 0, 0, 0, 0, 0, 0, 5, 4, 2]","[0, 1, 0, 0, 0, 0, 0, 1, 0, 0, 0, 0, 0, 153, 64, 0, 0, 0, 2, 7, 30, 0, 0, 1, 0, 0, 0, 0, 0, 2, 0, 0, 0, 0, 0, 0, 0, 0, 0]",False,False,False,False
spotify.com,captura_0000066_H123.csv,9,22,65,260,"[1, 0, 0, 0, 0, 0, 0, 0, 0, 0, 0, 0, 0, 0, 0, 0, 0, 0, 0, 0, 0, 0, 0, 0, 0, 0, 0, 0, 0, 0, 3, 3, 4, 4, 3, 4, 0, 0, 0]","[0, 0, 1, 3, 3, 0, 2, 1, 2, 5, 2, 2, 3, 2, 0, 0, 1, 2, 0, 0, 3, 0, 2, 0, 5, 6, 7, 1, 1, 0, 0, 0, 0, 0, 0, 0, 5, 4, 2]","[0, 1, 0, 0, 0, 1, 0, 0, 0, 0, 0, 0, 0, 0, 155, 64, 0, 0, 2, 7, 0, 27, 0, 1, 0, 0, 0, 0, 0, 2, 0, 0, 0, 0, 0, 0, 0, 0, 0]",False,False,False,False
spotify.com,captura_0000066_H123.csv,11,22,65,260,"[1, 0, 0, 0, 0, 0, 0, 0, 0, 0, 0, 0, 0, 0, 0, 0, 0, 0, 0, 0, 0, 0, 0, 0, 0, 0, 0, 0, 0, 0, 3, 4, 4, 4, 3, 3, 0, 0, 0]","[0, 0, 1, 3, 3, 5, 2, 0, 2, 1, 2, 2, 3, 0, 0, 1, 2, 2, 0, 0, 0, 2, 2, 0, 5, 7, 1, 1, 7, 0, 0, 0, 0, 0, 0, 0, 5, 4, 2]","[0, 1, 0, 0, 0, 0, 0, 1, 0, 0, 0, 0, 0, 153, 64, 0, 0, 0, 2, 7, 29, 0, 0, 1, 0, 0, 0, 0, 0, 2, 0, 0, 0, 0, 0, 0, 0, 0, 0]",False,False,False,False
spotify.com,captura_0000066_H123.csv,12,22,62,258,"[1, 0, 0, 0, 0, 0, 0, 0, 0, 0, 0, 0, 0, 0, 0, 0, 0, 0, 0, 0, 0, 0, 0, 0, 0, 0, 0, 0, 0, 0, 4, 5, 3, 3, 3, 3, 0, 0, 0]","[0, 0, 1, 2, 3, 0, 2, 1, 5, 2, 2, 2, 3, 0, 0, 2, 1, 2, 0, 0, 0, 2, 2, 0, 5, 7, 1, 1, 7, 0, 0, 0, 0, 0, 0, 0, 5, 2, 2]","[0, 1, 0, 0, 0, 1, 0, 0, 0, 0, 0, 0, 0, 153, 64, 0, 0, 0, 2, 7, 27, 0, 0, 1, 0, 0, 0, 0, 0, 2, 0, 0, 0, 0, 0, 0, 0, 0, 0]",False,False,False,False
spotify.com,captura_0000066_H123.csv,15,22,65,260,"[1, 0, 0, 0, 0, 0, 0, 0, 0, 0, 0, 0, 0, 0, 0, 0, 0, 0, 0, 0, 0, 0, 0, 0, 0, 0, 0, 0, 0, 0, 4, 3, 4, 3, 3, 4, 0, 0, 0, 0]","[0, 0, 1, 3, 3, 5, 2, 0, 3, 2, 2, 1, 2, 3, 0, 0, 2, 1, 2, 0, 0, 0, 2, 2, 0, 5, 7, 1, 1, 0, 0, 0, 0, 0, 0, 0, 5, 2, 6, 2]","[0, 1, 0, 0, 0, 0, 0, 1, 0, 0, 0, 0, 0, 0, 154, 64, 0, 0, 0, 2, 7, 28, 0, 0, 1, 0, 0, 0, 0, 2, 0, 0, 0, 0, 0, 0, 0, 0, 0, 0]",False,False,False,False
spotify.com,captura_0000066_H123.csv,16,22,66,259,"[1, 0, 0, 0, 0, 0, 0, 0, 0, 0, 0, 0, 0, 0, 0, 0, 0, 0, 0, 0, 0, 0, 0, 0, 0, 0, 0, 0, 0, 0, 3, 4, 4, 3, 4, 3, 0, 0, 0, 0]","[0, 0, 1, 3, 3, 5, 2, 0, 2, 2, 2, 1, 2, 3, 0, 0, 2, 1, 2, 0, 0, 0, 2, 2, 0, 5, 7, 1, 1, 0, 0, 0, 0, 0, 0, 0, 5, 4, 2, 6]","[0, 1, 0, 0, 0, 0, 0, 1, 0, 0, 0, 0, 0, 0, 153, 64, 0, 0, 0, 2, 7, 28, 0, 0, 1, 0, 0, 0, 0, 2, 0, 0, 0, 0, 0, 0, 0, 0, 0, 0]",False,False,False,False
spotify.com,captura_0000066_H123.csv,17,22,65,261,"[1, 0, 0, 0, 0, 0, 0, 0, 0, 0, 0, 0, 0, 0, 0, 0, 0, 0, 0, 0, 0, 0, 0, 0, 0, 0, 0, 0, 0, 0, 0, 3, 4, 4, 3, 3, 4, 0, 0, 0]","[0, 0, 1, 3, 3, 0, 5, 2, 1, 2, 2, 1, 2, 3, 0, 0, 2, 1, 2, 0, 0, 0, 2, 2, 0, 5, 7, 1, 1, 0, 5, 0, 0, 0, 0, 0, 0, 6, 4, 2]","[0, 1, 0, 0, 0, 1, 0, 0, 0, 0, 0, 0, 0, 0, 154, 64, 0, 0, 0, 2, 7, 29, 0, 0, 1, 0, 0, 0, 0, 2, 0, 0, 0, 0, 0, 0, 0, 0, 0, 0]",False,False,False,False
spotify.com,captura_0000066_H123.csv,18,22,66,259,"[1, 0, 0, 0, 0, 0, 0, 0, 0, 0, 0, 0, 0, 0, 0, 0, 0, 0, 0, 0, 0, 0, 0, 0, 0, 0, 0, 0, 0, 0, 4, 3, 3, 4, 4, 3, 0, 0, 0, 0]","[0, 0, 1, 3, 3, 0, 3, 5, 2, 1, 2, 1, 2, 3, 0, 0, 2, 1, 2, 0, 0, 0, 2, 2, 0, 5, 7, 1, 1, 0, 0, 0, 0, 0, 0, 0, 5, 4, 6, 2]","[0, 1, 0, 0, 0, 1, 0, 0, 0, 0, 0, 0, 0, 0, 153, 64, 0, 0, 0, 2, 7, 28, 0, 0, 1, 0, 0, 0, 0, 2, 0, 0, 0, 0, 0, 0, 0, 0, 0, 0]",False,False,False,False
spotify.com,captura_0000066_H123.csv,19,22,65,260,"[1, 0, 0, 0, 0, 0, 0, 0, 0, 0, 0, 0, 0, 0, 0, 0, 0, 0, 0, 0, 0, 0, 0, 0, 0, 0, 0, 0, 0, 0, 4, 3, 5, 3, 3, 3, 0, 0, 0]","[0, 0, 1, 3, 3, 5, 2, 0, 3, 2, 1, 3, 2, 2, 0, 0, 1, 2, 0, 0, 0, 2, 2, 0, 5, 7, 1, 1, 7, 0, 0, 0, 0, 0, 0, 0, 5, 3, 2]","[0, 1, 0, 0, 0, 0, 0, 1, 0, 0, 0, 0, 0, 0, 153, 64, 0, 0, 2, 7, 29, 0, 0, 1, 0, 0, 0, 0, 0, 2, 0, 0, 0, 0, 0, 0, 0, 0, 0]",False,False,False,False
spotify.com,captura_0000066_H123.csv,20,22,65,260,"[1, 0, 0, 0, 0, 0, 0, 0, 0, 0, 0, 0, 0, 0, 0, 0, 0, 0, 0, 0, 0, 0, 0, 0, 0, 0, 0, 0, 0, 0, 0, 3, 4, 4, 3, 4, 3, 0, 0, 0]","[0, 0, 1, 3, 3, 5, 2, 0, 2, 2, 1, 2, 1, 3, 0, 0, 2, 1, 2, 0, 0, 0, 2, 2, 0, 5, 7, 1, 1, 0, 6, 0, 0, 0, 0, 0, 0, 5, 4, 2]","[0, 1, 0, 0, 0, 0, 0, 1, 0, 0, 0, 0, 0, 0, 153, 64, 0, 0, 0, 2, 7, 29, 0, 0, 1, 0, 0, 0, 0, 2, 0, 0, 0, 0, 0, 0, 0, 0, 0, 0]",False,False,False,False
t-online.de,captura_0000140_H123.csv,1,1,78,26,"[1, 0, 0, 0, 0, 0, 0, 0, 0, 0, 0, 0, 0, 0, 0, 0, 0, 0, 0, 0, 0, 0]","[0, 0, 1, 11, 0, 10, 8, 2, 9, 0, 4, 2, 4, 9, 1, 2, 2, 5, 1, 2, 3, 2]","[0, 1, 0, 0, 22, 0, 0, 0, 0, 3, 0, 0, 0, 0, 0, 0, 0, 0, 0, 0, 0, 0]",False,False,False,False
t-online.de,captura_0000140_H123.csv,2,1,73,37,"[1, 0, 0, 0, 0, 0, 0, 0, 0, 0, 0, 0, 0, 0, 0, 0, 0, 0, 0, 0, 0]","[0, 1, 0, 10, 8, 9, 0, 2, 0, 9, 5, 2, 1, 10, 1, 2, 2, 1, 2, 2, 6]","[0, 0, 1, 0, 0, 0, 23, 0, 13, 0, 0, 0, 0, 0, 0, 0, 0, 0, 0, 0, 0]",False,False,False,False
t-online.de,captura_0000140_H123.csv,4,1,75,33,"[1, 0, 0, 0, 0, 0, 0, 0, 0, 0, 0, 0, 0, 0, 0, 0, 0, 0, 0, 0, 0]","[0, 0, 1, 10, 8, 11, 0, 10, 2, 0, 4, 2, 1, 10, 1, 2, 2, 1, 2, 2, 6]","[0, 1, 0, 0, 0, 0, 22, 0, 0, 10, 0, 0, 0, 0, 0, 0, 0, 0, 0, 0, 0]",False,False,False,False
t-online.de,captura_0000140_H123.csv,5,1,75,33,"[1, 0, 0, 0, 0, 0, 0, 0, 0, 0, 0, 0, 0, 0, 0, 0, 0, 0, 0, 0, 0, 0]","[0, 0, 1, 11, 8, 0, 9, 2, 7, 0, 4, 4, 9, 1, 2, 2, 2, 1, 2, 2, 6, 2]","[0, 1, 0, 0, 0, 22, 0, 0, 0, 10, 0, 0, 0, 0, 0, 0, 0, 0, 0, 0, 0, 0]",False,False,False,False
t-online.de,captura_0000140_H123.csv,6,1,71,37,"[1, 0, 0, 0, 0, 0, 0, 0, 0, 0, 0, 0, 0, 0, 0, 0, 0, 0, 0, 0, 0]","[0, 0, 1, 12, 8, 7, 0, 2, 0, 8, 4, 1, 9, 1, 2, 2, 2, 1, 2, 3, 6]","[0, 1, 0, 0, 0, 0, 22, 0, 14, 0, 0, 0, 0, 0, 0, 0, 0, 0, 0, 0, 0]",False,False,False,False
t-online.de,captura_0000140_H123.csv,7,1,72,37,"[1, 0, 0, 0, 0, 0, 0, 0, 0, 0, 0, 0, 0, 0, 0, 0, 0, 0, 0, 0, 0, 0]","[0, 0, 1, 9, 8, 8, 0, 0, 9, 2, 5, 2, 1, 9, 1, 2, 2, 1, 2, 2, 6, 2]","[0, 1, 0, 0, 0, 0, 22, 14, 0, 0, 0, 0, 0, 0, 0, 0, 0, 0, 0, 0, 0, 0]",False,False,False,False
t-online.de,captura_0000140_H123.csv,8,1,75,35,"[1, 0, 0, 0, 0, 0, 0, 0, 0, 0, 0, 0, 0, 0, 0, 0, 0, 0, 0, 0, 0]","[0, 0, 1, 11, 8, 9, 0, 2, 9, 0, 4, 4, 2, 9, 1, 2, 2, 1, 2, 3, 5]","[0, 1, 0, 0, 0, 0, 22, 0, 0, 12, 0, 0, 0, 0, 0, 0, 0, 0, 0, 0, 0]",False,False,False,False
t-online.de,captura_0000140_H123.csv,9,1,76,25,"[1, 0, 0, 0, 0, 0, 0, 0, 0, 0, 0, 0, 0, 0, 0, 0, 0, 0, 0, 0, 0, 0]","[0, 0, 1, 12, 0, 8, 12, 2, 9, 0, 5, 1, 2, 6, 1, 2, 2, 1, 2, 2, 6, 2]","[0, 1, 0, 0, 21, 0, 0, 0, 0, 3, 0, 0, 0, 0, 0, 0, 0, 0, 0, 0, 0, 0]",False,False,False,False
t-online.de,captura_0000140_H123.csv,10,1,79,37,"[1, 0, 0, 0, 0, 0, 0, 0, 0, 0, 0, 0, 0, 0, 0, 0, 0, 0, 0, 0, 0, 0]","[0, 0, 1, 9, 8, 7, 0, 0, 10, 2, 4, 2, 7, 10, 1, 2, 2, 1, 2, 3, 6, 2]","[0, 1, 0, 0, 0, 0, 22, 14, 0, 0, 0, 0, 0, 0, 0, 0, 0, 0, 0, 0, 0, 0]",False,False,False,False
t-online.de,captura_0000140_H123.csv,11,1,80,26,"[1, 0, 0, 0, 0, 0, 0, 0, 0, 0, 0, 0, 0, 0, 0, 0, 0, 0, 0, 0, 0, 0]","[0, 0, 1, 11, 8, 16, 0, 2, 8, 0, 4, 1, 2, 9, 1, 2, 2, 5, 1, 2, 3, 2]","[0, 1, 0, 0, 0, 0, 22, 0, 0, 3, 0, 0, 0, 0, 0, 0, 0, 0, 0, 0, 0, 0]",False,False,False,False
t-online.de,captura_0000140_H123.csv,13,1,74,33,"[1, 0, 0, 0, 0, 0, 0, 0, 0, 0, 0, 0, 0, 0, 0, 0, 0, 0, 0, 0, 0, 0]","[0, 0, 1, 11, 8, 11, 0, 2, 7, 0, 4, 1, 2, 9, 1, 2, 2, 1, 2, 2, 6, 2]","[0, 1, 0, 0, 0, 0, 22, 0, 0, 10, 0, 0, 0, 0, 0, 0, 0, 0, 0, 0, 0, 0]",False,False,False,False
t-online.de,captura_0000140_H123.csv,14,1,72,27,"[1, 0, 0, 0, 0, 0, 0, 0, 0, 0, 0, 0, 0, 0, 0, 0, 0, 0, 0, 0, 0, 0]","[0, 0, 1, 10, 9, 9, 0, 2, 0, 7, 4, 2, 1, 9, 1, 2, 2, 1, 2, 2, 6, 2]","[0, 1, 0, 0, 0, 0, 23, 0, 3, 0, 0, 0, 0, 0, 0, 0, 0, 0, 0, 0, 0, 0]",False,False,False,False
t-online.de,captura_0000140_H123.csv,15,1,77,33,"[1, 0, 0, 0, 0, 0, 0, 0, 0, 0, 0, 0, 0, 0, 0, 0, 0, 0, 0, 0, 0]","[0, 0, 1, 9, 8, 11, 0, 2, 9, 4, 0, 4, 10, 1, 2, 2, 2, 1, 2, 3, 6]","[0, 1, 0, 0, 0, 0, 22, 0, 0, 0, 10, 0, 0, 0, 0, 0, 0, 0, 0, 0, 0]",False,False,False,False
t-online.de,captura_0000140_H123.csv,16,1,74,33,"[1, 0, 0, 0, 0, 0, 0, 0, 0, 0, 0, 0, 0, 0, 0, 0, 0, 0, 0, 0, 0, 0]","[0, 0, 1, 10, 8, 10, 0, 2, 8, 4, 0, 1, 9, 1, 2, 2, 2, 1, 2, 2, 7, 2]","[0, 1, 0, 0, 0, 0, 22, 0, 0, 0, 10, 0, 0, 0, 0, 0, 0, 0, 0, 0, 0, 0]",False,False,False,False
t-online.de,captura_0000140_H123.csv,17,1,75,33,"[1, 0, 0, 0, 0, 0, 0, 0, 0, 0, 0, 0, 0, 0, 0, 0, 0, 0, 0, 0, 0]","[0, 0, 1, 11, 0, 8, 10, 2, 9, 0, 5, 1, 2, 10, 1, 2, 2, 1, 2, 2, 6]","[0, 1, 0, 0, 22, 0, 0, 0, 0, 10, 0, 0, 0, 0, 0, 0, 0, 0, 0, 0, 0]",False,False,False,False
t-online.de,captura_0000140_H123.csv,19,1,77,33,"[1, 0, 0, 0, 0, 0, 0, 0, 0, 0, 0, 0, 0, 0, 0, 0, 0, 0, 0, 0, 0]","[0, 0, 1, 13, 8, 12, 0, 2, 9, 0, 4, 1, 2, 9, 1, 2, 2, 1, 2, 2, 6]","[0, 1, 0, 0, 0, 0, 22, 0, 0, 10, 0, 0, 0, 0, 0, 0, 0, 0, 0, 0, 0]",False,False,False,False
t-online.de,captura_0000140_H123.csv,20,1,76,26,"[1, 0, 0, 0, 0, 0, 0, 0, 0, 0, 0, 0, 0, 0, 0, 0, 0, 0, 0, 0, 0, 0]","[0, 0, 1, 9, 8, 13, 0, 8, 2, 4, 0, 1, 9, 1, 2, 2, 2, 1, 2, 3, 6, 2]","[0, 1, 0, 0, 0, 0, 22, 0, 0, 0, 3, 0, 0, 0, 0, 0, 0, 0, 0, 0, 0, 0]",False,False,False,False
t.co,captura_0000176_H123.csv,1,1,9,1,"[1, 0, 0, 0, 0]","[0, 0, 2, 1, 6]","[0, 1, 0, 0, 0]",False,False,False,False
t.co,captura_0000176_H123.csv,2,1,9,1,"[1, 0, 0, 0, 0]","[0, 0, 2, 1, 6]","[0, 1, 0, 0, 0]",False,False,False,False
t.co,captura_0000176_H123.csv,3,1,9,1,"[1, 0, 0, 0, 0]","[0, 0, 2, 1, 6]","[0, 1, 0, 0, 0]",False,False,False,False
t.co,captura_0000176_H123.csv,4,1,9,1,"[1, 0, 0, 0, 0]","[0, 0, 2, 1, 6]","[0, 1, 0, 0, 0]",False,False,False,False
t.co,captura_0000176_H123.csv,5,1,9,1,"[1, 0, 0, 0, 0]","[0, 0, 2, 1, 6]","[0, 1, 0, 0, 0]",False,False,False,False
t.co,captura_0000176_H123.csv,6,1,9,1,"[1, 0, 0, 0, 0]","[0, 0, 2, 1, 6]","[0, 1, 0, 0, 0]",False,False,False,False
t.co,captura_0000176_H123.csv,7,1,9,1,"[1, 0, 0, 0, 0]","[0, 0, 2, 1, 6]","[0, 1, 0, 0, 0]",False,False,False,False
t.co,captura_0000176_H123.csv,8,1,9,1,"[1, 0, 0, 0, 0]","[0, 0, 2, 1, 6]","[0, 1, 0, 0, 0]",False,False,False,False
t.co,captura_0000176_H123.csv,9,1,9,1,"[1, 0, 0, 0, 0]","[0, 0, 2, 1, 6]","[0, 1, 0, 0, 0]",False,False,False,False
t.co,captura_0000176_H123.csv,10,1,9,1,"[1, 0, 0, 0, 0]","[0, 0, 2, 1, 6]","[0, 1, 0, 0, 0]",False,False,False,False
t.co,captura_0000176_H123.csv,11,1,9,1,"[1, 0, 0, 0, 0]","[0, 0, 2, 1, 6]","[0, 1, 0, 0, 0]",False,False,False,False
t.co,captura_0000176_H123.csv,12,1,9,1,"[1, 0, 0, 0, 0]","[0, 0, 2, 1, 6]","[0, 1, 0, 0, 0]",False,False,False,False
t.co,captura_0000176_H123.csv,13,1,9,1,"[1, 0, 0, 0, 0]","[0, 0, 2, 1, 6]","[0, 1, 0, 0, 0]",False,False,False,False
t.co,captura_0000176_H123.csv,14,1,9,1,"[1, 0, 0, 0, 0]","[0, 0, 2, 1, 6]","[0, 1, 0, 0, 0]",False,False,False,False
t.co,captura_0000176_H123.csv,16,1,9,1,"[1, 0, 0, 0, 0]","[0, 0, 2, 1, 6]","[0, 1, 0, 0, 0]",False,False,False,False
t.co,captura_0000176_H123.csv,17,1,9,1,"[1, 0, 0, 0, 0]","[0, 0, 2, 1, 6]","[0, 1, 0, 0, 0]",False,False,False,False
t.co,captura_0000176_H123.csv,18,1,9,1,"[1, 0, 0, 0, 0]","[0, 0, 2, 1, 6]","[0, 1, 0, 0, 0]",False,False,False,False
t.co,captura_0000176_H123.csv,19,1,9,1,"[1, 0, 0, 0, 0]","[0, 0, 2, 1, 6]","[0, 1, 0, 0, 0]",False,False,False,False
t.co,captura_0000176_H123.csv,20,1,9,1,"[1, 0, 0, 0, 0]","[0, 0, 2, 1, 6]","[0, 1, 0, 0, 0]",False,False,False,False
t.me,captura_0000118_H123.csv,2,1,51,1,"[1, 0, 0, 0, 0]","[0, 0, 1, 44, 6]","[0, 1, 0, 0, 0]",False,False,False,False
t.me,captura_0000118_H123.csv,3,1,53,1,"[1, 0, 0, 0, 0]","[0, 0, 1, 46, 6]","[0, 1, 0, 0, 0]",False,False,False,False
t.me,captura_0000118_H123.csv,4,1,52,1,"[1, 0, 0, 0, 0]","[0, 0, 1, 45, 6]","[0, 1, 0, 0, 0]",False,False,False,False
t.me,captura_0000118_H123.csv,5,1,52,1,"[1, 0, 0, 0, 0]","[0, 0, 1, 45, 6]","[0, 1, 0, 0, 0]",False,False,False,False
t.me,captura_0000118_H123.csv,6,1,51,1,"[1, 0, 0, 0, 0]","[0, 0, 1, 44, 6]","[0, 1, 0, 0, 0]",False,False,False,False
t.me,captura_0000118_H123.csv,7,1,51,1,"[1, 0, 0, 0, 0, 0]","[0, 0, 1, 42, 6, 2]","[0, 1, 0, 0, 0, 0]",False,False,False,False
t.me,captura_0000118_H123.csv,8,1,50,1,"[1, 0, 0, 0, 0]","[0, 0, 1, 43, 6]","[0, 1, 0, 0, 0]",False,False,False,False
t.me,captura_0000118_H123.csv,9,1,53,1,"[1, 0, 0, 0, 0, 0]","[0, 0, 1, 44, 6, 2]","[0, 1, 0, 0, 0, 0]",False,False,False,False
t.me,captura_0000118_H123.csv,10,1,53,1,"[1, 0, 0, 0, 0]","[0, 0, 1, 46, 6]","[0, 1, 0, 0, 0]",False,False,False,False
t.me,captura_0000118_H123.csv,12,1,52,1,"[1, 0, 0, 0, 0]","[0, 0, 1, 45, 6]","[0, 1, 0, 0, 0]",False,False,False,False
t.me,captura_0000118_H123.csv,13,1,52,1,"[1, 0, 0, 0, 0]","[0, 0, 1, 45, 6]","[0, 1, 0, 0, 0]",False,False,False,False
t.me,captura_0000118_H123.csv,14,1,51,1,"[1, 0, 0, 0, 0]","[0, 0, 1, 44, 6]","[0, 1, 0, 0, 0]",False,False,False,False
t.me,captura_0000118_H123.csv,15,1,51,1,"[1, 0, 0, 0, 0]","[0, 0, 1, 44, 6]","[0, 1, 0, 0, 0]",False,False,False,False
t.me,captura_0000118_H123.csv,17,1,51,1,"[1, 0, 0, 0, 0]","[0, 0, 1, 44, 6]","[0, 1, 0, 0, 0]",False,False,False,False
t.me,captura_0000118_H123.csv,18,1,52,1,"[1, 0, 0, 0, 0]","[0, 0, 1, 45, 6]","[0, 1, 0, 0, 0]",False,False,False,False
t.me,captura_0000118_H123.csv,19,1,50,1,"[1, 0, 0, 0, 0]","[0, 0, 1, 43, 6]","[0, 1, 0, 0, 0]",False,False,False,False
telekom.de,captura_0000095_H123.csv,5,1,21,60,"[1, 0, 0, 0, 0, 0, 0, 0]","[0, 0, 11, 2, 0, 0, 6, 2]","[0, 1, 0, 0, 56, 3, 0, 0]",False,False,False,False
telekom.de,captura_0000095_H123.csv,6,1,20,60,"[1, 0, 0, 0, 0, 0, 0, 0]","[0, 0, 11, 2, 0, 0, 5, 2]","[0, 1, 0, 0, 56, 3, 0, 0]",False,False,False,False
telekom.de,captura_0000095_H123.csv,7,1,21,60,"[1, 0, 0, 0, 0, 0, 0, 0]","[0, 0, 11, 2, 0, 0, 6, 2]","[0, 1, 0, 0, 56, 3, 0, 0]",False,False,False,False
telekom.de,captura_0000095_H123.csv,8,1,21,60,"[1, 0, 0, 0, 0, 0, 0, 0]","[0, 0, 11, 2, 0, 0, 6, 2]","[0, 1, 0, 0, 56, 3, 0, 0]",False,False,False,False
telekom.de,captura_0000095_H123.csv,9,1,21,60,"[1, 0, 0, 0, 0, 0, 0, 0]","[0, 0, 11, 2, 0, 0, 6, 2]","[0, 1, 0, 0, 56, 3, 0, 0]",False,False,False,False
telekom.de,captura_0000095_H123.csv,11,1,21,60,"[1, 0, 0, 0, 0, 0, 0, 0]","[0, 0, 11, 2, 0, 0, 6, 2]","[0, 1, 0, 0, 56, 3, 0, 0]",False,False,False,False
telekom.de,captura_0000095_H123.csv,12,1,21,60,"[1, 0, 0, 0, 0, 0, 0, 0]","[0, 0, 11, 2, 0, 0, 6, 2]","[0, 1, 0, 0, 56, 3, 0, 0]",False,False,False,False
telekom.de,captura_0000095_H123.csv,13,1,21,60,"[1, 0, 0, 0, 0, 0, 0, 0]","[0, 0, 11, 2, 0, 0, 6, 2]","[0, 1, 0, 0, 56, 3, 0, 0]",False,False,False,False
telekom.de,captura_0000095_H123.csv,14,1,22,60,"[1, 0, 0, 0, 0, 0, 0, 0]","[0, 0, 11, 2, 0, 0, 7, 2]","[0, 1, 0, 0, 56, 3, 0, 0]",False,False,False,False
telekom.de,captura_0000095_H123.csv,15,1,22,60,"[1, 0, 0, 0, 0, 0, 0, 0]","[0, 0, 11, 3, 0, 0, 6, 2]","[0, 1, 0, 0, 56, 3, 0, 0]",False,False,False,False
telekom.de,captura_0000095_H123.csv,16,1,21,60,"[1, 0, 0, 0, 0, 0, 0, 0]","[0, 0, 11, 2, 0, 0, 6, 2]","[0, 1, 0, 0, 56, 3, 0, 0]",False,False,False,False
telekom.de,captura_0000095_H123.csv,17,1,21,60,"[1, 0, 0, 0, 0, 0, 0, 0]","[0, 0, 11, 2, 0, 0, 6, 2]","[0, 1, 0, 0, 56, 3, 0, 0]",False,False,False,False
telekom.de,captura_0000095_H123.csv,18,1,22,60,"[1, 0, 0, 0, 0, 0, 0, 0]","[0, 0, 11, 2, 0, 0, 7, 2]","[0, 1, 0, 0, 56, 3, 0, 0]",False,False,False,False
telekom.de,captura_0000095_H123.csv,19,1,20,60,"[1, 0, 0, 0, 0, 0, 0, 0]","[0, 0, 11, 2, 0, 0, 5, 2]","[0, 1, 0, 0, 56, 3, 0, 0]",False,False,False,False
telekom.de,captura_0000095_H123.csv,20,1,21,60,"[1, 0, 0, 0, 0, 0, 0, 0]","[0, 0, 11, 2, 0, 0, 6, 2]","[0, 1, 0, 0, 56, 3, 0, 0]",False,False,False,False
telekom.net,captura_0000124_H123.csv,1,5,44,1,"[1, 0, 1, 0, 0, 0, 0, 1, 1, 1, 0, 0]","[0, 0, 0, 27, 2, 3, 2, 0, 0, 0, 6, 4]","[0, 1, 0, 0, 0, 0, 0, 0, 0, 0, 0, 0]",False,False,False,False
telekom.net,captura_0000124_H123.csv,2,5,43,1,"[1, 0, 1, 0, 0, 0, 1, 1, 1, 0, 0, 0]","[0, 0, 0, 26, 2, 3, 0, 0, 0, 2, 4, 6]","[0, 1, 0, 0, 0, 0, 0, 0, 0, 0, 0, 0]",False,False,False,False
telekom.net,captura_0000124_H123.csv,3,5,44,1,"[1, 0, 1, 0, 0, 0, 1, 1, 1, 0, 0, 0]","[0, 0, 0, 27, 3, 2, 0, 0, 0, 2, 4, 6]","[0, 1, 0, 0, 0, 0, 0, 0, 0, 0, 0, 0]",False,False,False,False
telekom.net,captura_0000124_H123.csv,4,5,44,1,"[1, 0, 1, 0, 0, 0, 1, 1, 1, 0, 0, 0]","[0, 0, 0, 27, 2, 3, 0, 0, 0, 2, 4, 6]","[0, 1, 0, 0, 0, 0, 0, 0, 0, 0, 0, 0]",False,False,False,False
telekom.net,captura_0000124_H123.csv,6,5,43,1,"[1, 0, 1, 0, 0, 0, 1, 1, 1, 0, 0, 0]","[0, 0, 0, 26, 3, 2, 0, 0, 0, 2, 4, 6]","[0, 1, 0, 0, 0, 0, 0, 0, 0, 0, 0, 0]",False,False,False,False
telekom.net,captura_0000124_H123.csv,7,5,46,1,"[1, 0, 1, 0, 0, 0, 1, 1, 1, 0, 0, 0, 0]","[0, 0, 0, 27, 3, 2, 0, 0, 0, 2, 4, 6, 2]","[0, 1, 0, 0, 0, 0, 0, 0, 0, 0, 0, 0, 0]",False,False,False,False
telekom.net,captura_0000124_H123.csv,8,5,43,1,"[1, 0, 1, 0, 0, 0, 1, 1, 1, 0, 0, 0]","[0, 0, 0, 26, 2, 3, 0, 0, 0, 2, 4, 6]","[0, 1, 0, 0, 0, 0, 0, 0, 0, 0, 0, 0]",False,False,False,False
telekom.net,captura_0000124_H123.csv,9,5,46,1,"[1, 0, 1, 0, 0, 0, 1, 1, 1, 0, 0, 0, 0]","[0, 0, 0, 27, 3, 2, 0, 0, 0, 2, 4, 6, 2]","[0, 1, 0, 0, 0, 0, 0, 0, 0, 0, 0, 0, 0]",False,False,False,False
telekom.net,captura_0000124_H123.csv,10,5,45,1,"[1, 0, 1, 0, 0, 0, 1, 1, 1, 0, 0, 0, 0]","[0, 0, 0, 26, 2, 3, 0, 0, 0, 2, 4, 6, 2]","[0, 1, 0, 0, 0, 0, 0, 0, 0, 0, 0, 0, 0]",False,False,False,False
telekom.net,captura_0000124_H123.csv,11,5,48,1,"[1, 0, 1, 0, 0, 0, 1, 1, 1, 0, 0, 0, 0]","[0, 0, 0, 28, 3, 2, 0, 0, 0, 2, 7, 4, 2]","[0, 1, 0, 0, 0, 0, 0, 0, 0, 0, 0, 0, 0]",False,False,False,False
telekom.net,captura_0000124_H123.csv,12,5,46,1,"[1, 0, 1, 0, 0, 0, 1, 1, 1, 0, 0, 0, 0]","[0, 0, 0, 27, 2, 3, 0, 0, 0, 2, 4, 6, 2]","[0, 1, 0, 0, 0, 0, 0, 0, 0, 0, 0, 0, 0]",False,False,False,False
telekom.net,captura_0000124_H123.csv,13,5,45,1,"[1, 0, 1, 0, 0, 0, 1, 1, 1, 0, 0, 0, 0]","[0, 0, 0, 26, 3, 2, 0, 0, 0, 2, 4, 6, 2]","[0, 1, 0, 0, 0, 0, 0, 0, 0, 0, 0, 0, 0]",False,False,False,False
telekom.net,captura_0000124_H123.csv,14,5,46,1,"[1, 0, 1, 0, 0, 0, 1, 1, 1, 0, 0, 0, 0]","[0, 0, 0, 27, 2, 3, 0, 0, 0, 2, 4, 6, 2]","[0, 1, 0, 0, 0, 0, 0, 0, 0, 0, 0, 0, 0]",False,False,False,False
telekom.net,captura_0000124_H123.csv,15,5,45,1,"[1, 0, 1, 0, 0, 0, 1, 1, 1, 0, 0, 0, 0]","[0, 0, 0, 26, 3, 2, 0, 0, 0, 2, 4, 6, 2]","[0, 1, 0, 0, 0, 0, 0, 0, 0, 0, 0, 0, 0]",False,False,False,False
telekom.net,captura_0000124_H123.csv,16,5,45,1,"[1, 0, 1, 0, 0, 0, 1, 1, 1, 0, 0, 0]","[0, 0, 0, 28, 2, 3, 0, 0, 0, 2, 4, 6]","[0, 1, 0, 0, 0, 0, 0, 0, 0, 0, 0, 0]",False,False,False,False
telekom.net,captura_0000124_H123.csv,17,5,46,1,"[1, 0, 1, 0, 0, 0, 1, 1, 1, 0, 0, 0, 0]","[0, 0, 0, 27, 3, 2, 0, 0, 0, 2, 4, 6, 2]","[0, 1, 0, 0, 0, 0, 0, 0, 0, 0, 0, 0, 0]",False,False,False,False
telekom.net,captura_0000124_H123.csv,18,5,45,1,"[1, 0, 1, 0, 0, 0, 1, 1, 1, 0, 0, 0, 0]","[0, 0, 0, 26, 3, 2, 0, 0, 0, 2, 4, 6, 2]","[0, 1, 0, 0, 0, 0, 0, 0, 0, 0, 0, 0, 0]",False,False,False,False
telekom.net,captura_0000124_H123.csv,19,5,43,1,"[1, 0, 1, 0, 0, 0, 1, 1, 1, 0, 0, 0]","[0, 0, 0, 26, 3, 2, 0, 0, 0, 2, 4, 6]","[0, 1, 0, 0, 0, 0, 0, 0, 0, 0, 0, 0]",False,False,False,False
telekom.net,captura_0000124_H123.csv,20,5,43,1,"[1, 0, 1, 0, 0, 0, 1, 1, 1, 0, 0, 0]","[0, 0, 0, 26, 3, 2, 0, 0, 0, 2, 4, 6]","[0, 1, 0, 0, 0, 0, 0, 0, 0, 0, 0, 0]",False,False,False,False
theguardian.com,captura_0000183_H123.csv,1,1,45,64,"[1, 0, 0, 0, 0, 0, 0, 0, 0]","[0, 0, 23, 0, 3, 0, 11, 6, 2]","[0, 1, 0, 49, 0, 14, 0, 0, 0]",False,False,False,False
theguardian.com,captura_0000183_H123.csv,2,1,47,64,"[1, 0, 0, 0, 0, 0, 0, 0, 0]","[0, 0, 24, 0, 4, 11, 0, 6, 2]","[0, 1, 0, 49, 0, 0, 14, 0, 0]",False,False,False,False
theguardian.com,captura_0000183_H123.csv,3,1,45,64,"[1, 0, 0, 0, 0, 0, 0, 0, 0]","[0, 0, 23, 0, 3, 11, 0, 6, 2]","[0, 1, 0, 49, 0, 0, 14, 0, 0]",False,False,False,False
theguardian.com,captura_0000183_H123.csv,4,1,42,64,"[1, 0, 0, 0, 0, 0, 0, 0]","[0, 0, 23, 0, 3, 10, 0, 6]","[0, 1, 0, 49, 0, 0, 14, 0]",False,False,False,False
theguardian.com,captura_0000183_H123.csv,5,1,42,64,"[1, 0, 0, 0, 0, 0, 0, 0]","[0, 0, 23, 0, 3, 10, 0, 6]","[0, 1, 0, 49, 0, 0, 14, 0]",False,False,False,False
theguardian.com,captura_0000183_H123.csv,6,1,44,64,"[1, 0, 0, 0, 0, 0, 0, 0]","[0, 0, 22, 0, 5, 11, 0, 6]","[0, 1, 0, 49, 0, 0, 14, 0]",False,False,False,False
theguardian.com,captura_0000183_H123.csv,7,1,42,64,"[1, 0, 0, 0, 0, 0, 0, 0]","[0, 0, 22, 0, 3, 11, 0, 6]","[0, 1, 0, 49, 0, 0, 14, 0]",False,False,False,False
theguardian.com,captura_0000183_H123.csv,8,1,46,64,"[1, 0, 0, 0, 0, 0, 0, 0, 0]","[0, 0, 24, 0, 4, 0, 10, 6, 2]","[0, 1, 0, 49, 0, 14, 0, 0, 0]",False,False,False,False
theguardian.com,captura_0000183_H123.csv,9,1,45,64,"[1, 0, 0, 0, 0, 0, 0, 0]","[0, 0, 24, 0, 4, 11, 0, 6]","[0, 1, 0, 49, 0, 0, 14, 0]",False,False,False,False
theguardian.com,captura_0000183_H123.csv,11,1,42,64,"[1, 0, 0, 0, 0, 0, 0, 0]","[0, 0, 23, 0, 3, 10, 0, 6]","[0, 1, 0, 49, 0, 0, 14, 0]",False,False,False,False
theguardian.com,captura_0000183_H123.csv,12,1,43,64,"[1, 0, 0, 0, 0, 0, 0, 0]","[0, 0, 23, 0, 3, 11, 0, 6]","[0, 1, 0, 49, 0, 0, 14, 0]",False,False,False,False
theguardian.com,captura_0000183_H123.csv,15,1,46,64,"[1, 0, 0, 0, 0, 0, 0, 0]","[0, 0, 25, 0, 4, 11, 0, 6]","[0, 1, 0, 49, 0, 0, 14, 0]",False,False,False,False
theguardian.com,captura_0000183_H123.csv,16,1,44,64,"[1, 0, 0, 0, 0, 0, 0, 0, 0]","[0, 0, 22, 0, 3, 11, 0, 6, 2]","[0, 1, 0, 49, 0, 0, 14, 0, 0]",False,False,False,False
theguardian.com,captura_0000183_H123.csv,17,1,48,64,"[1, 0, 0, 0, 0, 0, 0, 0, 0]","[0, 0, 26, 0, 3, 11, 0, 6, 2]","[0, 1, 0, 49, 0, 0, 14, 0, 0]",False,False,False,False
theguardian.com,captura_0000183_H123.csv,19,1,46,64,"[1, 0, 0, 0, 0, 0, 0, 0, 0]","[0, 0, 24, 0, 3, 11, 0, 6, 2]","[0, 1, 0, 49, 0, 0, 14, 0, 0]",False,False,False,False
theguardian.com,captura_0000183_H123.csv,20,1,42,64,"[1, 0, 0, 0, 0, 0, 0, 0]","[0, 0, 22, 0, 4, 0, 10, 6]","[0, 1, 0, 49, 0, 14, 0, 0]",False,False,False,False
tiktok.com,captura_0000080_H123.csv,1,2,352,10,"[1, 0, 0, 0, 0, 0, 0, 0, 0, 0, 0, 0, 0, 0, 0, 0, 0, 0, 0, 0, 0, 0, 0, 0, 0, 0, 0, 1, 0, 0, 0, 0, 0, 0, 0]","[0, 0, 1, 32, 80, 6, 1, 20, 34, 6, 4, 8, 33, 38, 2, 2, 3, 18, 1, 2, 5, 1, 4, 3, 0, 9, 17, 0, 6, 1, 1, 2, 8, 2, 2]","[0, 1, 0, 0, 0, 0, 0, 0, 0, 0, 0, 0, 0, 0, 0, 0, 0, 0, 0, 0, 0, 0, 0, 0, 9, 0, 0, 0, 0, 0, 0, 0, 0, 0, 0]",False,False,False,False
tiktok.com,captura_0000080_H123.csv,2,2,327,10,"[1, 0, 0, 0, 0, 0, 0, 0, 0, 0, 0, 0, 0, 0, 0, 0, 0, 0, 0, 0, 0, 0, 0, 0, 0, 0, 0, 1, 0, 0, 0, 0, 0]","[0, 0, 2, 32, 6, 80, 1, 14, 31, 3, 6, 11, 30, 2, 32, 2, 3, 5, 2, 16, 1, 1, 3, 0, 5, 14, 6, 0, 5, 2, 8, 2, 2]","[0, 1, 0, 0, 0, 0, 0, 0, 0, 0, 0, 0, 0, 0, 0, 0, 0, 0, 0, 0, 0, 0, 0, 9, 0, 0, 0, 0, 0, 0, 0, 0, 0]",False,False,False,False
tiktok.com,captura_0000080_H123.csv,3,6,351,9,"[1, 0, 0, 0, 0, 0, 0, 0, 0, 0, 0, 0, 0, 0, 0, 0, 0, 0, 2, 0, 0, 0, 0, 0, 0, 0, 0, 0, 0, 0, 0, 0, 1, 2, 0, 0]","[0, 0, 2, 33, 93, 6, 1, 18, 14, 35, 3, 6, 30, 11, 2, 34, 11, 2, 0, 2, 1, 5, 3, 1, 0, 15, 2, 5, 2, 8, 2, 1, 0, 0, 2, 1]","[0, 1, 0, 0, 0, 0, 0, 0, 0, 0, 0, 0, 0, 0, 0, 0, 0, 0, 0, 0, 0, 0, 0, 0, 8, 0, 0, 0, 0, 0, 0, 0, 0, 0, 0, 0]",False,False,False,False
tiktok.com,captura_0000080_H123.csv,4,7,349,10,"[1, 0, 0, 0, 0, 0, 0, 0, 0, 0, 0, 0, 0, 0, 0, 0, 0, 2, 0, 0, 0, 0, 0, 0, 0, 0, 0, 0, 0, 0, 0, 0, 1, 1, 2, 0, 0, 0]","[0, 0, 1, 32, 6, 88, 1, 17, 35, 6, 8, 3, 30, 34, 19, 2, 11, 0, 2, 3, 2, 1, 1, 3, 0, 5, 1, 16, 2, 8, 1, 2, 0, 0, 0, 2, 1, 6]","[0, 1, 0, 0, 0, 0, 0, 0, 0, 0, 0, 0, 0, 0, 0, 0, 0, 0, 0, 0, 0, 0, 0, 0, 9, 0, 0, 0, 0, 0, 0, 0, 0, 0, 0, 0, 0, 0]",False,False,False,False
tiktok.com,captura_0000080_H123.csv,5,1,337,10,"[1, 0, 0, 0, 0, 0, 0, 0, 0, 0, 0, 0, 0, 0, 0, 0, 0, 0, 0, 0, 0, 0, 0, 0, 0, 0, 0, 0, 0, 0, 0, 0, 0]","[0, 0, 1, 32, 91, 6, 1, 15, 33, 3, 6, 8, 32, 34, 1, 1, 2, 2, 13, 1, 1, 5, 6, 3, 5, 0, 15, 6, 1, 1, 8, 2, 2]","[0, 1, 0, 0, 0, 0, 0, 0, 0, 0, 0, 0, 0, 0, 0, 0, 0, 0, 0, 0, 0, 0, 0, 0, 0, 9, 0, 0, 0, 0, 0, 0, 0]",False,False,False,False
tiktok.com,captura_0000080_H123.csv,6,6,328,10,"[1, 0, 0, 0, 0, 0, 0, 0, 0, 0, 0, 0, 0, 0, 0, 0, 2, 0, 0, 0, 0, 0, 0, 0, 0, 0, 0, 0, 0, 0, 0, 0, 0, 1, 2, 0, 0]","[0, 0, 1, 32, 82, 6, 1, 36, 3, 6, 8, 30, 14, 35, 8, 2, 0, 10, 1, 6, 1, 1, 2, 1, 1, 5, 2, 8, 2, 1, 3, 0, 17, 0, 0, 1, 2]","[0, 1, 0, 0, 0, 0, 0, 0, 0, 0, 0, 0, 0, 0, 0, 0, 0, 0, 0, 0, 0, 0, 0, 0, 0, 0, 0, 0, 0, 0, 0, 9, 0, 0, 0, 0, 0]",False,False,False,False
tiktok.com,captura_0000080_H123.csv,7,2,333,11,"[1, 0, 0, 0, 0, 0, 0, 0, 0, 0, 0, 0, 0, 0, 0, 0, 0, 0, 0, 0, 0, 0, 0, 0, 0, 0, 0, 0, 1, 0, 0, 0, 0, 0]","[0, 0, 1, 32, 6, 78, 1, 17, 35, 3, 6, 8, 28, 2, 2, 40, 1, 11, 1, 2, 1, 8, 4, 3, 5, 0, 17, 6, 0, 1, 2, 8, 2, 2]","[0, 1, 0, 0, 0, 0, 0, 0, 0, 0, 0, 0, 0, 0, 0, 0, 0, 0, 0, 0, 0, 0, 0, 0, 0, 10, 0, 0, 0, 0, 0, 0, 0, 0]",False,False,False,False
tiktok.com,captura_0000080_H123.csv,8,2,328,9,"[1, 0, 0, 0, 0, 0, 0, 0, 0, 0, 0, 0, 0, 0, 0, 0, 0, 0, 0, 0, 0, 0, 0, 0, 0, 0, 1, 0, 0, 0, 0, 0, 0, 0]","[0, 0, 1, 31, 87, 7, 1, 21, 3, 6, 8, 33, 17, 36, 2, 3, 2, 13, 2, 1, 5, 6, 1, 3, 7, 0, 0, 15, 2, 2, 8, 2, 1, 2]","[0, 1, 0, 0, 0, 0, 0, 0, 0, 0, 0, 0, 0, 0, 0, 0, 0, 0, 0, 0, 0, 0, 0, 0, 0, 8, 0, 0, 0, 0, 0, 0, 0, 0]",False,False,False,False
tiktok.com,captura_0000080_H123.csv,9,6,343,10,"[1, 0, 0, 0, 0, 0, 0, 0, 0, 0, 0, 0, 0, 0, 0, 0, 0, 0, 2, 0, 0, 0, 0, 0, 0, 0, 0, 0, 0, 0, 0, 0, 1, 2, 0, 0]","[0, 0, 1, 33, 89, 6, 1, 14, 36, 3, 6, 8, 30, 35, 17, 2, 8, 2, 0, 5, 3, 3, 1, 1, 3, 0, 5, 15, 2, 8, 2, 1, 0, 0, 2, 1]","[0, 1, 0, 0, 0, 0, 0, 0, 0, 0, 0, 0, 0, 0, 0, 0, 0, 0, 0, 0, 0, 0, 0, 0, 0, 9, 0, 0, 0, 0, 0, 0, 0, 0, 0, 0]",False,False,False,False
tiktok.com,captura_0000080_H123.csv,10,6,355,9,"[1, 0, 0, 0, 0, 0, 0, 0, 0, 0, 0, 0, 0, 0, 0, 0, 0, 0, 2, 0, 0, 0, 0, 0, 0, 0, 0, 0, 0, 0, 0, 0, 0, 1, 0, 2, 0]","[0, 0, 1, 30, 101, 6, 1, 14, 36, 3, 6, 29, 8, 2, 11, 32, 20, 2, 0, 1, 7, 1, 2, 1, 3, 0, 15, 1, 5, 2, 8, 3, 1, 0, 2, 0, 1]","[0, 1, 0, 0, 0, 0, 0, 0, 0, 0, 0, 0, 0, 0, 0, 0, 0, 0, 0, 0, 0, 0, 0, 0, 0, 8, 0, 0, 0, 0, 0, 0, 0, 0, 0, 0, 0]",False,False,False,False
tiktok.com,captura_0000080_H123.csv,11,1,361,10,"[1, 0, 0, 0, 0, 0, 0, 0, 0, 0, 0, 0, 0, 0, 0, 0, 0, 0, 0, 0, 0, 0, 0, 0, 0, 0, 0, 0, 0, 0, 0, 0, 0, 0, 0]","[0, 0, 2, 33, 6, 90, 1, 18, 3, 35, 6, 11, 31, 34, 2, 8, 2, 12, 6, 6, 5, 3, 3, 1, 2, 0, 5, 1, 5, 2, 15, 8, 2, 1, 2]","[0, 1, 0, 0, 0, 0, 0, 0, 0, 0, 0, 0, 0, 0, 0, 0, 0, 0, 0, 0, 0, 0, 0, 0, 0, 9, 0, 0, 0, 0, 0, 0, 0, 0, 0]",False,False,False,False
tiktok.com,captura_0000080_H123.csv,12,6,347,11,"[1, 0, 0, 0, 0, 0, 0, 0, 0, 0, 0, 0, 0, 0, 0, 0, 0, 0, 2, 0, 0, 0, 0, 0, 0, 0, 0, 0, 0, 0, 0, 0, 0, 1, 2, 0, 0]","[0, 0, 1, 32, 93, 6, 20, 1, 14, 33, 3, 6, 11, 30, 2, 30, 2, 11, 0, 1, 3, 5, 0, 1, 2, 1, 16, 2, 5, 2, 8, 2, 1, 0, 0, 1, 2]","[0, 1, 0, 0, 0, 0, 0, 0, 0, 0, 0, 0, 0, 0, 0, 0, 0, 0, 0, 0, 0, 0, 10, 0, 0, 0, 0, 0, 0, 0, 0, 0, 0, 0, 0, 0, 0]",False,False,False,False
tiktok.com,captura_0000080_H123.csv,13,1,346,10,"[1, 0, 0, 0, 0, 0, 0, 0, 0, 0, 0, 0, 0, 0, 0, 0, 0, 0, 0, 0, 0, 0, 0, 0, 0, 0, 0, 0, 0, 0, 0, 0, 0, 0, 0]","[0, 0, 1, 31, 6, 88, 2, 36, 6, 3, 30, 8, 36, 5, 13, 7, 2, 6, 10, 2, 7, 2, 1, 1, 1, 5, 5, 2, 2, 0, 8, 2, 15, 1, 2]","[0, 1, 0, 0, 0, 0, 0, 0, 0, 0, 0, 0, 0, 0, 0, 0, 0, 0, 0, 0, 0, 0, 0, 0, 0, 0, 0, 0, 0, 9, 0, 0, 0, 0, 0]",False,False,False,False
tiktok.com,captura_0000080_H123.csv,14,6,345,9,"[1, 0, 0, 0, 0, 0, 0, 0, 0, 0, 0, 0, 0, 0, 0, 0, 0, 0, 2, 0, 0, 0, 0, 0, 0, 0, 0, 0, 0, 0, 0, 1, 0, 2, 0, 0, 0]","[0, 0, 1, 33, 6, 85, 1, 17, 34, 6, 3, 8, 30, 2, 33, 19, 2, 11, 0, 7, 2, 1, 3, 1, 0, 16, 1, 2, 8, 2, 1, 0, 2, 0, 2, 1, 5]","[0, 1, 0, 0, 0, 0, 0, 0, 0, 0, 0, 0, 0, 0, 0, 0, 0, 0, 0, 0, 0, 0, 0, 0, 8, 0, 0, 0, 0, 0, 0, 0, 0, 0, 0, 0, 0]",False,False,False,False
tiktok.com,captura_0000080_H123.csv,15,6,348,9,"[1, 0, 0, 0, 0, 0, 0, 0, 0, 0, 0, 0, 0, 0, 0, 0, 0, 0, 0, 2, 0, 0, 0, 0, 0, 0, 0, 0, 0, 0, 0, 0, 0, 1, 0, 2, 0]","[0, 0, 1, 31, 88, 6, 1, 10, 3, 37, 6, 15, 7, 30, 8, 1, 38, 11, 2, 0, 7, 2, 2, 1, 3, 0, 16, 5, 2, 8, 2, 1, 1, 0, 2, 0, 1]","[0, 1, 0, 0, 0, 0, 0, 0, 0, 0, 0, 0, 0, 0, 0, 0, 0, 0, 0, 0, 0, 0, 0, 0, 0, 8, 0, 0, 0, 0, 0, 0, 0, 0, 0, 0, 0]",False,False,False,False
tiktok.com,captura_0000080_H123.csv,16,7,351,10,"[1, 0, 0, 0, 0, 0, 0, 0, 0, 0, 0, 0, 0, 0, 0, 0, 0, 0, 1, 2, 0, 0, 0, 0, 0, 0, 0, 0, 0, 0, 0, 0, 0, 0, 1, 2, 0, 0]","[0, 0, 1, 32, 101, 6, 1, 10, 3, 36, 6, 11, 30, 14, 1, 36, 8, 2, 0, 0, 3, 2, 1, 1, 3, 0, 5, 5, 1, 2, 16, 8, 2, 1, 0, 0, 2, 1]","[0, 1, 0, 0, 0, 0, 0, 0, 0, 0, 0, 0, 0, 0, 0, 0, 0, 0, 0, 0, 0, 0, 0, 0, 0, 9, 0, 0, 0, 0, 0, 0, 0, 0, 0, 0, 0, 0]",False,False,False,False
tiktok.com,captura_0000080_H123.csv,17,6,357,9,"[1, 0, 0, 0, 0, 0, 0, 0, 0, 0, 0, 0, 0, 0, 0, 0, 0, 0, 2, 0, 0, 0, 0, 0, 0, 0, 0, 0, 0, 0, 0, 1, 2, 0, 0]","[0, 0, 2, 32, 6, 102, 1, 16, 16, 3, 36, 6, 8, 29, 2, 2, 11, 37, 0, 5, 1, 2, 3, 0, 16, 5, 1, 8, 2, 1, 1, 0, 0, 2, 1]","[0, 1, 0, 0, 0, 0, 0, 0, 0, 0, 0, 0, 0, 0, 0, 0, 0, 0, 0, 0, 0, 0, 0, 8, 0, 0, 0, 0, 0, 0, 0, 0, 0, 0, 0]",False,False,False,False
tiktok.com,captura_0000080_H123.csv,18,6,352,10,"[1, 0, 0, 0, 0, 0, 0, 0, 0, 0, 0, 0, 0, 0, 0, 0, 0, 0, 2, 0, 0, 0, 0, 0, 0, 0, 0, 0, 0, 0, 0, 0, 1, 0, 2, 0]","[0, 0, 1, 32, 6, 105, 1, 14, 34, 4, 15, 6, 3, 30, 8, 2, 32, 8, 0, 5, 1, 2, 2, 1, 4, 0, 5, 16, 2, 7, 2, 1, 0, 2, 0, 1]","[0, 1, 0, 0, 0, 0, 0, 0, 0, 0, 0, 0, 0, 0, 0, 0, 0, 0, 0, 0, 0, 0, 0, 0, 0, 9, 0, 0, 0, 0, 0, 0, 0, 0, 0, 0]",False,False,False,False
tiktok.com,captura_0000080_H123.csv,19,1,319,10,"[1, 0, 0, 0, 0, 0, 0, 0, 0, 0, 0, 0, 0, 0, 0, 0, 0, 0, 0, 0, 0, 0, 0, 0, 0, 0, 0, 0, 0, 0, 0, 0]","[0, 0, 2, 32, 63, 6, 1, 21, 33, 3, 6, 8, 32, 2, 36, 2, 1, 2, 15, 1, 2, 1, 0, 6, 15, 3, 8, 2, 2, 6, 2, 6]","[0, 1, 0, 0, 0, 0, 0, 0, 0, 0, 0, 0, 0, 0, 0, 0, 0, 0, 0, 0, 0, 0, 9, 0, 0, 0, 0, 0, 0, 0, 0, 0]",False,False,False,False
tiktok.com,captura_0000080_H123.csv,20,3,327,9,"[1, 0, 0, 0, 0, 0, 0, 0, 0, 0, 0, 0, 0, 0, 0, 0, 0, 0, 0, 0, 0, 0, 0, 0, 0, 0, 0, 1, 1, 0, 0, 0, 0, 0, 0]","[0, 0, 1, 32, 80, 6, 1, 13, 3, 31, 6, 32, 8, 32, 1, 4, 15, 2, 1, 2, 1, 4, 6, 3, 0, 5, 17, 0, 0, 6, 2, 1, 8, 2, 2]","[0, 1, 0, 0, 0, 0, 0, 0, 0, 0, 0, 0, 0, 0, 0, 0, 0, 0, 0, 0, 0, 0, 0, 0, 8, 0, 0, 0, 0, 0, 0, 0, 0, 0, 0]",False,False,False,False
tiktokv.com,captura_0000068_H123.csv,1,1,8,1,"[1, 0, 0, 0]","[0, 0, 2, 6]","[0, 1, 0, 0]",False,False,False,False
tiktokv.com,captura_0000068_H123.csv,2,1,8,1,"[1, 0, 0, 0]","[0, 0, 2, 6]","[0, 1, 0, 0]",False,False,False,False
tiktokv.com,captura_0000068_H123.csv,3,1,8,1,"[1, 0, 0, 0]","[0, 0, 2, 6]","[0, 1, 0, 0]",False,False,False,False
tiktokv.com,captura_0000068_H123.csv,4,1,8,1,"[1, 0, 0, 0]","[0, 0, 2, 6]","[0, 1, 0, 0]",False,False,False,False
tiktokv.com,captura_0000068_H123.csv,5,1,8,1,"[1, 0, 0, 0]","[0, 0, 2, 6]","[0, 1, 0, 0]",False,False,False,False
tiktokv.com,captura_0000068_H123.csv,7,1,8,1,"[1, 0, 0, 0]","[0, 0, 2, 6]","[0, 1, 0, 0]",False,False,False,False
tiktokv.com,captura_0000068_H123.csv,8,1,8,1,"[1, 0, 0, 0]","[0, 0, 2, 6]","[0, 1, 0, 0]",False,False,False,False
tiktokv.com,captura_0000068_H123.csv,9,1,8,1,"[1, 0, 0, 0]","[0, 0, 2, 6]","[0, 1, 0, 0]",False,False,False,False
tiktokv.com,captura_0000068_H123.csv,11,1,8,1,"[1, 0, 0, 0]","[0, 0, 2, 6]","[0, 1, 0, 0]",False,False,False,False
tiktokv.com,captura_0000068_H123.csv,12,1,8,1,"[1, 0, 0, 0]","[0, 0, 2, 6]","[0, 1, 0, 0]",False,False,False,False
tiktokv.com,captura_0000068_H123.csv,13,1,8,1,"[1, 0, 0, 0]","[0, 0, 2, 6]","[0, 1, 0, 0]",False,False,False,False
tiktokv.com,captura_0000068_H123.csv,14,1,8,1,"[1, 0, 0, 0]","[0, 0, 2, 6]","[0, 1, 0, 0]",False,False,False,False
tiktokv.com,captura_0000068_H123.csv,15,1,8,1,"[1, 0, 0, 0]","[0, 0, 2, 6]","[0, 1, 0, 0]",False,False,False,False
tiktokv.com,captura_0000068_H123.csv,16,1,8,1,"[1, 0, 0, 0]","[0, 0, 2, 6]","[0, 1, 0, 0]",False,False,False,False
tiktokv.com,captura_0000068_H123.csv,17,1,8,1,"[1, 0, 0, 0]","[0, 0, 2, 6]","[0, 1, 0, 0]",False,False,False,False
tiktokv.com,captura_0000068_H123.csv,19,1,8,1,"[1, 0, 0, 0]","[0, 0, 2, 6]","[0, 1, 0, 0]",False,False,False,False
tiktokv.com,captura_0000068_H123.csv,20,1,8,1,"[1, 0, 0, 0]","[0, 0, 2, 6]","[0, 1, 0, 0]",False,False,False,False
trbcdn.net,captura_0000158_H123.csv,1,3,6,1,"[1, 0, 1, 1, 0]","[0, 0, 0, 0, 6]","[0, 1, 0, 0, 0]",False,False,False,False
trbcdn.net,captura_0000158_H123.csv,2,3,6,1,"[1, 0, 1, 1, 0]","[0, 0, 0, 0, 6]","[0, 1, 0, 0, 0]",False,False,False,False
trbcdn.net,captura_0000158_H123.csv,3,3,6,1,"[1, 0, 1, 1, 0]","[0, 0, 0, 0, 6]","[0, 1, 0, 0, 0]",False,False,False,False
trbcdn.net,captura_0000158_H123.csv,4,3,6,1,"[1, 0, 1, 1, 0]","[0, 0, 0, 0, 6]","[0, 1, 0, 0, 0]",False,False,False,False
trbcdn.net,captura_0000158_H123.csv,5,3,6,1,"[1, 0, 1, 1, 0]","[0, 0, 0, 0, 6]","[0, 1, 0, 0, 0]",False,False,False,False
trbcdn.net,captura_0000158_H123.csv,6,3,6,1,"[1, 0, 1, 1, 0]","[0, 0, 0, 0, 6]","[0, 1, 0, 0, 0]",False,False,False,False
trbcdn.net,captura_0000158_H123.csv,8,3,6,1,"[1, 0, 1, 1, 0]","[0, 0, 0, 0, 6]","[0, 1, 0, 0, 0]",False,False,False,False
trbcdn.net,captura_0000158_H123.csv,9,3,6,1,"[1, 0, 1, 1, 0]","[0, 0, 0, 0, 6]","[0, 1, 0, 0, 0]",False,False,False,False
trbcdn.net,captura_0000158_H123.csv,10,3,6,1,"[1, 0, 1, 1, 0]","[0, 0, 0, 0, 6]","[0, 1, 0, 0, 0]",False,False,False,False
trbcdn.net,captura_0000158_H123.csv,11,3,6,1,"[1, 0, 1, 1, 0]","[0, 0, 0, 0, 6]","[0, 1, 0, 0, 0]",False,False,False,False
trbcdn.net,captura_0000158_H123.csv,12,3,6,1,"[1, 0, 1, 1, 0]","[0, 0, 0, 0, 6]","[0, 1, 0, 0, 0]",False,False,False,False
trbcdn.net,captura_0000158_H123.csv,13,3,6,1,"[1, 0, 1, 1, 0]","[0, 0, 0, 0, 6]","[0, 1, 0, 0, 0]",False,False,False,False
trbcdn.net,captura_0000158_H123.csv,14,3,6,1,"[1, 1, 1, 0, 0]","[0, 0, 0, 0, 6]","[0, 0, 0, 1, 0]",False,False,False,False
trbcdn.net,captura_0000158_H123.csv,15,3,6,1,"[1, 0, 1, 1, 0]","[0, 0, 0, 0, 6]","[0, 1, 0, 0, 0]",False,False,False,False
trbcdn.net,captura_0000158_H123.csv,16,3,6,1,"[1, 0, 1, 1, 0]","[0, 0, 0, 0, 6]","[0, 1, 0, 0, 0]",False,False,False,False
trbcdn.net,captura_0000158_H123.csv,17,3,6,1,"[1, 0, 1, 1, 0]","[0, 0, 0, 0, 6]","[0, 1, 0, 0, 0]",False,False,False,False
trbcdn.net,captura_0000158_H123.csv,18,3,6,1,"[1, 0, 1, 1, 0]","[0, 0, 0, 0, 6]","[0, 1, 0, 0, 0]",False,False,False,False
trbcdn.net,captura_0000158_H123.csv,19,3,6,1,"[1, 0, 1, 1, 0]","[0, 0, 0, 0, 6]","[0, 1, 0, 0, 0]",False,False,False,False
trbcdn.net,captura_0000158_H123.csv,20,3,6,1,"[1, 0, 1, 1, 0]","[0, 0, 0, 0, 6]","[0, 1, 0, 0, 0]",False,False,False,False
tumblr.com,captura_0000143_H123.csv,1,1,32,30,"[1, 0, 0, 0, 0, 0, 0, 0, 0, 0, 0, 0]","[0, 0, 8, 0, 3, 10, 1, 0, 1, 2, 5, 2]","[0, 1, 0, 10, 0, 0, 0, 19, 0, 0, 0, 0]",False,False,False,False
tumblr.com,captura_0000143_H123.csv,2,1,32,24,"[1, 0, 0, 0, 0, 0, 0, 0, 0, 0, 0, 0]","[0, 0, 8, 0, 3, 9, 1, 0, 1, 2, 6, 2]","[0, 1, 0, 9, 0, 0, 0, 14, 0, 0, 0, 0]",False,False,False,False
tumblr.com,captura_0000143_H123.csv,3,1,32,23,"[1, 0, 0, 0, 0, 0, 0, 0, 0, 0, 0, 0]","[0, 0, 8, 2, 0, 11, 1, 0, 1, 2, 5, 2]","[0, 1, 0, 0, 9, 0, 0, 13, 0, 0, 0, 0]",False,False,False,False
tumblr.com,captura_0000143_H123.csv,4,1,27,38,"[1, 0, 0, 0, 0, 0, 0, 0, 0, 0, 0, 0, 0, 0]","[0, 0, 8, 2, 0, 1, 0, 1, 2, 5, 0, 1, 5, 2]","[0, 1, 0, 0, 9, 0, 14, 0, 0, 0, 14, 0, 0, 0]",False,False,False,False
tumblr.com,captura_0000143_H123.csv,5,1,27,37,"[1, 0, 0, 0, 0, 0, 0, 0, 0, 0, 0, 0, 0, 0]","[0, 0, 8, 2, 0, 1, 0, 1, 2, 4, 0, 1, 6, 2]","[0, 1, 0, 0, 9, 0, 12, 0, 0, 0, 15, 0, 0, 0]",False,False,False,False
tumblr.com,captura_0000143_H123.csv,6,1,31,26,"[1, 0, 0, 0, 0, 0, 0, 0, 0, 0, 0, 0, 0]","[0, 0, 8, 3, 0, 8, 1, 0, 1, 2, 0, 6, 2]","[0, 1, 0, 0, 11, 0, 0, 13, 0, 0, 1, 0, 0]",False,False,False,False
tumblr.com,captura_0000143_H123.csv,7,1,31,25,"[1, 0, 0, 0, 0, 0, 0, 0, 0, 0, 0, 0, 0]","[0, 0, 8, 2, 0, 9, 1, 0, 1, 2, 0, 6, 2]","[0, 1, 0, 0, 11, 0, 0, 12, 0, 0, 1, 0, 0]",False,False,False,False
tumblr.com,captura_0000143_H123.csv,8,1,26,37,"[1, 0, 0, 0, 0, 0, 0, 0, 0, 0, 0, 0, 0, 0]","[0, 0, 8, 2, 0, 1, 0, 1, 2, 4, 0, 0, 6, 2]","[0, 1, 0, 0, 9, 0, 14, 0, 0, 0, 12, 1, 0, 0]",False,False,False,False
tumblr.com,captura_0000143_H123.csv,9,1,27,38,"[1, 0, 0, 0, 0, 0, 0, 0, 0, 0, 0, 0, 0]","[0, 0, 8, 3, 0, 1, 0, 1, 2, 4, 0, 6, 2]","[0, 1, 0, 0, 9, 0, 16, 0, 0, 0, 12, 0, 0]",False,False,False,False
tumblr.com,captura_0000143_H123.csv,10,1,26,40,"[1, 0, 0, 0, 0, 0, 0, 0, 0, 0, 0, 0, 0, 0]","[0, 0, 8, 2, 0, 1, 0, 1, 2, 4, 0, 0, 6, 2]","[0, 1, 0, 0, 9, 0, 14, 0, 0, 0, 15, 1, 0, 0]",False,False,False,False
tumblr.com,captura_0000143_H123.csv,11,1,26,37,"[1, 0, 0, 0, 0, 0, 0, 0, 0, 0, 0, 0, 0]","[0, 0, 8, 2, 0, 1, 0, 1, 2, 4, 0, 6, 2]","[0, 1, 0, 0, 9, 0, 13, 0, 0, 0, 14, 0, 0]",False,False,False,False
tumblr.com,captura_0000143_H123.csv,12,1,29,25,"[1, 0, 0, 0, 0, 0, 0, 0, 0, 0, 0, 0]","[0, 0, 8, 2, 0, 7, 1, 0, 1, 2, 6, 2]","[0, 1, 0, 0, 9, 0, 0, 15, 0, 0, 0, 0]",False,False,False,False
tumblr.com,captura_0000143_H123.csv,14,1,29,27,"[1, 0, 0, 0, 0, 0, 0, 0, 0, 0, 0, 0, 0]","[0, 0, 8, 2, 0, 7, 1, 0, 2, 1, 0, 6, 2]","[0, 1, 0, 0, 9, 0, 0, 13, 0, 0, 4, 0, 0]",False,False,False,False
tumblr.com,captura_0000143_H123.csv,15,1,30,27,"[1, 0, 0, 0, 0, 0, 0, 0, 0, 0, 0, 0, 0]","[0, 0, 8, 0, 8, 2, 1, 0, 1, 2, 0, 6, 2]","[0, 1, 0, 9, 0, 0, 0, 13, 0, 0, 4, 0, 0]",False,False,False,False
tumblr.com,captura_0000143_H123.csv,16,1,31,29,"[1, 0, 0, 0, 0, 0, 0, 0, 0, 0, 0, 0]","[0, 0, 8, 2, 0, 9, 1, 0, 1, 2, 6, 2]","[0, 1, 0, 0, 10, 0, 0, 18, 0, 0, 0, 0]",False,False,False,False
tumblr.com,captura_0000143_H123.csv,17,1,30,29,"[1, 0, 0, 0, 0, 0, 0, 0, 0, 0, 0, 0]","[0, 0, 8, 2, 0, 8, 1, 0, 1, 2, 6, 2]","[0, 1, 0, 0, 10, 0, 0, 18, 0, 0, 0, 0]",False,False,False,False
tumblr.com,captura_0000143_H123.csv,18,1,30,24,"[1, 0, 0, 0, 0, 0, 0, 0, 0, 0, 0, 0, 0]","[0, 0, 8, 2, 0, 7, 1, 0, 1, 2, 0, 7, 2]","[0, 1, 0, 0, 9, 0, 0, 13, 0, 0, 1, 0, 0]",False,False,False,False
tumblr.com,captura_0000143_H123.csv,19,1,30,24,"[1, 0, 0, 0, 0, 0, 0, 0, 0, 0, 0, 0, 0]","[0, 0, 8, 2, 0, 8, 1, 0, 1, 2, 0, 6, 2]","[0, 1, 0, 0, 9, 0, 0, 13, 0, 0, 1, 0, 0]",False,False,False,False
tumblr.com,captura_0000143_H123.csv,20,1,26,36,"[1, 0, 0, 0, 0, 0, 0, 0, 0, 0, 0, 0, 0, 0]","[0, 0, 8, 2, 0, 1, 0, 1, 2, 4, 0, 0, 6, 2]","[0, 1, 0, 0, 9, 0, 13, 0, 0, 0, 10, 3, 0, 0]",False,False,False,False
twitter.com,captura_0000013_H123.csv,2,2,92,1,"[1, 0, 0, 0, 0, 0, 0, 0, 0, 1, 0]","[0, 0, 1, 21, 49, 2, 1, 10, 6, 0, 2]","[0, 1, 0, 0, 0, 0, 0, 0, 0, 0, 0]",False,False,False,False
twitter.com,captura_0000013_H123.csv,3,2,92,1,"[1, 0, 0, 0, 0, 0, 0, 0, 0, 1, 0]","[0, 0, 1, 19, 50, 2, 1, 9, 8, 0, 2]","[0, 1, 0, 0, 0, 0, 0, 0, 0, 0, 0]",False,False,False,False
twitter.com,captura_0000013_H123.csv,4,2,88,1,"[1, 0, 0, 0, 0, 0, 0, 0, 0, 0, 1]","[0, 0, 1, 19, 49, 2, 1, 5, 9, 2, 0]","[0, 1, 0, 0, 0, 0, 0, 0, 0, 0, 0]",False,False,False,False
twitter.com,captura_0000013_H123.csv,5,2,90,1,"[1, 0, 0, 0, 0, 0, 0, 0, 0, 0, 1, 0]","[0, 0, 1, 3, 50, 2, 1, 16, 6, 9, 0, 2]","[0, 1, 0, 0, 0, 0, 0, 0, 0, 0, 0, 0]",False,False,False,False
twitter.com,captura_0000013_H123.csv,6,2,88,1,"[1, 0, 0, 0, 0, 0, 0, 0, 0, 1, 0]","[0, 0, 1, 19, 48, 2, 1, 6, 9, 0, 2]","[0, 1, 0, 0, 0, 0, 0, 0, 0, 0, 0]",False,False,False,False
twitter.com,captura_0000013_H123.csv,7,2,92,1,"[1, 0, 0, 0, 0, 0, 0, 0, 0, 1, 0]","[0, 0, 1, 19, 50, 2, 2, 10, 6, 0, 2]","[0, 1, 0, 0, 0, 0, 0, 0, 0, 0, 0]",False,False,False,False
twitter.com,captura_0000013_H123.csv,8,2,93,1,"[1, 0, 0, 0, 0, 0, 0, 0, 0, 1, 0]","[0, 0, 1, 21, 49, 2, 1, 6, 11, 0, 2]","[0, 1, 0, 0, 0, 0, 0, 0, 0, 0, 0]",False,False,False,False
twitter.com,captura_0000013_H123.csv,11,2,89,1,"[1, 0, 0, 0, 0, 0, 0, 0, 0, 1, 0]","[0, 0, 1, 19, 48, 2, 2, 10, 5, 0, 2]","[0, 1, 0, 0, 0, 0, 0, 0, 0, 0, 0]",False,False,False,False
twitter.com,captura_0000013_H123.csv,12,2,89,1,"[1, 0, 0, 0, 0, 0, 0, 0, 0, 0, 1]","[0, 0, 1, 18, 2, 49, 1, 6, 10, 2, 0]","[0, 1, 0, 0, 0, 0, 0, 0, 0, 0, 0]",False,False,False,False
twitter.com,captura_0000013_H123.csv,13,2,90,1,"[1, 0, 0, 0, 0, 0, 0, 0, 0, 0, 1, 0]","[0, 0, 1, 3, 49, 2, 1, 16, 6, 10, 0, 2]","[0, 1, 0, 0, 0, 0, 0, 0, 0, 0, 0, 0]",False,False,False,False
twitter.com,captura_0000013_H123.csv,14,2,87,1,"[1, 0, 0, 0, 0, 0, 0, 0, 0, 0, 1, 0]","[0, 0, 1, 3, 48, 2, 1, 16, 5, 9, 0, 2]","[0, 1, 0, 0, 0, 0, 0, 0, 0, 0, 0, 0]",False,False,False,False
twitter.com,captura_0000013_H123.csv,15,2,90,1,"[1, 0, 0, 0, 0, 0, 0, 0, 0, 0, 1, 0]","[0, 0, 1, 3, 48, 2, 18, 1, 5, 10, 0, 2]","[0, 1, 0, 0, 0, 0, 0, 0, 0, 0, 0, 0]",False,False,False,False
twitter.com,captura_0000013_H123.csv,16,2,91,1,"[1, 0, 0, 0, 0, 0, 0, 0, 0, 0, 1, 0]","[0, 0, 1, 3, 49, 2, 1, 17, 10, 6, 0, 2]","[0, 1, 0, 0, 0, 0, 0, 0, 0, 0, 0, 0]",False,False,False,False
twitter.com,captura_0000013_H123.csv,17,2,92,1,"[1, 0, 0, 0, 0, 0, 0, 0, 0, 1, 0]","[0, 0, 1, 20, 51, 2, 1, 9, 6, 0, 2]","[0, 1, 0, 0, 0, 0, 0, 0, 0, 0, 0]",False,False,False,False
twitter.com,captura_0000013_H123.csv,18,2,92,1,"[1, 0, 0, 0, 0, 0, 0, 0, 0, 1, 0]","[0, 1, 0, 19, 49, 2, 1, 10, 8, 0, 2]","[0, 0, 1, 0, 0, 0, 0, 0, 0, 0, 0]",False,False,False,False
twitter.com,captura_0000013_H123.csv,19,2,90,1,"[1, 0, 0, 0, 0, 0, 0, 0, 0, 1, 0]","[0, 0, 1, 19, 50, 2, 1, 9, 6, 0, 2]","[0, 1, 0, 0, 0, 0, 0, 0, 0, 0, 0]",False,False,False,False
ui.com,captura_0000153_H123.csv,1,1,39,75,"[1, 0, 0, 0, 0, 0, 0, 0, 0, 0, 0, 0, 0, 0, 0, 0, 0, 0, 0, 0, 0]","[0, 0, 4, 0, 6, 6, 1, 1, 1, 1, 1, 1, 1, 2, 1, 1, 1, 3, 0, 6, 2]","[0, 1, 0, 72, 0, 0, 0, 0, 0, 0, 0, 0, 0, 0, 0, 0, 0, 0, 2, 0, 0]",False,False,False,False
ui.com,captura_0000153_H123.csv,2,1,39,73,"[1, 0, 0, 0, 0, 0, 0, 0, 0, 0, 0, 0, 0, 0, 0, 0, 0, 0, 0, 0]","[0, 0, 4, 6, 0, 6, 1, 1, 1, 1, 1, 1, 1, 2, 1, 1, 1, 3, 0, 8]","[0, 1, 0, 0, 70, 0, 0, 0, 0, 0, 0, 0, 0, 0, 0, 0, 0, 0, 2, 0]",False,False,False,False
ui.com,captura_0000153_H123.csv,3,1,43,71,"[1, 0, 0, 0, 0, 0, 0, 0, 0, 0, 0, 0, 0, 0, 0, 0, 0, 0, 0, 0, 0]","[0, 0, 4, 0, 6, 6, 1, 1, 1, 1, 1, 2, 1, 2, 1, 1, 1, 4, 6, 2, 2]","[0, 1, 0, 70, 0, 0, 0, 0, 0, 0, 0, 0, 0, 0, 0, 0, 0, 0, 0, 0, 0]",False,False,False,False
ui.com,captura_0000153_H123.csv,4,1,43,74,"[1, 0, 0, 0, 0, 0, 0, 0, 0, 0, 0, 0, 0, 0, 0, 0, 0, 0, 0, 0, 0]","[0, 0, 4, 0, 6, 6, 1, 1, 1, 1, 2, 1, 1, 2, 2, 1, 1, 3, 6, 2, 2]","[0, 1, 0, 73, 0, 0, 0, 0, 0, 0, 0, 0, 0, 0, 0, 0, 0, 0, 0, 0, 0]",False,False,False,False
ui.com,captura_0000153_H123.csv,5,1,40,78,"[1, 0, 0, 0, 0, 0, 0, 0, 0, 0, 0, 0, 0, 0, 0, 0, 0, 0, 0, 0]","[0, 0, 4, 0, 6, 6, 1, 1, 1, 1, 1, 1, 1, 2, 1, 1, 2, 4, 5, 2]","[0, 1, 0, 77, 0, 0, 0, 0, 0, 0, 0, 0, 0, 0, 0, 0, 0, 0, 0, 0]",False,False,False,False
ui.com,captura_0000153_H123.csv,6,1,42,71,"[1, 0, 0, 0, 0, 0, 0, 0, 0, 0, 0, 0, 0, 0, 0, 0, 0, 0, 0, 0, 0]","[0, 0, 4, 0, 6, 5, 1, 1, 1, 1, 1, 1, 1, 2, 1, 1, 1, 4, 6, 3, 2]","[0, 1, 0, 70, 0, 0, 0, 0, 0, 0, 0, 0, 0, 0, 0, 0, 0, 0, 0, 0, 0]",False,False,False,False
ui.com,captura_0000153_H123.csv,7,1,41,73,"[1, 0, 0, 0, 0, 0, 0, 0, 0, 0, 0, 0, 0, 0, 0, 0, 0, 0, 0, 0, 0]","[0, 0, 4, 0, 6, 6, 1, 1, 1, 1, 1, 1, 1, 2, 1, 1, 1, 5, 6, 0, 2]","[0, 1, 0, 70, 0, 0, 0, 0, 0, 0, 0, 0, 0, 0, 0, 0, 0, 0, 0, 2, 0]",False,False,False,False
ui.com,captura_0000153_H123.csv,8,1,39,72,"[1, 0, 0, 0, 0, 0, 0, 0, 0, 0, 0, 0, 0, 0, 0, 0, 0, 0, 0]","[0, 0, 4, 0, 6, 1, 6, 1, 1, 1, 1, 1, 1, 2, 1, 1, 1, 5, 6]","[0, 1, 0, 71, 0, 0, 0, 0, 0, 0, 0, 0, 0, 0, 0, 0, 0, 0, 0]",False,False,False,False
ui.com,captura_0000153_H123.csv,9,1,39,75,"[1, 0, 0, 0, 0, 0, 0, 0, 0, 0, 0, 0, 0, 0, 0, 0, 0, 0, 0, 0]","[0, 0, 4, 0, 6, 6, 1, 1, 1, 1, 1, 1, 1, 2, 1, 1, 1, 3, 6, 2]","[0, 1, 0, 74, 0, 0, 0, 0, 0, 0, 0, 0, 0, 0, 0, 0, 0, 0, 0, 0]",False,False,False,False
ui.com,captura_0000153_H123.csv,10,1,39,71,"[1, 0, 0, 0, 0, 0, 0, 0, 0, 0, 0, 0, 0, 0, 0, 0, 0, 0, 0, 0]","[0, 0, 4, 0, 6, 6, 1, 1, 1, 1, 1, 1, 1, 2, 1, 1, 1, 3, 6, 2]","[0, 1, 0, 70, 0, 0, 0, 0, 0, 0, 0, 0, 0, 0, 0, 0, 0, 0, 0, 0]",False,False,False,False
ui.com,captura_0000153_H123.csv,11,1,43,71,"[1, 0, 0, 0, 0, 0, 0, 0, 0, 0, 0, 0, 0, 0, 0, 0, 0, 0, 0, 0, 0]","[0, 0, 4, 0, 6, 6, 1, 1, 1, 1, 1, 1, 1, 2, 1, 1, 1, 5, 6, 2, 2]","[0, 1, 0, 70, 0, 0, 0, 0, 0, 0, 0, 0, 0, 0, 0, 0, 0, 0, 0, 0, 0]",False,False,False,False
ui.com,captura_0000153_H123.csv,13,1,39,76,"[1, 0, 0, 0, 0, 0, 0, 0, 0, 0, 0, 0, 0, 0, 0, 0, 0, 0, 0, 0, 0]","[0, 0, 4, 0, 6, 0, 6, 1, 1, 1, 1, 1, 1, 1, 2, 1, 1, 1, 3, 6, 2]","[0, 1, 0, 74, 0, 1, 0, 0, 0, 0, 0, 0, 0, 0, 0, 0, 0, 0, 0, 0, 0]",False,False,False,False
ui.com,captura_0000153_H123.csv,14,1,41,72,"[1, 0, 0, 0, 0, 0, 0, 0, 0, 0, 0, 0, 0, 0, 0, 0, 0, 0, 0, 0, 0, 0]","[0, 0, 4, 0, 6, 0, 6, 1, 1, 1, 1, 1, 1, 1, 2, 1, 1, 1, 3, 6, 2, 2]","[0, 1, 0, 70, 0, 1, 0, 0, 0, 0, 0, 0, 0, 0, 0, 0, 0, 0, 0, 0, 0, 0]",False,False,False,False
ui.com,captura_0000153_H123.csv,15,1,41,73,"[1, 0, 0, 0, 0, 0, 0, 0, 0, 0, 0, 0, 0, 0, 0, 0, 0, 0, 0, 0, 0, 0]","[0, 0, 4, 0, 6, 6, 1, 1, 1, 1, 1, 1, 1, 2, 1, 1, 1, 3, 0, 6, 2, 2]","[0, 1, 0, 70, 0, 0, 0, 0, 0, 0, 0, 0, 0, 0, 0, 0, 0, 0, 2, 0, 0, 0]",False,False,False,False
ui.com,captura_0000153_H123.csv,16,1,37,71,"[1, 0, 0, 0, 0, 0, 0, 0, 0, 0, 0, 0, 0, 0, 0, 0, 0, 0, 0]","[0, 0, 4, 0, 6, 6, 1, 1, 1, 1, 1, 1, 1, 2, 1, 1, 1, 3, 6]","[0, 1, 0, 70, 0, 0, 0, 0, 0, 0, 0, 0, 0, 0, 0, 0, 0, 0, 0]",False,False,False,False
ui.com,captura_0000153_H123.csv,17,1,36,74,"[1, 0, 0, 0, 0, 0, 0, 0, 0, 0, 0, 0, 0, 0, 0, 0, 0, 0, 0, 0]","[0, 0, 4, 0, 6, 1, 6, 1, 1, 1, 1, 1, 1, 2, 1, 1, 1, 3, 0, 5]","[0, 1, 0, 71, 0, 0, 0, 0, 0, 0, 0, 0, 0, 0, 0, 0, 0, 0, 2, 0]",False,False,False,False
ui.com,captura_0000153_H123.csv,18,1,39,71,"[1, 0, 0, 0, 0, 0, 0, 0, 0, 0, 0, 0, 0, 0, 0, 0, 0, 0, 0, 0]","[0, 0, 4, 0, 6, 6, 1, 1, 1, 1, 1, 1, 1, 2, 1, 1, 1, 3, 6, 2]","[0, 1, 0, 70, 0, 0, 0, 0, 0, 0, 0, 0, 0, 0, 0, 0, 0, 0, 0, 0]",False,False,False,False
ui.com,captura_0000153_H123.csv,19,1,41,72,"[1, 0, 0, 0, 0, 0, 0, 0, 0, 0, 0, 0, 0, 0, 0, 0, 0, 0, 0, 0, 0]","[0, 0, 4, 0, 6, 6, 1, 1, 1, 1, 1, 1, 1, 2, 1, 1, 1, 3, 6, 2, 2]","[0, 1, 0, 71, 0, 0, 0, 0, 0, 0, 0, 0, 0, 0, 0, 0, 0, 0, 0, 0, 0]",False,False,False,False
ui.com,captura_0000153_H123.csv,20,1,38,71,"[1, 0, 0, 0, 0, 0, 0, 0, 0, 0, 0, 0, 0, 0, 0, 0, 0, 0, 0, 0]","[0, 0, 4, 0, 6, 5, 1, 1, 1, 1, 1, 2, 1, 1, 1, 1, 1, 3, 6, 2]","[0, 1, 0, 70, 0, 0, 0, 0, 0, 0, 0, 0, 0, 0, 0, 0, 0, 0, 0, 0]",False,False,False,False
unity3d.com,captura_0000097_H123.csv,1,1,8,1,"[1, 0, 0, 0]","[0, 0, 2, 6]","[0, 1, 0, 0]",False,False,False,False
unity3d.com,captura_0000097_H123.csv,2,1,8,1,"[1, 0, 0, 0]","[0, 0, 2, 6]","[0, 1, 0, 0]",False,False,False,False
unity3d.com,captura_0000097_H123.csv,4,1,8,1,"[1, 0, 0, 0]","[0, 0, 2, 6]","[0, 1, 0, 0]",False,False,False,False
unity3d.com,captura_0000097_H123.csv,5,1,8,1,"[1, 0, 0, 0]","[0, 0, 2, 6]","[0, 1, 0, 0]",False,False,False,False
unity3d.com,captura_0000097_H123.csv,6,1,8,1,"[1, 0, 0, 0]","[0, 0, 2, 6]","[0, 1, 0, 0]",False,False,False,False
unity3d.com,captura_0000097_H123.csv,7,1,8,1,"[1, 0, 0, 0]","[0, 0, 2, 6]","[0, 1, 0, 0]",False,False,False,False
unity3d.com,captura_0000097_H123.csv,8,1,8,1,"[1, 0, 0, 0]","[0, 0, 2, 6]","[0, 1, 0, 0]",False,False,False,False
unity3d.com,captura_0000097_H123.csv,9,1,8,1,"[1, 0, 0, 0]","[0, 0, 2, 6]","[0, 1, 0, 0]",False,False,False,False
unity3d.com,captura_0000097_H123.csv,10,1,8,1,"[1, 0, 0, 0]","[0, 0, 2, 6]","[0, 1, 0, 0]",False,False,False,False
unity3d.com,captura_0000097_H123.csv,11,1,8,1,"[1, 0, 0, 0]","[0, 0, 2, 6]","[0, 1, 0, 0]",False,False,False,False
unity3d.com,captura_0000097_H123.csv,12,1,8,1,"[1, 0, 0, 0]","[0, 0, 2, 6]","[0, 1, 0, 0]",False,False,False,False
unity3d.com,captura_0000097_H123.csv,13,1,8,1,"[1, 0, 0, 0]","[0, 0, 2, 6]","[0, 1, 0, 0]",False,False,False,False
unity3d.com,captura_0000097_H123.csv,14,1,8,1,"[1, 0, 0, 0]","[0, 0, 2, 6]","[0, 1, 0, 0]",False,False,False,False
unity3d.com,captura_0000097_H123.csv,15,1,8,1,"[1, 0, 0, 0]","[0, 0, 2, 6]","[0, 1, 0, 0]",False,False,False,False
unity3d.com,captura_0000097_H123.csv,16,1,8,1,"[1, 0, 0, 0]","[0, 0, 2, 6]","[0, 1, 0, 0]",False,False,False,False
unity3d.com,captura_0000097_H123.csv,17,1,8,1,"[1, 0, 0, 0]","[0, 0, 2, 6]","[0, 1, 0, 0]",False,False,False,False
unity3d.com,captura_0000097_H123.csv,18,1,8,1,"[1, 0, 0, 0]","[0, 0, 2, 6]","[0, 1, 0, 0]",False,False,False,False
unity3d.com,captura_0000097_H123.csv,19,1,8,1,"[1, 0, 0, 0]","[0, 0, 2, 6]","[0, 1, 0, 0]",False,False,False,False
unity3d.com,captura_0000097_H123.csv,20,1,8,1,"[1, 0, 0, 0]","[0, 0, 2, 6]","[0, 1, 0, 0]",False,False,False,False
userapi.com,captura_0000141_H123.csv,1,6,161,3,"[1, 0, 0, 0, 0, 0, 0, 0, 0, 0, 0, 0, 0, 0, 0, 0, 0, 2, 0, 1, 0, 0, 0, 2, 0, 0]","[0, 0, 1, 62, 12, 11, 28, 9, 5, 0, 2, 2, 2, 2, 6, 2, 4, 0, 1, 0, 2, 2, 4, 0, 2, 2]","[0, 1, 0, 0, 0, 0, 0, 0, 0, 2, 0, 0, 0, 0, 0, 0, 0, 0, 0, 0, 0, 0, 0, 0, 0, 0]",False,False,False,False
userapi.com,captura_0000141_H123.csv,2,6,159,2,"[1, 0, 0, 0, 0, 0, 0, 0, 0, 0, 0, 0, 0, 0, 0, 0, 0, 3, 0, 0, 0, 0, 2, 0, 0]","[0, 0, 1, 60, 28, 11, 11, 9, 5, 0, 2, 2, 2, 2, 6, 2, 4, 0, 1, 2, 2, 4, 0, 3, 2]","[0, 1, 0, 0, 0, 0, 0, 0, 0, 1, 0, 0, 0, 0, 0, 0, 0, 0, 0, 0, 0, 0, 0, 0, 0]",False,False,False,False
userapi.com,captura_0000141_H123.csv,3,6,149,4,"[1, 0, 0, 0, 0, 0, 0, 0, 0, 0, 0, 0, 0, 0, 0, 0, 0, 0, 3, 0, 0, 0, 2, 0, 0]","[0, 0, 1, 58, 9, 11, 25, 9, 5, 0, 2, 2, 2, 2, 6, 2, 4, 2, 0, 1, 2, 2, 0, 2, 2]","[0, 1, 0, 0, 0, 0, 0, 0, 0, 3, 0, 0, 0, 0, 0, 0, 0, 0, 0, 0, 0, 0, 0, 0, 0]",False,False,False,False
userapi.com,captura_0000141_H123.csv,4,6,149,4,"[1, 0, 0, 0, 0, 0, 0, 0, 0, 0, 0, 0, 0, 0, 0, 0, 0, 0, 0, 3, 0, 0, 2, 0, 0]","[0, 0, 1, 60, 8, 10, 25, 9, 5, 0, 2, 2, 2, 6, 2, 2, 4, 2, 1, 0, 2, 2, 0, 2, 2]","[0, 1, 0, 0, 0, 0, 0, 0, 0, 3, 0, 0, 0, 0, 0, 0, 0, 0, 0, 0, 0, 0, 0, 0, 0]",False,False,False,False
userapi.com,captura_0000141_H123.csv,5,6,160,3,"[1, 0, 0, 0, 0, 0, 0, 0, 0, 0, 0, 0, 0, 0, 0, 0, 0, 0, 0, 3, 0, 2, 0, 0, 0]","[0, 0, 1, 68, 9, 11, 25, 9, 6, 0, 2, 2, 2, 6, 2, 2, 4, 2, 1, 0, 2, 0, 2, 2, 2]","[0, 1, 0, 0, 0, 0, 0, 0, 0, 2, 0, 0, 0, 0, 0, 0, 0, 0, 0, 0, 0, 0, 0, 0, 0]",False,False,False,False
userapi.com,captura_0000141_H123.csv,6,6,157,4,"[1, 0, 0, 0, 0, 0, 0, 0, 0, 0, 0, 0, 0, 0, 0, 0, 0, 0, 0, 3, 0, 2, 0, 0, 0]","[0, 0, 1, 64, 9, 11, 26, 9, 6, 0, 2, 2, 2, 2, 6, 2, 4, 2, 1, 0, 2, 0, 2, 2, 2]","[0, 1, 0, 0, 0, 0, 0, 0, 0, 3, 0, 0, 0, 0, 0, 0, 0, 0, 0, 0, 0, 0, 0, 0, 0]",False,False,False,False
userapi.com,captura_0000141_H123.csv,7,6,163,3,"[1, 0, 0, 0, 0, 0, 0, 0, 0, 0, 0, 0, 0, 0, 0, 0, 0, 0, 2, 0, 1, 0, 0, 2, 0, 0]","[0, 0, 1, 63, 12, 11, 28, 9, 6, 0, 2, 2, 2, 2, 6, 2, 4, 2, 0, 1, 0, 2, 4, 0, 2, 2]","[0, 1, 0, 0, 0, 0, 0, 0, 0, 2, 0, 0, 0, 0, 0, 0, 0, 0, 0, 0, 0, 0, 0, 0, 0, 0]",False,False,False,False
userapi.com,captura_0000141_H123.csv,8,6,155,2,"[1, 0, 0, 0, 0, 0, 0, 0, 0, 0, 0, 0, 0, 0, 0, 0, 0, 3, 0, 0, 2, 0, 0, 0, 0]","[0, 1, 0, 63, 8, 11, 26, 9, 6, 2, 2, 2, 2, 6, 2, 4, 1, 0, 2, 2, 0, 2, 2, 2, 0]","[0, 0, 1, 0, 0, 0, 0, 0, 0, 0, 0, 0, 0, 0, 0, 0, 0, 0, 0, 0, 0, 0, 0, 0, 1]",False,False,False,False
userapi.com,captura_0000141_H123.csv,9,6,155,4,"[1, 0, 0, 0, 0, 0, 0, 0, 0, 0, 0, 0, 0, 0, 0, 0, 0, 0, 0, 3, 0, 2, 0, 0, 0]","[0, 0, 1, 60, 12, 11, 25, 9, 6, 0, 2, 2, 2, 6, 2, 4, 2, 2, 1, 0, 2, 0, 2, 2, 2]","[0, 1, 0, 0, 0, 0, 0, 0, 0, 3, 0, 0, 0, 0, 0, 0, 0, 0, 0, 0, 0, 0, 0, 0, 0]",False,False,False,False
userapi.com,captura_0000141_H123.csv,10,6,150,4,"[1, 0, 0, 0, 0, 0, 0, 0, 0, 0, 0, 0, 0, 0, 0, 0, 0, 0, 0, 3, 0, 0, 2, 0, 0]","[0, 0, 1, 57, 8, 11, 26, 9, 5, 0, 2, 2, 2, 2, 2, 6, 4, 2, 1, 0, 2, 4, 0, 2, 2]","[0, 1, 0, 0, 0, 0, 0, 0, 0, 3, 0, 0, 0, 0, 0, 0, 0, 0, 0, 0, 0, 0, 0, 0, 0]",False,False,False,False
userapi.com,captura_0000141_H123.csv,11,6,158,3,"[1, 0, 0, 0, 0, 0, 0, 0, 0, 0, 0, 0, 0, 0, 0, 0, 0, 0, 0, 1, 2, 0, 1, 0, 0, 1, 0]","[0, 0, 1, 66, 10, 11, 25, 9, 5, 0, 2, 2, 2, 2, 6, 2, 4, 2, 1, 0, 0, 2, 0, 2, 2, 0, 2]","[0, 1, 0, 0, 0, 0, 0, 0, 0, 2, 0, 0, 0, 0, 0, 0, 0, 0, 0, 0, 0, 0, 0, 0, 0, 0, 0]",False,False,False,False
userapi.com,captura_0000141_H123.csv,13,6,158,2,"[1, 0, 0, 0, 0, 0, 0, 0, 0, 0, 0, 0, 0, 0, 0, 0, 0, 3, 0, 0, 1, 0, 0, 0, 1, 0]","[0, 0, 1, 62, 12, 11, 26, 9, 6, 0, 2, 2, 2, 2, 6, 2, 4, 0, 1, 2, 0, 2, 2, 2, 0, 2]","[0, 1, 0, 0, 0, 0, 0, 0, 0, 1, 0, 0, 0, 0, 0, 0, 0, 0, 0, 0, 0, 0, 0, 0, 0, 0]",False,False,False,False
userapi.com,captura_0000141_H123.csv,14,6,163,4,"[1, 0, 0, 0, 0, 0, 0, 0, 0, 0, 0, 0, 0, 0, 0, 0, 0, 0, 3, 0, 0, 0, 2, 0, 0]","[0, 0, 1, 62, 12, 11, 28, 9, 6, 0, 2, 2, 2, 2, 6, 2, 4, 3, 0, 1, 2, 4, 0, 2, 2]","[0, 1, 0, 0, 0, 0, 0, 0, 0, 3, 0, 0, 0, 0, 0, 0, 0, 0, 0, 0, 0, 0, 0, 0, 0]",False,False,False,False
userapi.com,captura_0000141_H123.csv,15,6,153,2,"[1, 0, 0, 0, 0, 0, 0, 0, 0, 0, 0, 0, 0, 0, 0, 0, 0, 3, 0, 0, 0, 2, 0, 0, 0]","[0, 1, 1, 55, 12, 26, 11, 9, 6, 0, 2, 2, 2, 2, 6, 2, 5, 0, 1, 2, 2, 0, 2, 2, 2]","[0, 0, 0, 0, 0, 0, 0, 0, 0, 2, 0, 0, 0, 0, 0, 0, 0, 0, 0, 0, 0, 0, 0, 0, 0]",False,False,False,False
userapi.com,captura_0000141_H123.csv,16,6,150,2,"[1, 0, 0, 0, 0, 0, 0, 0, 0, 0, 0, 0, 0, 0, 0, 0, 0, 0, 3, 0, 0, 2, 0, 0, 0]","[0, 1, 0, 57, 10, 11, 25, 9, 6, 0, 2, 2, 2, 2, 6, 2, 4, 1, 0, 2, 2, 0, 2, 2, 2]","[0, 0, 1, 0, 0, 0, 0, 0, 0, 1, 0, 0, 0, 0, 0, 0, 0, 0, 0, 0, 0, 0, 0, 0, 0]",False,False,False,False
userapi.com,captura_0000141_H123.csv,17,6,158,2,"[1, 0, 0, 0, 0, 0, 0, 0, 0, 0, 0, 0, 0, 0, 0, 3, 0, 0, 0, 2, 0, 0, 0, 0, 0]","[0, 0, 1, 66, 9, 11, 25, 9, 2, 2, 2, 2, 6, 2, 4, 0, 1, 2, 2, 0, 2, 2, 6, 2, 0]","[0, 1, 0, 0, 0, 0, 0, 0, 0, 0, 0, 0, 0, 0, 0, 0, 0, 0, 0, 0, 0, 0, 0, 0, 1]",False,False,False,False
userapi.com,captura_0000141_H123.csv,18,6,159,3,"[1, 0, 0, 0, 0, 0, 0, 0, 0, 0, 0, 0, 0, 0, 0, 0, 0, 0, 0, 3, 0, 0, 2, 0, 0]","[0, 0, 1, 65, 12, 11, 25, 9, 5, 0, 2, 2, 2, 2, 6, 2, 4, 2, 1, 0, 2, 2, 0, 2, 2]","[0, 1, 0, 0, 0, 0, 0, 0, 0, 2, 0, 0, 0, 0, 0, 0, 0, 0, 0, 0, 0, 0, 0, 0, 0]",False,False,False,False
userapi.com,captura_0000141_H123.csv,20,6,155,2,"[1, 0, 0, 0, 0, 0, 0, 0, 0, 0, 0, 0, 0, 0, 0, 0, 0, 0, 0, 3, 0, 2, 0, 0, 0]","[0, 0, 1, 61, 11, 11, 26, 9, 5, 0, 2, 2, 2, 2, 6, 2, 4, 2, 1, 0, 2, 0, 2, 2, 2]","[0, 1, 0, 0, 0, 0, 0, 0, 0, 1, 0, 0, 0, 0, 0, 0, 0, 0, 0, 0, 0, 0, 0, 0, 0]",False,False,False,False
vimeo.com,captura_0000064_H123.csv,1,44,212,10,"[1, 0, 2, 1, 0, 0, 0, 0, 0, 3, 0, 3, 1, 1, 1, 5, 0, 0, 0, 0, 0, 0, 0, 0, 0, 0, 0, 1, 1, 6, 0, 1, 1, 0, 0, 0, 4, 4, 4, 4, 0]","[0, 0, 0, 0, 100, 14, 0, 1, 18, 0, 2, 0, 0, 0, 0, 0, 4, 10, 0, 9, 3, 0, 4, 5, 8, 15, 0, 0, 0, 0, 0, 0, 0, 3, 12, 2, 0, 0, 0, 0, 2]","[0, 1, 0, 0, 0, 0, 2, 0, 0, 0, 0, 0, 0, 0, 0, 0, 0, 0, 1, 0, 0, 1, 0, 0, 0, 0, 1, 0, 0, 0, 4, 0, 0, 0, 0, 0, 0, 0, 0, 0, 0]",False,False,False,False
vimeo.com,captura_0000064_H123.csv,2,44,201,14,"[1, 0, 2, 1, 0, 0, 0, 0, 0, 0, 4, 0, 3, 4, 1, 1, 1, 0, 0, 0, 0, 0, 0, 0, 0, 0, 0, 0, 0, 0, 6, 1, 1, 2, 0, 4, 4, 4, 4, 0, 0]","[0, 0, 0, 0, 0, 2, 22, 20, 13, 1, 0, 64, 0, 0, 0, 0, 0, 4, 7, 0, 4, 4, 4, 0, 0, 8, 5, 18, 18, 0, 0, 0, 0, 0, 3, 0, 0, 0, 0, 2, 2]","[0, 1, 0, 0, 2, 0, 0, 0, 0, 0, 0, 0, 0, 0, 0, 0, 0, 0, 0, 1, 0, 0, 0, 1, 8, 0, 0, 0, 0, 1, 0, 0, 0, 0, 0, 0, 0, 0, 0, 0, 0]",False,False,False,False
vimeo.com,captura_0000064_H123.csv,3,44,185,14,"[1, 0, 1, 2, 0, 0, 0, 0, 0, 0, 3, 0, 4, 1, 4, 1, 1, 0, 0, 0, 0, 0, 0, 0, 0, 0, 0, 1, 1, 6, 2, 0, 0, 0, 0, 4, 4, 4, 4, 0, 0]","[0, 0, 0, 0, 0, 2, 20, 1, 23, 13, 0, 64, 0, 0, 0, 0, 0, 5, 7, 0, 4, 5, 4, 0, 0, 6, 0, 0, 0, 0, 0, 10, 3, 8, 2, 0, 0, 0, 0, 2, 6]","[0, 1, 0, 0, 2, 0, 0, 0, 0, 0, 0, 0, 0, 0, 0, 0, 0, 0, 0, 1, 0, 0, 0, 1, 8, 0, 1, 0, 0, 0, 0, 0, 0, 0, 0, 0, 0, 0, 0, 0, 0]",False,False,False,False
vimeo.com,captura_0000064_H123.csv,5,44,205,10,"[1, 0, 1, 2, 0, 0, 0, 0, 3, 0, 0, 3, 5, 1, 1, 1, 0, 0, 0, 0, 0, 0, 0, 0, 0, 0, 1, 1, 6, 0, 1, 1, 0, 0, 0, 0, 4, 4, 4, 4, 0]","[0, 0, 0, 0, 0, 105, 12, 18, 0, 1, 2, 0, 0, 0, 0, 0, 5, 7, 0, 7, 5, 5, 0, 5, 6, 0, 0, 0, 0, 0, 0, 0, 3, 10, 10, 2, 0, 0, 0, 0, 2]","[0, 1, 0, 0, 2, 0, 0, 0, 0, 0, 0, 0, 0, 0, 0, 0, 0, 0, 1, 0, 0, 0, 1, 0, 0, 1, 0, 0, 0, 4, 0, 0, 0, 0, 0, 0, 0, 0, 0, 0, 0]",False,False,False,False
vimeo.com,captura_0000064_H123.csv,6,44,187,14,"[1, 0, 2, 1, 0, 0, 0, 0, 3, 0, 0, 0, 4, 1, 4, 1, 1, 0, 0, 0, 0, 0, 0, 0, 0, 0, 0, 0, 0, 6, 1, 1, 2, 0, 0, 4, 4, 4, 4, 0, 0]","[0, 0, 0, 0, 0, 2, 19, 1, 0, 63, 20, 13, 0, 0, 0, 0, 0, 4, 7, 0, 4, 3, 4, 0, 0, 8, 6, 18, 0, 0, 0, 0, 0, 3, 8, 0, 0, 0, 0, 2, 2]","[0, 1, 0, 0, 2, 0, 0, 0, 0, 0, 0, 0, 0, 0, 0, 0, 0, 0, 0, 1, 0, 0, 0, 1, 8, 0, 0, 0, 1, 0, 0, 0, 0, 0, 0, 0, 0, 0, 0, 0, 0]",False,False,False,False
vimeo.com,captura_0000064_H123.csv,7,44,189,10,"[1, 0, 2, 1, 0, 0, 0, 0, 4, 0, 0, 0, 3, 1, 1, 1, 4, 0, 0, 0, 0, 0, 0, 0, 0, 0, 0, 0, 6, 1, 1, 0, 1, 1, 0, 0, 4, 4, 4, 4, 0, 0]","[0, 0, 0, 0, 2, 0, 20, 12, 0, 1, 66, 14, 0, 0, 0, 0, 0, 5, 8, 0, 7, 5, 4, 0, 8, 5, 18, 0, 0, 0, 0, 0, 0, 0, 3, 7, 0, 0, 0, 0, 2, 2]","[0, 1, 0, 0, 0, 2, 0, 0, 0, 0, 0, 0, 0, 0, 0, 0, 0, 0, 0, 1, 0, 0, 0, 1, 0, 0, 0, 1, 0, 0, 0, 4, 0, 0, 0, 0, 0, 0, 0, 0, 0, 0]",False,False,False,False
vimeo.com,captura_0000064_H123.csv,8,44,194,10,"[1, 0, 2, 1, 0, 0, 0, 0, 0, 0, 3, 0, 4, 1, 1, 4, 1, 0, 0, 0, 0, 0, 0, 0, 0, 0, 1, 1, 6, 0, 1, 1, 0, 0, 0, 0, 4, 4, 4, 4, 0, 0]","[0, 0, 0, 0, 24, 0, 2, 13, 21, 1, 0, 64, 0, 0, 0, 0, 0, 5, 7, 0, 7, 5, 5, 0, 8, 0, 0, 0, 0, 0, 0, 0, 3, 11, 8, 2, 0, 0, 0, 0, 2, 6]","[0, 1, 0, 0, 0, 2, 0, 0, 0, 0, 0, 0, 0, 0, 0, 0, 0, 0, 0, 1, 0, 0, 0, 1, 0, 1, 0, 0, 0, 4, 0, 0, 0, 0, 0, 0, 0, 0, 0, 0, 0, 0]",False,False,False,False
vimeo.com,captura_0000064_H123.csv,10,44,204,11,"[1, 0, 2, 1, 0, 0, 0, 0, 1, 0, 0, 0, 3, 4, 1, 1, 4, 0, 0, 0, 0, 0, 0, 0, 0, 0, 0, 0, 0, 6, 1, 1, 0, 1, 1, 0, 4, 4, 4, 4, 0, 0]","[0, 0, 0, 0, 0, 21, 2, 12, 0, 65, 1, 18, 0, 0, 0, 0, 0, 4, 9, 0, 8, 4, 5, 5, 8, 0, 18, 17, 0, 0, 0, 0, 0, 0, 0, 3, 0, 0, 0, 0, 2, 2]","[0, 1, 0, 0, 2, 0, 0, 0, 0, 0, 0, 0, 0, 0, 0, 0, 0, 0, 0, 2, 0, 0, 0, 0, 0, 1, 0, 0, 1, 0, 0, 0, 4, 0, 0, 0, 0, 0, 0, 0, 0, 0]",False,False,False,False
vimeo.com,captura_0000064_H123.csv,11,44,196,10,"[1, 0, 1, 2, 0, 0, 0, 0, 0, 4, 0, 0, 3, 4, 1, 1, 1, 0, 0, 0, 0, 0, 0, 0, 0, 0, 0, 0, 1, 1, 6, 0, 1, 0, 1, 0, 4, 4, 4, 4, 0, 0]","[0, 0, 0, 0, 2, 21, 20, 13, 0, 0, 1, 63, 0, 0, 0, 0, 0, 4, 0, 8, 8, 6, 4, 0, 8, 5, 16, 0, 0, 0, 0, 0, 0, 3, 0, 10, 0, 0, 0, 0, 2, 2]","[0, 1, 0, 0, 0, 0, 0, 0, 2, 0, 0, 0, 0, 0, 0, 0, 0, 0, 1, 0, 0, 0, 0, 1, 0, 0, 0, 1, 0, 0, 0, 4, 0, 0, 0, 0, 0, 0, 0, 0, 0, 0]",False,False,False,False
vimeo.com,captura_0000064_H123.csv,12,44,191,11,"[1, 0, 2, 1, 0, 0, 0, 0, 0, 0, 3, 0, 1, 1, 1, 3, 5, 0, 0, 0, 0, 0, 0, 0, 0, 0, 6, 1, 1, 0, 1, 1, 0, 0, 0, 0, 4, 4, 4, 4, 0, 0]","[0, 0, 0, 0, 0, 21, 2, 13, 21, 1, 0, 67, 0, 0, 0, 0, 0, 4, 7, 0, 8, 5, 0, 4, 6, 0, 0, 0, 0, 0, 0, 0, 10, 3, 8, 2, 0, 0, 0, 0, 2, 7]","[0, 1, 0, 0, 2, 0, 0, 0, 0, 0, 0, 0, 0, 0, 0, 0, 0, 0, 0, 2, 0, 0, 1, 0, 0, 1, 0, 0, 0, 4, 0, 0, 0, 0, 0, 0, 0, 0, 0, 0, 0, 0]",False,False,False,False
vimeo.com,captura_0000064_H123.csv,13,44,179,14,"[1, 0, 2, 1, 0, 0, 0, 3, 0, 0, 0, 0, 4, 4, 1, 1, 1, 0, 0, 0, 0, 0, 0, 0, 0, 0, 0, 1, 1, 6, 1, 1, 0, 0, 0, 0, 4, 4, 4, 4, 0, 0]","[0, 0, 0, 0, 0, 2, 1, 0, 18, 14, 66, 19, 0, 0, 0, 0, 0, 5, 7, 0, 4, 3, 0, 4, 0, 6, 0, 0, 0, 0, 0, 0, 3, 10, 7, 2, 0, 0, 0, 0, 2, 6]","[0, 1, 0, 0, 2, 0, 0, 0, 0, 0, 0, 0, 0, 0, 0, 0, 0, 0, 0, 1, 0, 0, 1, 0, 8, 0, 1, 0, 0, 0, 0, 0, 0, 0, 0, 0, 0, 0, 0, 0, 0, 0]",False,False,False,False
vimeo.com,captura_0000064_H123.csv,15,44,209,12,"[1, 0, 2, 1, 0, 0, 0, 0, 3, 0, 0, 3, 5, 1, 1, 1, 0, 0, 0, 0, 0, 0, 0, 0, 0, 6, 1, 1, 0, 1, 1, 0, 0, 0, 4, 4, 4, 4, 0, 0, 0]","[0, 0, 0, 0, 108, 12, 18, 2, 0, 1, 0, 0, 0, 0, 0, 0, 4, 8, 0, 6, 6, 4, 0, 8, 0, 0, 0, 0, 0, 0, 0, 10, 3, 8, 0, 0, 0, 0, 2, 2, 7]","[0, 1, 0, 0, 0, 0, 0, 0, 0, 0, 2, 0, 0, 0, 0, 0, 0, 0, 1, 0, 0, 0, 1, 0, 1, 0, 0, 0, 6, 0, 0, 0, 0, 0, 0, 0, 0, 0, 0, 0, 0]",False,False,False,False
vimeo.com,captura_0000064_H123.csv,16,44,198,10,"[1, 0, 1, 2, 0, 0, 0, 0, 0, 0, 3, 0, 4, 1, 1, 4, 1, 0, 0, 0, 0, 0, 0, 0, 0, 0, 0, 0, 6, 1, 1, 0, 1, 1, 0, 0, 4, 4, 4, 4, 0, 0]","[0, 0, 0, 0, 0, 2, 21, 22, 12, 1, 0, 65, 0, 0, 0, 0, 0, 5, 9, 0, 8, 5, 4, 0, 8, 5, 16, 0, 0, 0, 0, 0, 0, 0, 3, 8, 0, 0, 0, 0, 2, 2]","[0, 1, 0, 0, 2, 0, 0, 0, 0, 0, 0, 0, 0, 0, 0, 0, 0, 0, 0, 1, 0, 0, 0, 1, 0, 0, 0, 1, 0, 0, 0, 4, 0, 0, 0, 0, 0, 0, 0, 0, 0, 0]",False,False,False,False
vimeo.com,captura_0000064_H123.csv,17,44,186,14,"[1, 0, 1, 2, 0, 0, 0, 0, 0, 0, 3, 0, 1, 4, 4, 1, 1, 0, 0, 0, 0, 0, 0, 0, 0, 0, 0, 0, 6, 1, 1, 1, 1, 0, 0, 0, 0, 4, 4, 4, 4, 0]","[0, 0, 0, 0, 0, 2, 21, 11, 21, 1, 0, 66, 0, 0, 0, 0, 0, 5, 7, 0, 4, 4, 4, 0, 0, 5, 6, 0, 0, 0, 0, 0, 0, 3, 12, 10, 2, 0, 0, 0, 0, 2]","[0, 1, 0, 0, 2, 0, 0, 0, 0, 0, 0, 0, 0, 0, 0, 0, 0, 0, 0, 1, 0, 0, 0, 1, 8, 0, 0, 1, 0, 0, 0, 0, 0, 0, 0, 0, 0, 0, 0, 0, 0, 0]",False,False,False,False
vimeo.com,captura_0000064_H123.csv,18,44,186,15,"[1, 0, 2, 1, 0, 0, 0, 0, 0, 3, 0, 0, 4, 1, 4, 1, 1, 0, 0, 0, 0, 0, 0, 0, 0, 0, 0, 0, 1, 1, 6, 1, 1, 0, 0, 0, 0, 4, 4, 4, 4, 0]","[0, 0, 0, 0, 0, 21, 10, 2, 1, 0, 20, 71, 0, 0, 0, 0, 0, 5, 7, 0, 4, 3, 0, 4, 0, 5, 6, 0, 0, 0, 0, 0, 0, 3, 12, 8, 2, 0, 0, 0, 0, 2]","[0, 1, 0, 0, 2, 0, 0, 0, 0, 0, 0, 0, 0, 0, 0, 0, 0, 0, 0, 1, 0, 0, 1, 0, 9, 0, 0, 1, 0, 0, 0, 0, 0, 0, 0, 0, 0, 0, 0, 0, 0, 0]",False,False,False,False
vimeo.com,captura_0000064_H123.csv,19,44,206,11,"[1, 0, 1, 2, 0, 0, 0, 0, 0, 0, 4, 0, 4, 3, 1, 1, 1, 0, 0, 0, 0, 0, 0, 0, 0, 0, 0, 0, 0, 1, 1, 6, 0, 1, 1, 0, 4, 4, 4, 4, 0, 0]","[0, 0, 0, 0, 0, 2, 20, 1, 19, 11, 0, 65, 0, 0, 0, 0, 0, 4, 9, 0, 8, 5, 4, 0, 8, 16, 20, 0, 3, 0, 0, 0, 0, 0, 0, 3, 0, 0, 0, 0, 2, 6]","[0, 1, 0, 0, 2, 0, 0, 0, 0, 0, 0, 0, 0, 0, 0, 0, 0, 0, 0, 1, 0, 0, 0, 1, 0, 0, 0, 2, 0, 0, 0, 0, 4, 0, 0, 0, 0, 0, 0, 0, 0, 0]",False,False,False,False
vk.com,captura_0000119_H123.csv,1,6,160,4,"[1, 0, 0, 0, 0, 0, 0, 0, 0, 0, 0, 0, 0, 0, 0, 0, 2, 0, 0, 1, 0, 0, 2, 0, 0]","[0, 0, 64, 9, 28, 11, 9, 5, 0, 2, 2, 2, 2, 6, 2, 4, 0, 2, 2, 0, 2, 4, 0, 2, 2]","[0, 1, 0, 0, 0, 0, 0, 0, 3, 0, 0, 0, 0, 0, 0, 0, 0, 0, 0, 0, 0, 0, 0, 0, 0]",False,False,False,False
vk.com,captura_0000119_H123.csv,2,6,155,3,"[1, 0, 0, 0, 0, 0, 0, 0, 0, 0, 0, 0, 0, 0, 0, 0, 0, 2, 0, 1, 0, 0, 1, 0, 1, 0]","[0, 0, 58, 11, 28, 10, 9, 6, 0, 2, 2, 2, 2, 6, 2, 4, 2, 0, 1, 0, 2, 4, 0, 2, 0, 2]","[0, 1, 0, 0, 0, 0, 0, 0, 2, 0, 0, 0, 0, 0, 0, 0, 0, 0, 0, 0, 0, 0, 0, 0, 0, 0]",False,False,False,False
vk.com,captura_0000119_H123.csv,3,6,163,2,"[1, 0, 0, 0, 0, 0, 0, 0, 0, 0, 0, 0, 0, 0, 3, 0, 0, 0, 0, 2, 0, 0, 0, 0]","[0, 0, 66, 10, 11, 28, 9, 2, 2, 2, 2, 6, 2, 4, 0, 2, 1, 2, 4, 0, 2, 6, 0, 2]","[0, 1, 0, 0, 0, 0, 0, 0, 0, 0, 0, 0, 0, 0, 0, 0, 0, 0, 0, 0, 0, 0, 1, 0]",False,False,False,False
vk.com,captura_0000119_H123.csv,4,6,157,2,"[1, 0, 0, 0, 0, 0, 0, 0, 0, 0, 0, 0, 0, 0, 0, 0, 0, 3, 0, 2, 0, 0, 0, 0]","[0, 0, 65, 9, 11, 26, 9, 6, 0, 2, 2, 2, 2, 6, 2, 4, 1, 0, 2, 0, 2, 2, 2, 2]","[0, 1, 0, 0, 0, 0, 0, 0, 1, 0, 0, 0, 0, 0, 0, 0, 0, 0, 0, 0, 0, 0, 0, 0]",False,False,False,False
vk.com,captura_0000119_H123.csv,5,6,148,2,"[1, 0, 0, 0, 0, 0, 0, 0, 0, 0, 0, 0, 0, 0, 0, 0, 1, 2, 0, 0, 0, 2, 0, 0, 0]","[0, 0, 53, 12, 11, 25, 11, 5, 2, 2, 2, 2, 6, 2, 4, 1, 0, 0, 2, 2, 2, 0, 2, 2, 0]","[0, 1, 0, 0, 0, 0, 0, 0, 0, 0, 0, 0, 0, 0, 0, 0, 0, 0, 0, 0, 0, 0, 0, 0, 1]",False,False,False,False
vk.com,captura_0000119_H123.csv,7,6,160,3,"[1, 0, 0, 0, 0, 0, 0, 0, 0, 0, 0, 0, 0, 0, 0, 0, 0, 0, 3, 0, 0, 2, 0, 0]","[0, 0, 66, 10, 11, 27, 9, 6, 0, 2, 2, 2, 6, 2, 2, 4, 2, 1, 0, 2, 2, 0, 2, 2]","[0, 1, 0, 0, 0, 0, 0, 0, 2, 0, 0, 0, 0, 0, 0, 0, 0, 0, 0, 0, 0, 0, 0, 0]",False,False,False,False
vk.com,captura_0000119_H123.csv,8,6,160,2,"[1, 0, 0, 0, 0, 0, 0, 0, 0, 0, 0, 0, 0, 0, 0, 0, 0, 3, 0, 0, 0, 2, 0, 0]","[0, 0, 60, 12, 11, 28, 9, 6, 0, 3, 2, 2, 2, 6, 2, 4, 2, 0, 1, 2, 4, 0, 2, 2]","[0, 1, 0, 0, 0, 0, 0, 0, 1, 0, 0, 0, 0, 0, 0, 0, 0, 0, 0, 0, 0, 0, 0, 0]",False,False,False,False
vk.com,captura_0000119_H123.csv,9,6,152,3,"[1, 0, 0, 0, 0, 0, 0, 0, 0, 0, 0, 0, 0, 0, 0, 0, 0, 0, 3, 0, 2, 0, 0, 0]","[0, 0, 58, 12, 11, 26, 9, 5, 0, 2, 2, 2, 6, 2, 2, 4, 2, 1, 0, 2, 0, 2, 2, 2]","[0, 1, 0, 0, 0, 0, 0, 0, 2, 0, 0, 0, 0, 0, 0, 0, 0, 0, 0, 0, 0, 0, 0, 0]",False,False,False,False
vk.com,captura_0000119_H123.csv,10,6,151,4,"[1, 0, 0, 0, 0, 0, 0, 0, 0, 0, 0, 0, 0, 0, 0, 0, 0, 0, 3, 0, 2, 0, 0, 0]","[0, 0, 58, 11, 11, 26, 9, 5, 0, 2, 2, 2, 2, 6, 2, 4, 2, 1, 0, 2, 0, 2, 2, 2]","[0, 1, 0, 0, 0, 0, 0, 0, 3, 0, 0, 0, 0, 0, 0, 0, 0, 0, 0, 0, 0, 0, 0, 0]",False,False,False,False
vk.com,captura_0000119_H123.csv,11,6,153,2,"[1, 0, 0, 0, 0, 0, 0, 0, 0, 0, 0, 0, 0, 0, 0, 0, 3, 0, 0, 0, 0, 2, 0, 0]","[0, 0, 60, 12, 11, 25, 9, 5, 0, 2, 2, 2, 2, 6, 2, 4, 0, 1, 2, 2, 2, 0, 2, 2]","[0, 1, 0, 0, 0, 0, 0, 0, 1, 0, 0, 0, 0, 0, 0, 0, 0, 0, 0, 0, 0, 0, 0, 0]",False,False,False,False
vk.com,captura_0000119_H123.csv,12,6,153,4,"[1, 0, 0, 0, 0, 0, 0, 0, 0, 0, 0, 0, 0, 0, 0, 0, 3, 0, 0, 0, 1, 0, 0, 1, 0]","[0, 0, 60, 11, 10, 26, 9, 6, 0, 2, 2, 2, 6, 2, 2, 4, 0, 1, 2, 2, 0, 2, 2, 0, 2]","[0, 1, 0, 0, 0, 0, 0, 0, 3, 0, 0, 0, 0, 0, 0, 0, 0, 0, 0, 0, 0, 0, 0, 0, 0]",False,False,False,False
vk.com,captura_0000119_H123.csv,14,6,167,3,"[1, 0, 0, 0, 0, 0, 0, 0, 0, 0, 0, 0, 0, 0, 0, 3, 0, 0, 0, 2, 0, 0, 0, 0]","[0, 0, 67, 12, 11, 26, 9, 3, 3, 3, 2, 2, 6, 4, 1, 0, 2, 2, 4, 0, 2, 2, 6, 0]","[0, 1, 0, 0, 0, 0, 0, 0, 0, 0, 0, 0, 0, 0, 0, 0, 0, 0, 0, 0, 0, 0, 0, 2]",False,False,False,False
vk.com,captura_0000119_H123.csv,15,6,154,3,"[1, 0, 0, 0, 0, 0, 0, 0, 0, 0, 0, 0, 0, 0, 0, 0, 1, 0, 0, 2, 0, 2, 0, 0, 0]","[0, 0, 62, 9, 11, 26, 9, 6, 0, 2, 2, 2, 2, 6, 2, 4, 0, 1, 2, 0, 2, 0, 2, 2, 2]","[0, 1, 0, 0, 0, 0, 0, 0, 2, 0, 0, 0, 0, 0, 0, 0, 0, 0, 0, 0, 0, 0, 0, 0, 0]",False,False,False,False
vk.com,captura_0000119_H123.csv,16,6,154,4,"[1, 0, 0, 0, 0, 0, 0, 0, 0, 0, 0, 0, 0, 0, 0, 0, 0, 0, 3, 0, 0, 2, 0, 0]","[0, 55, 0, 12, 11, 28, 9, 5, 0, 2, 2, 2, 2, 6, 2, 4, 2, 2, 0, 2, 4, 0, 2, 2]","[0, 0, 1, 0, 0, 0, 0, 0, 3, 0, 0, 0, 0, 0, 0, 0, 0, 0, 0, 0, 0, 0, 0, 0]",False,False,False,False
vk.com,captura_0000119_H123.csv,17,6,153,3,"[1, 0, 0, 0, 0, 0, 0, 0, 0, 0, 0, 0, 0, 0, 0, 0, 0, 3, 0, 1, 0, 0, 0, 1, 0]","[0, 0, 58, 12, 11, 26, 9, 5, 0, 2, 2, 2, 6, 2, 2, 4, 1, 0, 2, 0, 2, 2, 3, 0, 2]","[0, 1, 0, 0, 0, 0, 0, 0, 2, 0, 0, 0, 0, 0, 0, 0, 0, 0, 0, 0, 0, 0, 0, 0, 0]",False,False,False,False
vk.com,captura_0000119_H123.csv,18,6,160,2,"[1, 0, 0, 0, 0, 0, 0, 0, 0, 0, 0, 0, 0, 0, 3, 0, 0, 0, 0, 2, 0, 0, 0, 0]","[0, 0, 67, 9, 11, 27, 9, 2, 2, 2, 2, 6, 2, 4, 0, 1, 2, 2, 2, 0, 2, 6, 0, 2]","[0, 1, 0, 0, 0, 0, 0, 0, 0, 0, 0, 0, 0, 0, 0, 0, 0, 0, 0, 0, 0, 0, 1, 0]",False,False,False,False
vk.com,captura_0000119_H123.csv,19,6,155,1,"[1, 0, 0, 0, 0, 0, 0, 0, 0, 0, 0, 0, 0, 0, 0, 3, 0, 2, 0, 0, 0, 0, 0]","[0, 0, 62, 10, 11, 26, 9, 2, 2, 2, 6, 2, 2, 4, 2, 0, 1, 0, 2, 2, 2, 6, 2]","[0, 1, 0, 0, 0, 0, 0, 0, 0, 0, 0, 0, 0, 0, 0, 0, 0, 0, 0, 0, 0, 0, 0]",False,False,False,False
w3.org,captura_0000181_H123.csv,1,1,6,23,"[1, 0, 0, 0]","[0, 0, 0, 6]","[0, 1, 22, 0]",False,False,False,False
w3.org,captura_0000181_H123.csv,2,1,6,23,"[1, 0, 0, 0]","[0, 0, 0, 6]","[0, 1, 22, 0]",False,False,False,False
w3.org,captura_0000181_H123.csv,3,1,6,23,"[1, 0, 0, 0]","[0, 0, 0, 6]","[0, 1, 22, 0]",False,False,False,False
w3.org,captura_0000181_H123.csv,4,1,6,23,"[1, 0, 0, 0]","[0, 0, 0, 6]","[0, 1, 22, 0]",False,False,False,False
w3.org,captura_0000181_H123.csv,5,1,6,23,"[1, 0, 0, 0]","[0, 0, 0, 6]","[0, 1, 22, 0]",False,False,False,False
w3.org,captura_0000181_H123.csv,6,1,6,23,"[1, 0, 0, 0]","[0, 0, 0, 6]","[0, 1, 22, 0]",False,False,False,False
w3.org,captura_0000181_H123.csv,7,1,6,23,"[1, 0, 0, 0]","[0, 0, 0, 6]","[0, 1, 22, 0]",False,False,False,False
w3.org,captura_0000181_H123.csv,9,1,6,23,"[1, 0, 0, 0]","[0, 0, 0, 6]","[0, 1, 22, 0]",False,False,False,False
w3.org,captura_0000181_H123.csv,10,1,6,23,"[1, 0, 0, 0]","[0, 0, 0, 6]","[0, 1, 22, 0]",False,False,False,False
w3.org,captura_0000181_H123.csv,11,1,6,23,"[1, 0, 0, 0]","[0, 0, 0, 6]","[0, 1, 22, 0]",False,False,False,False
w3.org,captura_0000181_H123.csv,12,1,6,23,"[1, 0, 0, 0]","[0, 0, 0, 6]","[0, 1, 22, 0]",False,False,False,False
w3.org,captura_0000181_H123.csv,13,1,6,23,"[1, 0, 0, 0]","[0, 0, 0, 6]","[0, 1, 22, 0]",False,False,False,False
w3.org,captura_0000181_H123.csv,15,1,6,23,"[1, 0, 0, 0]","[0, 0, 0, 6]","[0, 1, 22, 0]",False,False,False,False
w3.org,captura_0000181_H123.csv,16,1,6,23,"[1, 0, 0, 0]","[0, 0, 0, 6]","[0, 1, 22, 0]",False,False,False,False
w3.org,captura_0000181_H123.csv,17,1,6,23,"[1, 0, 0, 0]","[0, 0, 0, 6]","[0, 1, 22, 0]",False,False,False,False
w3.org,captura_0000181_H123.csv,18,1,6,23,"[1, 0, 0, 0]","[0, 0, 0, 6]","[0, 22, 1, 0]",False,False,False,False
w3.org,captura_0000181_H123.csv,19,1,6,23,"[1, 0, 0, 0]","[0, 0, 0, 6]","[0, 1, 22, 0]",False,False,False,False
whatsapp.com,captura_0000058_H123.csv,2,1,19,22,"[1, 0, 0, 0, 0, 0, 0, 0]","[0, 0, 8, 3, 0, 0, 6, 2]","[0, 1, 0, 0, 20, 1, 0, 0]",False,False,False,False
whatsapp.com,captura_0000058_H123.csv,3,1,19,23,"[1, 0, 0, 0, 0, 0, 0, 0]","[0, 0, 7, 4, 0, 0, 6, 2]","[0, 1, 0, 0, 21, 1, 0, 0]",False,False,False,False
whatsapp.com,captura_0000058_H123.csv,4,1,19,23,"[1, 0, 0, 0, 0, 0, 0, 0]","[0, 0, 7, 4, 0, 0, 6, 2]","[0, 1, 0, 0, 21, 1, 0, 0]",False,False,False,False
whatsapp.com,captura_0000058_H123.csv,5,1,19,23,"[1, 0, 0, 0, 0, 0, 0, 0]","[0, 0, 7, 4, 0, 0, 6, 2]","[0, 1, 0, 0, 21, 1, 0, 0]",False,False,False,False
whatsapp.com,captura_0000058_H123.csv,7,1,19,23,"[1, 0, 0, 0, 0, 0, 0, 0]","[0, 0, 7, 4, 0, 0, 6, 2]","[0, 1, 0, 0, 21, 1, 0, 0]",False,False,False,False
whatsapp.com,captura_0000058_H123.csv,8,1,19,23,"[1, 0, 0, 0, 0, 0, 0, 0]","[0, 0, 7, 4, 0, 0, 6, 2]","[0, 1, 0, 0, 21, 1, 0, 0]",False,False,False,False
whatsapp.com,captura_0000058_H123.csv,9,1,19,23,"[1, 0, 0, 0, 0, 0, 0, 0]","[0, 0, 7, 4, 0, 0, 6, 2]","[0, 1, 0, 0, 21, 1, 0, 0]",False,False,False,False
whatsapp.com,captura_0000058_H123.csv,10,1,19,23,"[1, 0, 0, 0, 0, 0, 0, 0]","[0, 0, 7, 4, 0, 0, 6, 2]","[0, 1, 0, 0, 21, 1, 0, 0]",False,False,False,False
whatsapp.com,captura_0000058_H123.csv,12,1,19,23,"[1, 0, 0, 0, 0, 0, 0, 0]","[0, 0, 7, 4, 0, 0, 6, 2]","[0, 1, 0, 0, 21, 1, 0, 0]",False,False,False,False
whatsapp.com,captura_0000058_H123.csv,13,1,19,23,"[1, 0, 0, 0, 0, 0, 0, 0]","[0, 0, 7, 4, 0, 0, 6, 2]","[0, 1, 0, 0, 21, 1, 0, 0]",False,False,False,False
whatsapp.com,captura_0000058_H123.csv,17,1,19,23,"[1, 0, 0, 0, 0, 0, 0, 0]","[0, 0, 7, 4, 0, 0, 6, 2]","[0, 1, 0, 0, 21, 1, 0, 0]",False,False,False,False
whatsapp.com,captura_0000058_H123.csv,20,1,19,23,"[1, 0, 0, 0, 0, 0, 0, 0]","[0, 0, 7, 4, 0, 0, 6, 2]","[0, 1, 0, 0, 21, 1, 0, 0]",False,False,False,False
whatsapp.net,captura_0000047_H123.csv,1,1,19,22,"[1, 0, 0, 0, 0, 0, 0, 0]","[0, 0, 1, 6, 7, 0, 0, 5]","[0, 1, 0, 0, 0, 20, 1, 0]",False,False,False,False
whatsapp.net,captura_0000047_H123.csv,2,1,20,22,"[1, 0, 0, 0, 0, 0, 0, 0, 0]","[0, 0, 1, 7, 4, 0, 0, 6, 2]","[0, 1, 0, 0, 0, 20, 1, 0, 0]",False,False,False,False
whatsapp.net,captura_0000047_H123.csv,3,1,19,23,"[1, 0, 0, 0, 0, 0, 0, 0, 0]","[0, 0, 1, 7, 4, 0, 0, 5, 2]","[0, 1, 0, 0, 0, 21, 1, 0, 0]",False,False,False,False
whatsapp.net,captura_0000047_H123.csv,4,1,19,23,"[1, 0, 0, 0, 0, 0, 0, 0, 0]","[0, 0, 1, 6, 4, 0, 0, 6, 2]","[0, 1, 0, 0, 0, 21, 1, 0, 0]",False,False,False,False
whatsapp.net,captura_0000047_H123.csv,5,1,20,23,"[1, 0, 0, 0, 0, 0, 0, 0, 0]","[0, 0, 1, 6, 5, 0, 0, 6, 2]","[0, 1, 0, 0, 0, 21, 1, 0, 0]",False,False,False,False
whatsapp.net,captura_0000047_H123.csv,6,1,19,23,"[1, 0, 0, 0, 0, 0, 0, 0, 0]","[0, 0, 1, 6, 4, 0, 0, 6, 2]","[0, 1, 0, 0, 0, 21, 1, 0, 0]",False,False,False,False
whatsapp.net,captura_0000047_H123.csv,7,1,18,22,"[1, 0, 0, 0, 0, 0, 0, 0, 0]","[0, 0, 1, 7, 3, 0, 0, 5, 2]","[0, 1, 0, 0, 0, 20, 1, 0, 0]",False,False,False,False
whatsapp.net,captura_0000047_H123.csv,8,1,19,23,"[1, 0, 0, 0, 0, 0, 0, 0, 0]","[0, 0, 1, 6, 4, 0, 0, 6, 2]","[0, 1, 0, 0, 0, 21, 1, 0, 0]",False,False,False,False
whatsapp.net,captura_0000047_H123.csv,9,1,19,23,"[1, 0, 0, 0, 0, 0, 0, 0, 0]","[0, 0, 1, 6, 4, 0, 0, 6, 2]","[0, 1, 0, 0, 0, 21, 1, 0, 0]",False,False,False,False
whatsapp.net,captura_0000047_H123.csv,10,1,18,23,"[1, 0, 0, 0, 0, 0, 0, 0, 0]","[0, 0, 1, 6, 3, 0, 0, 6, 2]","[0, 1, 0, 0, 0, 21, 1, 0, 0]",False,False,False,False
whatsapp.net,captura_0000047_H123.csv,11,1,18,23,"[1, 0, 0, 0, 0, 0, 0, 0, 0]","[0, 0, 1, 6, 3, 0, 0, 6, 2]","[0, 1, 0, 0, 0, 21, 1, 0, 0]",False,False,False,False
whatsapp.net,captura_0000047_H123.csv,12,1,19,23,"[1, 0, 0, 0, 0, 0, 0, 0, 0]","[0, 0, 1, 6, 5, 0, 0, 5, 2]","[0, 1, 0, 0, 0, 21, 1, 0, 0]",False,False,False,False
whatsapp.net,captura_0000047_H123.csv,13,1,17,22,"[1, 0, 0, 0, 0, 0, 0, 0]","[0, 0, 1, 7, 3, 0, 0, 6]","[0, 1, 0, 0, 0, 20, 1, 0]",False,False,False,False
whatsapp.net,captura_0000047_H123.csv,14,1,18,23,"[1, 0, 0, 0, 0, 0, 0, 0]","[0, 0, 1, 6, 5, 0, 0, 6]","[0, 1, 0, 0, 0, 21, 1, 0]",False,False,False,False
whatsapp.net,captura_0000047_H123.csv,15,1,18,23,"[1, 0, 0, 0, 0, 0, 0, 0, 0]","[0, 0, 1, 6, 3, 0, 0, 6, 2]","[0, 1, 0, 0, 0, 21, 1, 0, 0]",False,False,False,False
whatsapp.net,captura_0000047_H123.csv,16,1,17,22,"[1, 0, 0, 0, 0, 0, 0, 0]","[0, 0, 1, 7, 3, 0, 0, 6]","[0, 1, 0, 0, 0, 20, 1, 0]",False,False,False,False
whatsapp.net,captura_0000047_H123.csv,17,1,20,23,"[1, 0, 0, 0, 0, 0, 0, 0, 0]","[0, 0, 1, 6, 5, 0, 0, 6, 2]","[0, 1, 0, 0, 0, 21, 1, 0, 0]",False,False,False,False
whatsapp.net,captura_0000047_H123.csv,18,1,19,22,"[1, 0, 0, 0, 0, 0, 0, 0, 0]","[0, 0, 1, 7, 3, 0, 0, 6, 2]","[0, 1, 0, 0, 0, 20, 1, 0, 0]",False,False,False,False
whatsapp.net,captura_0000047_H123.csv,19,1,20,23,"[1, 0, 0, 0, 0, 0, 0, 0, 0]","[0, 0, 1, 6, 5, 0, 0, 6, 2]","[0, 1, 0, 0, 0, 21, 1, 0, 0]",False,False,False,False
whatsapp.net,captura_0000047_H123.csv,20,1,19,23,"[1, 0, 0, 0, 0, 0, 0, 0, 0]","[0, 0, 1, 6, 4, 0, 0, 6, 2]","[0, 1, 0, 0, 0, 21, 1, 0, 0]",False,False,False,False
wikipedia.org,captura_0000029_H123.csv,2,1,18,1,"[1, 0, 0, 0, 0]","[0, 0, 10, 2, 6]","[0, 1, 0, 0, 0]",False,False,False,False
wikipedia.org,captura_0000029_H123.csv,3,1,18,1,"[1, 0, 0, 0, 0]","[0, 0, 10, 2, 6]","[0, 1, 0, 0, 0]",False,False,False,False
wikipedia.org,captura_0000029_H123.csv,4,1,18,1,"[1, 0, 0, 0, 0]","[0, 0, 10, 2, 6]","[0, 1, 0, 0, 0]",False,False,False,False
wikipedia.org,captura_0000029_H123.csv,5,1,18,1,"[1, 0, 0, 0, 0]","[0, 0, 10, 2, 6]","[0, 1, 0, 0, 0]",False,False,False,False
wikipedia.org,captura_0000029_H123.csv,6,1,18,1,"[1, 0, 0, 0, 0]","[0, 0, 10, 2, 6]","[0, 1, 0, 0, 0]",False,False,False,False
wikipedia.org,captura_0000029_H123.csv,7,1,18,1,"[1, 0, 0, 0, 0]","[0, 0, 10, 2, 6]","[0, 1, 0, 0, 0]",False,False,False,False
wikipedia.org,captura_0000029_H123.csv,8,1,18,1,"[1, 0, 0, 0, 0]","[0, 0, 10, 2, 6]","[0, 1, 0, 0, 0]",False,False,False,False
wikipedia.org,captura_0000029_H123.csv,9,1,18,1,"[1, 0, 0, 0, 0]","[0, 0, 10, 2, 6]","[0, 1, 0, 0, 0]",False,False,False,False
wikipedia.org,captura_0000029_H123.csv,10,1,18,1,"[1, 0, 0, 0, 0]","[0, 0, 10, 2, 6]","[0, 1, 0, 0, 0]",False,False,False,False
wikipedia.org,captura_0000029_H123.csv,11,1,18,1,"[1, 0, 0, 0, 0]","[0, 0, 10, 2, 6]","[0, 1, 0, 0, 0]",False,False,False,False
wikipedia.org,captura_0000029_H123.csv,13,1,18,1,"[1, 0, 0, 0, 0]","[0, 0, 10, 2, 6]","[0, 1, 0, 0, 0]",False,False,False,False
wikipedia.org,captura_0000029_H123.csv,14,1,18,1,"[1, 0, 0, 0, 0]","[0, 0, 10, 2, 6]","[0, 1, 0, 0, 0]",False,False,False,False
wikipedia.org,captura_0000029_H123.csv,15,1,18,1,"[1, 0, 0, 0, 0]","[0, 0, 10, 2, 6]","[0, 1, 0, 0, 0]",False,False,False,False
wikipedia.org,captura_0000029_H123.csv,16,1,18,1,"[1, 0, 0, 0, 0]","[0, 0, 10, 2, 6]","[0, 1, 0, 0, 0]",False,False,False,False
wikipedia.org,captura_0000029_H123.csv,17,1,18,1,"[1, 0, 0, 0, 0]","[0, 0, 10, 2, 6]","[0, 1, 0, 0, 0]",False,False,False,False
wikipedia.org,captura_0000029_H123.csv,18,1,18,1,"[1, 0, 0, 0, 0]","[0, 0, 10, 2, 6]","[0, 1, 0, 0, 0]",False,False,False,False
wikipedia.org,captura_0000029_H123.csv,19,1,18,1,"[1, 0, 0, 0, 0]","[0, 0, 10, 2, 6]","[0, 1, 0, 0, 0]",False,False,False,False
wikipedia.org,captura_0000029_H123.csv,20,1,18,1,"[1, 0, 0, 0, 0]","[0, 0, 10, 2, 6]","[0, 1, 0, 0, 0]",False,False,False,False
wildberries.ru,captura_0000179_H123.csv,1,1,48,1,"[1, 0, 0, 0, 0, 0]","[0, 0, 37, 3, 6, 2]","[0, 1, 0, 0, 0, 0]",False,False,False,False
wildberries.ru,captura_0000179_H123.csv,2,1,48,1,"[1, 0, 0, 0, 0, 0]","[0, 0, 37, 6, 3, 2]","[0, 1, 0, 0, 0, 0]",False,False,False,False
wildberries.ru,captura_0000179_H123.csv,4,1,50,1,"[1, 0, 0, 0, 0, 0]","[0, 0, 39, 6, 3, 2]","[0, 1, 0, 0, 0, 0]",False,False,False,False
wildberries.ru,captura_0000179_H123.csv,5,1,49,1,"[1, 0, 0, 0, 0, 0]","[0, 0, 38, 6, 3, 2]","[0, 1, 0, 0, 0, 0]",False,False,False,False
wildberries.ru,captura_0000179_H123.csv,6,1,49,1,"[1, 0, 0, 0, 0, 0]","[0, 0, 37, 3, 7, 2]","[0, 1, 0, 0, 0, 0]",False,False,False,False
wildberries.ru,captura_0000179_H123.csv,7,1,48,1,"[1, 0, 0, 0, 0, 0]","[0, 0, 37, 3, 6, 2]","[0, 1, 0, 0, 0, 0]",False,False,False,False
wildberries.ru,captura_0000179_H123.csv,8,1,48,1,"[1, 0, 0, 0, 0, 0]","[0, 0, 37, 6, 3, 2]","[0, 1, 0, 0, 0, 0]",False,False,False,False
wildberries.ru,captura_0000179_H123.csv,9,1,49,1,"[1, 0, 0, 0, 0, 0]","[0, 0, 38, 6, 3, 2]","[0, 1, 0, 0, 0, 0]",False,False,False,False
wildberries.ru,captura_0000179_H123.csv,10,1,49,1,"[1, 0, 0, 0, 0, 0]","[0, 0, 38, 3, 6, 2]","[0, 1, 0, 0, 0, 0]",False,False,False,False
wildberries.ru,captura_0000179_H123.csv,11,1,49,1,"[1, 0, 0, 0, 0, 0]","[0, 0, 37, 6, 4, 2]","[0, 1, 0, 0, 0, 0]",False,False,False,False
wildberries.ru,captura_0000179_H123.csv,12,1,48,1,"[1, 0, 0, 0, 0, 0]","[0, 0, 37, 3, 6, 2]","[0, 1, 0, 0, 0, 0]",False,False,False,False
wildberries.ru,captura_0000179_H123.csv,13,1,48,1,"[1, 0, 0, 0, 0, 0]","[0, 0, 37, 3, 6, 2]","[0, 1, 0, 0, 0, 0]",False,False,False,False
wildberries.ru,captura_0000179_H123.csv,14,1,48,1,"[1, 0, 0, 0, 0, 0]","[0, 0, 37, 6, 3, 2]","[0, 1, 0, 0, 0, 0]",False,False,False,False
wildberries.ru,captura_0000179_H123.csv,15,1,49,1,"[1, 0, 0, 0, 0, 0]","[0, 0, 38, 3, 6, 2]","[0, 1, 0, 0, 0, 0]",False,False,False,False
wildberries.ru,captura_0000179_H123.csv,16,1,49,1,"[1, 0, 0, 0, 0, 0]","[0, 0, 38, 6, 3, 2]","[0, 1, 0, 0, 0, 0]",False,False,False,False
wildberries.ru,captura_0000179_H123.csv,18,1,48,1,"[1, 0, 0, 0, 0, 0]","[0, 0, 37, 6, 3, 2]","[0, 1, 0, 0, 0, 0]",False,False,False,False
wildberries.ru,captura_0000179_H123.csv,19,1,49,1,"[1, 0, 0, 0, 0, 0]","[0, 0, 38, 3, 6, 2]","[0, 1, 0, 0, 0, 0]",False,False,False,False
wildberries.ru,captura_0000179_H123.csv,20,1,49,1,"[1, 0, 0, 0, 0, 0]","[0, 0, 38, 6, 3, 2]","[0, 1, 0, 0, 0, 0]",False,False,False,False
windows.com,captura_0000131_H123.csv,1,12,108,1,"[1, 0, 0, 1, 1, 0, 0, 0, 0, 0, 0, 0, 0, 0, 0, 0, 0, 0, 1, 0, 0, 0, 4, 3, 0, 1, 0, 0, 0, 0]","[0, 0, 1, 0, 0, 12, 12, 30, 1, 2, 2, 6, 2, 3, 3, 2, 2, 2, 0, 2, 6, 3, 0, 0, 2, 0, 2, 4, 7, 2]","[0, 1, 0, 0, 0, 0, 0, 0, 0, 0, 0, 0, 0, 0, 0, 0, 0, 0, 0, 0, 0, 0, 0, 0, 0, 0, 0, 0, 0, 0]",False,False,False,False
windows.com,captura_0000131_H123.csv,2,12,108,1,"[1, 0, 0, 1, 1, 0, 0, 0, 0, 0, 0, 0, 0, 0, 0, 0, 0, 0, 1, 0, 0, 0, 4, 3, 0, 1, 0, 0, 0, 0]","[0, 0, 1, 0, 0, 13, 2, 29, 12, 1, 2, 6, 2, 3, 3, 2, 2, 2, 0, 2, 6, 3, 0, 0, 2, 0, 2, 4, 7, 2]","[0, 1, 0, 0, 0, 0, 0, 0, 0, 0, 0, 0, 0, 0, 0, 0, 0, 0, 0, 0, 0, 0, 0, 0, 0, 0, 0, 0, 0, 0]",False,False,False,False
windows.com,captura_0000131_H123.csv,3,12,108,1,"[1, 0, 0, 1, 1, 0, 0, 0, 0, 0, 0, 0, 0, 0, 0, 0, 0, 1, 0, 0, 0, 4, 1, 0, 3, 0, 0, 0, 0, 0]","[0, 0, 1, 0, 0, 12, 1, 12, 2, 29, 2, 2, 3, 3, 2, 2, 2, 0, 2, 6, 3, 0, 0, 2, 0, 2, 5, 7, 6, 2]","[0, 1, 0, 0, 0, 0, 0, 0, 0, 0, 0, 0, 0, 0, 0, 0, 0, 0, 0, 0, 0, 0, 0, 0, 0, 0, 0, 0, 0, 0]",False,False,False,False
windows.com,captura_0000131_H123.csv,4,11,106,1,"[1, 0, 0, 1, 1, 0, 0, 0, 0, 0, 0, 0, 0, 0, 0, 0, 0, 0, 1, 0, 0, 0, 3, 3, 0, 1, 0, 0, 0, 0]","[0, 0, 1, 0, 0, 13, 2, 1, 12, 28, 2, 5, 2, 3, 2, 3, 2, 2, 0, 2, 3, 6, 0, 0, 2, 0, 4, 2, 7, 2]","[0, 1, 0, 0, 0, 0, 0, 0, 0, 0, 0, 0, 0, 0, 0, 0, 0, 0, 0, 0, 0, 0, 0, 0, 0, 0, 0, 0, 0, 0]",False,False,False,False
windows.com,captura_0000131_H123.csv,5,11,104,1,"[1, 0, 0, 1, 1, 0, 0, 0, 0, 0, 0, 0, 0, 0, 0, 0, 0, 0, 1, 0, 0, 0, 3, 3, 0, 1, 0, 0, 0, 0]","[0, 0, 1, 0, 0, 12, 2, 12, 1, 27, 2, 5, 2, 3, 3, 2, 2, 2, 0, 2, 6, 3, 0, 0, 2, 0, 2, 4, 7, 2]","[0, 1, 0, 0, 0, 0, 0, 0, 0, 0, 0, 0, 0, 0, 0, 0, 0, 0, 0, 0, 0, 0, 0, 0, 0, 0, 0, 0, 0, 0]",False,False,False,False
windows.com,captura_0000131_H123.csv,6,12,110,1,"[1, 0, 0, 1, 1, 0, 0, 0, 0, 0, 0, 0, 0, 0, 1, 0, 0, 0, 0, 1, 0, 0, 0, 3, 3, 0, 1, 0, 0, 0, 0]","[0, 0, 1, 0, 0, 13, 2, 12, 1, 31, 2, 6, 2, 3, 0, 3, 2, 2, 2, 0, 2, 6, 3, 0, 0, 2, 0, 2, 4, 7, 2]","[0, 1, 0, 0, 0, 0, 0, 0, 0, 0, 0, 0, 0, 0, 0, 0, 0, 0, 0, 0, 0, 0, 0, 0, 0, 0, 0, 0, 0, 0, 0]",False,False,False,False
windows.com,captura_0000131_H123.csv,7,11,107,1,"[1, 0, 0, 1, 1, 0, 0, 0, 0, 0, 0, 0, 0, 0, 0, 0, 0, 0, 1, 0, 0, 0, 2, 3, 0, 1, 0, 0, 1, 0, 0]","[0, 0, 1, 0, 0, 12, 12, 30, 1, 2, 2, 4, 2, 3, 2, 3, 2, 2, 0, 2, 3, 6, 0, 0, 2, 0, 4, 2, 0, 8, 2]","[0, 1, 0, 0, 0, 0, 0, 0, 0, 0, 0, 0, 0, 0, 0, 0, 0, 0, 0, 0, 0, 0, 0, 0, 0, 0, 0, 0, 0, 0, 0]",False,False,False,False
windows.com,captura_0000131_H123.csv,8,12,110,1,"[1, 0, 0, 1, 1, 0, 0, 0, 0, 0, 0, 0, 0, 0, 0, 0, 0, 0, 1, 0, 0, 0, 4, 3, 0, 1, 0, 0, 0, 0]","[0, 0, 1, 0, 0, 13, 12, 1, 2, 31, 2, 6, 2, 3, 3, 2, 2, 2, 0, 2, 6, 3, 0, 0, 2, 0, 2, 4, 7, 2]","[0, 1, 0, 0, 0, 0, 0, 0, 0, 0, 0, 0, 0, 0, 0, 0, 0, 0, 0, 0, 0, 0, 0, 0, 0, 0, 0, 0, 0, 0]",False,False,False,False
windows.com,captura_0000131_H123.csv,9,13,107,1,"[1, 0, 0, 1, 1, 0, 0, 0, 0, 0, 0, 0, 0, 0, 0, 1, 0, 0, 0, 1, 0, 0, 0, 4, 3, 1, 0, 0, 0, 0, 0]","[0, 0, 1, 0, 0, 13, 27, 2, 1, 12, 2, 6, 2, 3, 3, 0, 2, 2, 2, 0, 2, 6, 3, 0, 0, 0, 2, 2, 4, 8, 2]","[0, 1, 0, 0, 0, 0, 0, 0, 0, 0, 0, 0, 0, 0, 0, 0, 0, 0, 0, 0, 0, 0, 0, 0, 0, 0, 0, 0, 0, 0, 0]",False,False,False,False
windows.com,captura_0000131_H123.csv,10,12,111,1,"[1, 0, 0, 1, 1, 0, 0, 0, 0, 0, 0, 0, 0, 0, 0, 0, 0, 0, 1, 0, 0, 0, 3, 3, 0, 1, 0, 0, 0, 0, 1]","[0, 0, 1, 0, 0, 13, 2, 12, 30, 1, 6, 2, 2, 3, 3, 2, 2, 2, 0, 2, 6, 3, 0, 0, 2, 0, 2, 4, 9, 2, 0]","[0, 1, 0, 0, 0, 0, 0, 0, 0, 0, 0, 0, 0, 0, 0, 0, 0, 0, 0, 0, 0, 0, 0, 0, 0, 0, 0, 0, 0, 0, 0]",False,False,False,False
windows.com,captura_0000131_H123.csv,11,11,105,1,"[1, 0, 0, 1, 1, 0, 0, 0, 0, 0, 0, 0, 0, 0, 0, 0, 0, 0, 1, 0, 0, 0, 3, 3, 0, 1, 0, 0, 0, 0]","[0, 0, 1, 0, 0, 12, 2, 12, 1, 27, 2, 6, 2, 3, 3, 2, 2, 2, 0, 2, 6, 3, 0, 0, 2, 0, 2, 4, 7, 2]","[0, 1, 0, 0, 0, 0, 0, 0, 0, 0, 0, 0, 0, 0, 0, 0, 0, 0, 0, 0, 0, 0, 0, 0, 0, 0, 0, 0, 0, 0]",False,False,False,False
windows.com,captura_0000131_H123.csv,12,12,105,1,"[1, 0, 0, 1, 1, 0, 0, 0, 0, 0, 0, 0, 0, 0, 1, 0, 0, 0, 0, 1, 0, 0, 0, 3, 3, 0, 0, 1, 0, 0, 0]","[0, 0, 1, 0, 0, 13, 2, 12, 1, 25, 2, 6, 2, 3, 0, 3, 2, 2, 2, 0, 2, 6, 3, 0, 0, 4, 2, 0, 2, 8, 2]","[0, 1, 0, 0, 0, 0, 0, 0, 0, 0, 0, 0, 0, 0, 0, 0, 0, 0, 0, 0, 0, 0, 0, 0, 0, 0, 0, 0, 0, 0, 0]",False,False,False,False
windows.com,captura_0000131_H123.csv,13,12,108,1,"[1, 0, 0, 1, 1, 0, 0, 0, 0, 0, 0, 0, 0, 0, 0, 0, 0, 0, 1, 0, 0, 0, 4, 3, 0, 1, 0, 0, 0, 0]","[0, 0, 1, 0, 0, 13, 12, 27, 1, 2, 2, 6, 2, 3, 2, 3, 2, 2, 0, 2, 6, 4, 0, 0, 2, 0, 2, 4, 8, 2]","[0, 1, 0, 0, 0, 0, 0, 0, 0, 0, 0, 0, 0, 0, 0, 0, 0, 0, 0, 0, 0, 0, 0, 0, 0, 0, 0, 0, 0, 0]",False,False,False,False
windows.com,captura_0000131_H123.csv,15,13,109,1,"[1, 0, 0, 1, 1, 0, 0, 0, 0, 0, 0, 0, 0, 0, 1, 0, 0, 0, 0, 1, 0, 0, 0, 4, 3, 0, 1, 0, 0, 0, 0]","[0, 0, 1, 0, 0, 13, 1, 12, 30, 2, 2, 6, 2, 3, 0, 3, 2, 2, 2, 0, 2, 6, 3, 0, 0, 2, 0, 2, 4, 7, 2]","[0, 1, 0, 0, 0, 0, 0, 0, 0, 0, 0, 0, 0, 0, 0, 0, 0, 0, 0, 0, 0, 0, 0, 0, 0, 0, 0, 0, 0, 0, 0]",False,False,False,False
windows.com,captura_0000131_H123.csv,16,13,109,1,"[1, 0, 0, 1, 1, 0, 0, 0, 0, 0, 0, 0, 0, 0, 0, 1, 0, 0, 0, 1, 0, 0, 0, 4, 3, 0, 0, 1, 0, 0, 0]","[0, 0, 1, 0, 0, 13, 1, 30, 12, 2, 2, 6, 2, 3, 3, 0, 2, 2, 2, 0, 2, 6, 3, 0, 0, 4, 2, 0, 2, 7, 2]","[0, 1, 0, 0, 0, 0, 0, 0, 0, 0, 0, 0, 0, 0, 0, 0, 0, 0, 0, 0, 0, 0, 0, 0, 0, 0, 0, 0, 0, 0, 0]",False,False,False,False
windows.com,captura_0000131_H123.csv,17,12,105,1,"[1, 0, 0, 1, 1, 0, 0, 0, 0, 0, 0, 0, 0, 0, 0, 0, 0, 0, 1, 0, 0, 0, 4, 3, 1, 0, 0, 0, 0, 0]","[0, 0, 1, 0, 0, 13, 1, 26, 2, 12, 2, 6, 2, 3, 3, 2, 2, 2, 0, 2, 6, 3, 0, 0, 0, 2, 4, 2, 7, 2]","[0, 1, 0, 0, 0, 0, 0, 0, 0, 0, 0, 0, 0, 0, 0, 0, 0, 0, 0, 0, 0, 0, 0, 0, 0, 0, 0, 0, 0, 0]",False,False,False,False
windows.com,captura_0000131_H123.csv,18,13,111,1,"[1, 0, 0, 1, 1, 0, 0, 0, 0, 0, 0, 0, 0, 0, 0, 1, 0, 0, 0, 1, 0, 0, 0, 4, 3, 0, 1, 0, 0, 0, 0]","[0, 0, 1, 0, 0, 13, 30, 1, 2, 12, 2, 6, 2, 3, 3, 0, 2, 2, 2, 0, 2, 6, 3, 0, 0, 2, 0, 4, 2, 9, 2]","[0, 1, 0, 0, 0, 0, 0, 0, 0, 0, 0, 0, 0, 0, 0, 0, 0, 0, 0, 0, 0, 0, 0, 0, 0, 0, 0, 0, 0, 0, 0]",False,False,False,False
windows.com,captura_0000131_H123.csv,19,11,108,1,"[1, 0, 0, 1, 1, 0, 0, 0, 0, 0, 0, 0, 0, 0, 0, 0, 0, 0, 1, 0, 0, 0, 3, 3, 0, 1, 0, 0, 0, 0]","[0, 0, 1, 0, 0, 13, 12, 2, 1, 30, 2, 6, 2, 2, 3, 2, 2, 2, 0, 2, 6, 3, 0, 0, 2, 0, 2, 4, 7, 2]","[0, 1, 0, 0, 0, 0, 0, 0, 0, 0, 0, 0, 0, 0, 0, 0, 0, 0, 0, 0, 0, 0, 0, 0, 0, 0, 0, 0, 0, 0]",False,False,False,False
windows.com,captura_0000131_H123.csv,20,11,108,1,"[1, 0, 0, 1, 1, 0, 0, 0, 0, 0, 0, 0, 0, 0, 0, 0, 0, 0, 1, 0, 0, 0, 3, 3, 0, 1, 0, 0, 0, 0]","[0, 0, 1, 0, 0, 13, 2, 12, 29, 1, 2, 6, 2, 3, 3, 2, 2, 2, 0, 2, 6, 3, 0, 0, 2, 0, 2, 4, 7, 2]","[0, 1, 0, 0, 0, 0, 0, 0, 0, 0, 0, 0, 0, 0, 0, 0, 0, 0, 0, 0, 0, 0, 0, 0, 0, 0, 0, 0, 0, 0]",False,False,False,False
windows.net,captura_0000065_H123.csv,1,1,60,1,"[1, 0, 0, 0, 0, 0, 0, 0, 0, 0, 0, 0, 0, 0, 0, 0, 0]","[0, 0, 1, 4, 23, 2, 1, 1, 2, 2, 1, 3, 4, 3, 5, 6, 2]","[0, 1, 0, 0, 0, 0, 0, 0, 0, 0, 0, 0, 0, 0, 0, 0, 0]",False,False,False,False
windows.net,captura_0000065_H123.csv,2,1,61,1,"[1, 0, 0, 0, 0, 0, 0, 0, 0, 0, 0, 0, 0, 0, 0, 0, 0]","[0, 0, 1, 4, 24, 2, 2, 1, 1, 2, 1, 3, 4, 3, 5, 6, 2]","[0, 1, 0, 0, 0, 0, 0, 0, 0, 0, 0, 0, 0, 0, 0, 0, 0]",False,False,False,False
windows.net,captura_0000065_H123.csv,5,1,58,1,"[1, 0, 0, 0, 0, 0, 0, 0, 0, 0, 0, 0, 0, 0, 0, 0, 0]","[0, 0, 1, 4, 21, 2, 2, 1, 1, 2, 1, 3, 4, 3, 6, 5, 2]","[0, 1, 0, 0, 0, 0, 0, 0, 0, 0, 0, 0, 0, 0, 0, 0, 0]",False,False,False,False
windows.net,captura_0000065_H123.csv,6,1,60,1,"[1, 0, 0, 0, 0, 0, 0, 0, 0, 0, 0, 0, 0, 0, 0, 0, 0]","[0, 0, 1, 4, 23, 2, 1, 1, 2, 2, 1, 3, 4, 3, 5, 6, 2]","[0, 1, 0, 0, 0, 0, 0, 0, 0, 0, 0, 0, 0, 0, 0, 0, 0]",False,False,False,False
windows.net,captura_0000065_H123.csv,7,1,57,1,"[1, 0, 0, 0, 0, 0, 0, 0, 0, 0, 0, 0, 0, 0, 0, 0, 0]","[0, 0, 1, 4, 20, 2, 1, 1, 2, 2, 1, 3, 4, 3, 5, 6, 2]","[0, 1, 0, 0, 0, 0, 0, 0, 0, 0, 0, 0, 0, 0, 0, 0, 0]",False,False,False,False
windows.net,captura_0000065_H123.csv,8,1,59,1,"[1, 0, 0, 0, 0, 0, 0, 0, 0, 0, 0, 0, 0, 0, 0, 0, 0]","[0, 1, 0, 4, 21, 6, 2, 2, 1, 1, 3, 1, 3, 4, 3, 5, 2]","[0, 0, 1, 0, 0, 0, 0, 0, 0, 0, 0, 0, 0, 0, 0, 0, 0]",False,False,False,False
windows.net,captura_0000065_H123.csv,9,1,58,1,"[1, 0, 0, 0, 0, 0, 0, 0, 0, 0, 0, 0, 0, 0, 0, 0, 0]","[0, 0, 1, 4, 21, 6, 2, 1, 2, 1, 2, 1, 3, 4, 3, 5, 2]","[0, 1, 0, 0, 0, 0, 0, 0, 0, 0, 0, 0, 0, 0, 0, 0, 0]",False,False,False,False
windows.net,captura_0000065_H123.csv,10,1,56,1,"[1, 0, 0, 0, 0, 0, 0, 0, 0, 0, 0, 0, 0, 0, 0, 0, 0]","[0, 0, 1, 4, 19, 2, 1, 2, 1, 2, 1, 3, 4, 3, 5, 6, 2]","[0, 1, 0, 0, 0, 0, 0, 0, 0, 0, 0, 0, 0, 0, 0, 0, 0]",False,False,False,False
windows.net,captura_0000065_H123.csv,11,1,61,1,"[1, 0, 0, 0, 0, 0, 0, 0, 0, 0, 0, 0, 0, 0, 0, 0, 0]","[0, 0, 1, 4, 23, 6, 2, 1, 1, 2, 2, 1, 3, 5, 3, 5, 2]","[0, 1, 0, 0, 0, 0, 0, 0, 0, 0, 0, 0, 0, 0, 0, 0, 0]",False,False,False,False
windows.net,captura_0000065_H123.csv,12,1,62,1,"[1, 0, 0, 0, 0, 0, 0, 0, 0, 0, 0, 0, 0, 0, 0, 0, 0]","[0, 0, 1, 4, 24, 7, 2, 1, 1, 2, 2, 1, 3, 4, 3, 5, 2]","[0, 1, 0, 0, 0, 0, 0, 0, 0, 0, 0, 0, 0, 0, 0, 0, 0]",False,False,False,False
windows.net,captura_0000065_H123.csv,13,1,60,1,"[1, 0, 0, 0, 0, 0, 0, 0, 0, 0, 0, 0, 0, 0, 0, 0, 0]","[0, 0, 1, 4, 23, 6, 2, 1, 2, 1, 2, 1, 3, 4, 3, 5, 2]","[0, 1, 0, 0, 0, 0, 0, 0, 0, 0, 0, 0, 0, 0, 0, 0, 0]",False,False,False,False
windows.net,captura_0000065_H123.csv,14,1,61,1,"[1, 0, 0, 0, 0, 0, 0, 0, 0, 0, 0, 0, 0, 0, 0, 0, 0]","[0, 0, 1, 4, 23, 6, 2, 2, 1, 2, 2, 1, 3, 4, 3, 5, 2]","[0, 1, 0, 0, 0, 0, 0, 0, 0, 0, 0, 0, 0, 0, 0, 0, 0]",False,False,False,False
windows.net,captura_0000065_H123.csv,15,1,62,1,"[1, 0, 0, 0, 0, 0, 0, 0, 0, 0, 0, 0, 0, 0, 0, 0, 0]","[0, 0, 1, 4, 25, 2, 6, 1, 2, 1, 2, 1, 3, 4, 3, 5, 2]","[0, 1, 0, 0, 0, 0, 0, 0, 0, 0, 0, 0, 0, 0, 0, 0, 0]",False,False,False,False
windows.net,captura_0000065_H123.csv,17,1,57,1,"[1, 0, 0, 0, 0, 0, 0, 0, 0, 0, 0, 0, 0, 0, 0, 0, 0]","[0, 0, 1, 4, 20, 6, 2, 1, 2, 1, 2, 1, 3, 4, 3, 5, 2]","[0, 1, 0, 0, 0, 0, 0, 0, 0, 0, 0, 0, 0, 0, 0, 0, 0]",False,False,False,False
windows.net,captura_0000065_H123.csv,19,1,60,1,"[1, 0, 0, 0, 0, 0, 0, 0, 0, 0, 0, 0, 0, 0, 0, 0, 0]","[0, 0, 1, 4, 23, 2, 2, 1, 1, 2, 1, 3, 4, 3, 6, 5, 2]","[0, 1, 0, 0, 0, 0, 0, 0, 0, 0, 0, 0, 0, 0, 0, 0, 0]",False,False,False,False
windows.net,captura_0000065_H123.csv,20,1,60,1,"[1, 0, 0, 0, 0, 0, 0, 0, 0, 0, 0, 0, 0, 0, 0, 0, 0]","[0, 0, 1, 4, 23, 6, 2, 2, 1, 1, 2, 1, 3, 4, 3, 5, 2]","[0, 1, 0, 0, 0, 0, 0, 0, 0, 0, 0, 0, 0, 0, 0, 0, 0]",False,False,False,False
wordpress.com,captura_0000081_H123.csv,2,2,42,33,"[1, 0, 0, 0, 0, 0, 0, 0, 0, 0, 0, 0, 0, 0, 0, 0, 0, 0, 1, 0, 0, 0, 0, 0, 0, 0]","[0, 0, 2, 0, 7, 1, 3, 3, 2, 2, 0, 0, 1, 0, 2, 1, 1, 4, 0, 1, 0, 0, 1, 2, 7, 2]","[0, 1, 0, 22, 0, 0, 0, 0, 0, 0, 2, 3, 0, 2, 0, 0, 0, 0, 0, 0, 1, 2, 0, 0, 0, 0]",False,False,False,False
wordpress.com,captura_0000081_H123.csv,3,2,38,32,"[1, 0, 0, 0, 0, 0, 0, 0, 0, 0, 0, 0, 0, 0, 0, 0, 0, 0, 1, 0, 0, 0, 0, 0]","[0, 0, 2, 0, 7, 1, 5, 3, 1, 2, 0, 0, 1, 0, 2, 1, 4, 1, 0, 1, 0, 0, 1, 6]","[0, 1, 0, 22, 0, 0, 0, 0, 0, 0, 2, 2, 0, 2, 0, 0, 0, 0, 0, 0, 1, 2, 0, 0]",False,False,False,False
wordpress.com,captura_0000081_H123.csv,4,2,40,30,"[1, 0, 0, 0, 0, 0, 0, 0, 0, 0, 0, 0, 0, 0, 0, 0, 0, 0, 1, 0, 0, 0, 0, 0]","[0, 0, 4, 0, 8, 1, 3, 3, 2, 2, 0, 0, 1, 0, 2, 1, 4, 1, 0, 1, 0, 0, 1, 6]","[0, 1, 0, 20, 0, 0, 0, 0, 0, 0, 1, 3, 0, 2, 0, 0, 0, 0, 0, 0, 1, 2, 0, 0]",False,False,False,False
wordpress.com,captura_0000081_H123.csv,5,2,39,32,"[1, 0, 0, 0, 0, 0, 0, 0, 0, 0, 0, 0, 0, 0, 0, 0, 0, 0, 1, 0, 0, 0, 0, 0]","[0, 0, 4, 0, 7, 1, 3, 4, 1, 2, 0, 0, 1, 2, 1, 4, 1, 0, 0, 1, 0, 0, 1, 6]","[0, 1, 0, 20, 0, 0, 0, 0, 0, 0, 2, 3, 0, 0, 0, 0, 0, 3, 0, 0, 1, 2, 0, 0]",False,False,False,False
wordpress.com,captura_0000081_H123.csv,6,2,38,31,"[1, 0, 0, 0, 0, 0, 0, 0, 0, 0, 0, 0, 0, 0, 0, 0, 0, 0, 1, 0, 0, 0, 0, 0]","[0, 0, 4, 0, 1, 7, 3, 3, 1, 2, 0, 0, 1, 0, 1, 1, 2, 4, 0, 1, 0, 0, 1, 6]","[0, 1, 0, 20, 0, 0, 0, 0, 0, 0, 2, 3, 0, 2, 0, 0, 0, 0, 0, 0, 1, 2, 0, 0]",False,False,False,False
wordpress.com,captura_0000081_H123.csv,7,2,36,34,"[1, 0, 0, 0, 0, 0, 0, 0, 0, 0, 0, 0, 0, 0, 0, 0, 0, 0, 1, 0, 0, 0, 0, 0]","[0, 0, 2, 0, 7, 1, 3, 3, 1, 2, 0, 0, 1, 0, 2, 1, 4, 1, 0, 1, 0, 0, 1, 6]","[0, 1, 0, 22, 0, 0, 0, 0, 0, 0, 2, 3, 0, 3, 0, 0, 0, 0, 0, 0, 1, 2, 0, 0]",False,False,False,False
wordpress.com,captura_0000081_H123.csv,8,2,40,31,"[1, 0, 0, 0, 0, 0, 0, 0, 0, 0, 0, 0, 0, 0, 0, 0, 0, 1, 0, 0, 0, 0, 0]","[0, 0, 2, 0, 9, 1, 4, 3, 2, 2, 0, 1, 0, 2, 1, 4, 1, 0, 1, 6, 0, 0, 1]","[0, 1, 0, 22, 0, 0, 0, 0, 0, 0, 3, 0, 2, 0, 0, 0, 0, 0, 0, 0, 1, 2, 0]",False,False,False,False
wordpress.com,captura_0000081_H123.csv,9,2,38,30,"[1, 0, 0, 0, 0, 0, 0, 0, 0, 0, 0, 0, 0, 0, 0, 0, 0, 0, 1, 0, 0, 0, 0, 0]","[0, 0, 4, 0, 7, 1, 3, 3, 1, 2, 0, 0, 1, 0, 2, 1, 4, 1, 0, 1, 0, 0, 6, 1]","[0, 1, 0, 20, 0, 0, 0, 0, 0, 0, 2, 2, 0, 2, 0, 0, 0, 0, 0, 0, 1, 2, 0, 0]",False,False,False,False
wordpress.com,captura_0000081_H123.csv,10,2,38,31,"[1, 0, 0, 0, 0, 0, 0, 0, 0, 0, 0, 0, 0, 0, 0, 0, 0, 0, 1, 0, 0, 0, 0, 0]","[0, 0, 4, 0, 7, 1, 3, 3, 1, 2, 0, 0, 1, 2, 4, 1, 1, 0, 0, 1, 0, 0, 1, 6]","[0, 1, 0, 20, 0, 0, 0, 0, 0, 0, 2, 3, 0, 0, 0, 0, 0, 2, 0, 0, 1, 2, 0, 0]",False,False,False,False
wordpress.com,captura_0000081_H123.csv,11,2,39,31,"[1, 0, 0, 0, 0, 0, 0, 0, 0, 0, 0, 0, 0, 0, 0, 0, 0, 1, 0, 0, 0, 0, 0]","[0, 0, 2, 0, 9, 1, 1, 3, 4, 2, 0, 1, 0, 2, 1, 4, 1, 0, 1, 0, 0, 1, 6]","[0, 1, 0, 22, 0, 0, 0, 0, 0, 0, 3, 0, 2, 0, 0, 0, 0, 0, 0, 1, 2, 0, 0]",False,False,False,False
wordpress.com,captura_0000081_H123.csv,13,2,41,32,"[1, 0, 0, 0, 0, 0, 0, 0, 0, 0, 0, 0, 0, 0, 0, 0, 0, 0, 1, 0, 0, 0, 0, 0, 0, 0]","[0, 0, 2, 0, 7, 1, 3, 3, 2, 0, 0, 2, 1, 2, 0, 1, 1, 4, 0, 1, 0, 0, 6, 1, 2, 2]","[0, 1, 0, 22, 0, 0, 0, 0, 0, 2, 2, 0, 0, 0, 2, 0, 0, 0, 0, 0, 2, 1, 0, 0, 0, 0]",False,False,False,False
wordpress.com,captura_0000081_H123.csv,14,2,36,33,"[1, 0, 0, 0, 0, 0, 0, 0, 0, 0, 0, 0, 0, 0, 0, 0, 0, 0, 1, 0, 0, 0, 0, 0]","[0, 0, 2, 0, 7, 1, 3, 3, 1, 2, 0, 0, 1, 2, 1, 4, 1, 0, 0, 1, 0, 0, 6, 1]","[0, 1, 0, 22, 0, 0, 0, 0, 0, 0, 2, 3, 0, 0, 0, 0, 0, 2, 0, 0, 1, 2, 0, 0]",False,False,False,False
wordpress.com,captura_0000081_H123.csv,15,2,36,33,"[1, 0, 0, 0, 0, 0, 0, 0, 0, 0, 0, 0, 0, 0, 0, 0, 0, 0, 1, 0, 0, 0, 0, 0]","[0, 0, 2, 0, 7, 1, 3, 3, 1, 2, 0, 0, 1, 0, 2, 1, 1, 4, 0, 1, 0, 0, 6, 1]","[0, 1, 0, 22, 0, 0, 0, 0, 0, 0, 2, 3, 0, 2, 0, 0, 0, 0, 0, 0, 1, 2, 0, 0]",False,False,False,False
wordpress.com,captura_0000081_H123.csv,16,2,41,31,"[1, 0, 0, 0, 0, 0, 0, 0, 0, 0, 0, 0, 0, 0, 0, 0, 0, 1, 0, 0, 0, 0, 0]","[0, 0, 2, 0, 9, 1, 4, 4, 2, 0, 2, 1, 0, 2, 4, 1, 1, 0, 1, 0, 0, 1, 6]","[0, 1, 0, 22, 0, 0, 0, 0, 0, 3, 0, 0, 2, 0, 0, 0, 0, 0, 0, 1, 2, 0, 0]",False,False,False,False
wordpress.com,captura_0000081_H123.csv,17,2,36,32,"[1, 0, 0, 0, 0, 0, 0, 0, 0, 0, 0, 0, 0, 0, 0, 0, 0, 0, 1, 0, 0, 0, 0, 0]","[0, 0, 2, 0, 7, 1, 3, 3, 1, 0, 0, 2, 1, 1, 0, 4, 2, 1, 0, 1, 0, 0, 1, 6]","[0, 1, 0, 21, 0, 0, 0, 0, 0, 2, 3, 0, 0, 0, 2, 0, 0, 0, 0, 0, 2, 1, 0, 0]",False,False,False,False
wordpress.com,captura_0000081_H123.csv,18,2,36,33,"[1, 0, 0, 0, 0, 0, 0, 0, 0, 0, 0, 0, 0, 0, 0, 0, 0, 0, 1, 0, 0, 0, 0, 0]","[0, 0, 2, 0, 7, 1, 3, 1, 3, 0, 2, 0, 1, 2, 0, 1, 4, 1, 0, 1, 0, 0, 1, 6]","[0, 1, 0, 22, 0, 0, 0, 0, 0, 2, 0, 3, 0, 0, 2, 0, 0, 0, 0, 0, 2, 1, 0, 0]",False,False,False,False
wordpress.com,captura_0000081_H123.csv,19,2,38,31,"[1, 0, 0, 0, 0, 0, 0, 0, 0, 0, 0, 0, 0, 0, 0, 0, 0, 0, 1, 0, 0, 0, 0, 0]","[0, 0, 4, 0, 7, 1, 3, 3, 1, 2, 0, 0, 1, 0, 2, 1, 4, 1, 0, 1, 0, 0, 1, 6]","[0, 1, 0, 20, 0, 0, 0, 0, 0, 0, 2, 3, 0, 2, 0, 0, 0, 0, 0, 0, 1, 2, 0, 0]",False,False,False,False
wordpress.com,captura_0000081_H123.csv,20,2,39,30,"[1, 0, 0, 0, 0, 0, 0, 0, 0, 0, 0, 0, 0, 0, 0, 0, 0, 0, 1, 0, 0, 0, 0, 0]","[0, 0, 4, 0, 7, 1, 3, 4, 1, 0, 0, 1, 2, 0, 2, 1, 1, 4, 0, 1, 0, 0, 1, 6]","[0, 1, 0, 19, 0, 0, 0, 0, 0, 2, 3, 0, 0, 2, 0, 0, 0, 0, 0, 0, 1, 2, 0, 0]",False,False,False,False
wordpress.org,captura_0000044_H123.csv,3,1,29,24,"[1, 0, 0, 0, 0, 0, 0, 0, 0, 0, 0]","[0, 0, 10, 0, 3, 0, 2, 2, 2, 4, 6]","[0, 1, 0, 14, 0, 9, 0, 0, 0, 0, 0]",False,False,False,False
wordpress.org,captura_0000044_H123.csv,4,1,28,24,"[1, 0, 0, 0, 0, 0, 0, 0, 0, 0, 0]","[0, 0, 9, 0, 3, 0, 2, 2, 2, 6, 4]","[0, 1, 0, 14, 0, 9, 0, 0, 0, 0, 0]",False,False,False,False
wordpress.org,captura_0000044_H123.csv,5,1,31,22,"[1, 0, 0, 0, 0, 0, 0, 0, 0, 0, 0]","[0, 0, 11, 0, 4, 0, 2, 2, 2, 6, 4]","[0, 1, 0, 13, 0, 8, 0, 0, 0, 0, 0]",False,False,False,False
wordpress.org,captura_0000044_H123.csv,6,1,30,24,"[1, 0, 0, 0, 0, 0, 0, 0, 0, 0, 0, 0]","[0, 0, 10, 0, 3, 0, 2, 5, 2, 2, 4, 2]","[0, 1, 0, 14, 0, 9, 0, 0, 0, 0, 0, 0]",False,False,False,False
wordpress.org,captura_0000044_H123.csv,7,1,31,22,"[1, 0, 0, 0, 0, 0, 0, 0, 0, 0, 0]","[0, 0, 11, 0, 4, 0, 2, 2, 2, 6, 4]","[0, 1, 0, 13, 0, 8, 0, 0, 0, 0, 0]",False,False,False,False
wordpress.org,captura_0000044_H123.csv,8,1,29,23,"[1, 0, 0, 0, 0, 0, 0, 0, 0, 0, 0]","[0, 0, 10, 0, 3, 0, 2, 2, 2, 6, 4]","[0, 1, 0, 13, 0, 9, 0, 0, 0, 0, 0]",False,False,False,False
wordpress.org,captura_0000044_H123.csv,9,1,31,23,"[1, 0, 0, 0, 0, 0, 0, 0, 0, 0, 0]","[0, 1, 10, 0, 3, 0, 2, 3, 2, 6, 4]","[0, 0, 0, 14, 0, 9, 0, 0, 0, 0, 0]",False,False,False,False
wordpress.org,captura_0000044_H123.csv,10,1,31,23,"[1, 0, 0, 0, 0, 0, 0, 0, 0, 0, 0, 0]","[0, 0, 11, 0, 4, 0, 2, 2, 2, 0, 4, 6]","[0, 1, 0, 13, 0, 8, 0, 0, 0, 1, 0, 0]",False,False,False,False
wordpress.org,captura_0000044_H123.csv,11,1,32,20,"[1, 0, 0, 0, 0, 0, 0, 0, 0, 0, 0]","[0, 0, 11, 0, 5, 0, 2, 2, 2, 4, 6]","[0, 1, 0, 13, 0, 6, 0, 0, 0, 0, 0]",False,False,False,False
wordpress.org,captura_0000044_H123.csv,12,1,30,22,"[1, 0, 0, 0, 0, 0, 0, 0, 0, 0, 0]","[0, 0, 11, 0, 4, 0, 2, 2, 2, 5, 4]","[0, 1, 0, 13, 0, 8, 0, 0, 0, 0, 0]",False,False,False,False
wordpress.org,captura_0000044_H123.csv,13,1,31,23,"[1, 0, 0, 0, 0, 0, 0, 0, 0, 0, 0, 0]","[0, 0, 11, 0, 4, 0, 2, 2, 2, 0, 4, 6]","[0, 1, 0, 13, 0, 8, 0, 0, 0, 1, 0, 0]",False,False,False,False
wordpress.org,captura_0000044_H123.csv,14,1,29,24,"[1, 0, 0, 0, 0, 0, 0, 0, 0, 0, 0, 0]","[0, 0, 9, 0, 3, 0, 2, 2, 2, 5, 4, 2]","[0, 1, 0, 14, 0, 9, 0, 0, 0, 0, 0, 0]",False,False,False,False
wordpress.org,captura_0000044_H123.csv,15,1,31,23,"[1, 0, 0, 0, 0, 0, 0, 0, 0, 0, 0]","[0, 0, 10, 0, 4, 0, 2, 2, 2, 4, 7]","[0, 1, 0, 14, 0, 8, 0, 0, 0, 0, 0]",False,False,False,False
wordpress.org,captura_0000044_H123.csv,16,1,32,24,"[1, 0, 0, 0, 0, 0, 0, 0, 0, 0, 0, 0]","[0, 0, 10, 0, 3, 0, 2, 3, 2, 4, 6, 2]","[0, 1, 0, 14, 0, 9, 0, 0, 0, 0, 0, 0]",False,False,False,False
wordpress.org,captura_0000044_H123.csv,17,1,29,24,"[1, 0, 0, 0, 0, 0, 0, 0, 0, 0, 0]","[0, 0, 10, 0, 3, 0, 2, 2, 2, 6, 4]","[0, 1, 0, 14, 0, 9, 0, 0, 0, 0, 0]",False,False,False,False
wordpress.org,captura_0000044_H123.csv,18,1,29,24,"[1, 0, 0, 0, 0, 0, 0, 0, 0, 0, 0]","[0, 0, 10, 0, 3, 0, 2, 2, 2, 4, 6]","[0, 1, 0, 14, 0, 9, 0, 0, 0, 0, 0]",False,False,False,False
wordpress.org,captura_0000044_H123.csv,19,1,31,22,"[1, 0, 0, 0, 0, 0, 0, 0, 0, 0, 0]","[0, 0, 11, 0, 4, 0, 2, 2, 2, 4, 6]","[0, 1, 0, 13, 0, 8, 0, 0, 0, 0, 0]",False,False,False,False
wordpress.org,captura_0000044_H123.csv,20,1,33,22,"[1, 0, 0, 0, 0, 0, 0, 0, 0, 0, 0, 0]","[0, 0, 11, 0, 4, 0, 2, 2, 2, 4, 6, 2]","[0, 1, 0, 13, 0, 8, 0, 0, 0, 0, 0, 0]",False,False,False,False
workers.dev,captura_0000026_H123.csv,1,1,51,1,"[1, 0, 0, 0, 0]","[0, 0, 1, 49, 1]","[0, 1, 0, 0, 0]",False,False,False,False
workers.dev,captura_0000026_H123.csv,2,1,58,1,"[1, 0, 0, 0, 0, 0]","[0, 0, 1, 50, 1, 6]","[0, 1, 0, 0, 0, 0]",False,False,False,False
workers.dev,captura_0000026_H123.csv,3,1,56,1,"[1, 0, 0, 0, 0, 0, 0]","[0, 0, 1, 46, 1, 6, 2]","[0, 1, 0, 0, 0, 0, 0]",False,False,False,False
workers.dev,captura_0000026_H123.csv,4,1,62,1,"[1, 0, 0, 0, 0, 0, 0]","[0, 0, 1, 51, 1, 7, 2]","[0, 1, 0, 0, 0, 0, 0]",False,False,False,False
workers.dev,captura_0000026_H123.csv,5,1,54,1,"[1, 0, 0, 0, 0, 0, 0]","[0, 0, 1, 43, 1, 7, 2]","[0, 1, 0, 0, 0, 0, 0]",False,False,False,False
workers.dev,captura_0000026_H123.csv,6,1,56,1,"[1, 0, 0, 0, 0, 0]","[0, 1, 0, 48, 1, 6]","[0, 0, 1, 0, 0, 0]",False,False,False,False
workers.dev,captura_0000026_H123.csv,8,1,64,1,"[1, 0, 0, 0, 0, 0, 0]","[0, 0, 1, 55, 1, 5, 2]","[0, 1, 0, 0, 0, 0, 0]",False,False,False,False
workers.dev,captura_0000026_H123.csv,9,1,58,1,"[1, 0, 0, 0, 0, 0, 0]","[0, 0, 1, 48, 1, 6, 2]","[0, 1, 0, 0, 0, 0, 0]",False,False,False,False
workers.dev,captura_0000026_H123.csv,10,1,59,1,"[1, 0, 0, 0, 0, 0, 0]","[0, 0, 1, 50, 1, 5, 2]","[0, 1, 0, 0, 0, 0, 0]",False,False,False,False
workers.dev,captura_0000026_H123.csv,11,1,55,1,"[1, 0, 0, 0, 0, 0, 0]","[0, 0, 1, 45, 1, 6, 2]","[0, 1, 0, 0, 0, 0, 0]",False,False,False,False
workers.dev,captura_0000026_H123.csv,12,1,59,1,"[1, 0, 0, 0, 0, 0, 0]","[0, 0, 1, 49, 1, 6, 2]","[0, 1, 0, 0, 0, 0, 0]",False,False,False,False
workers.dev,captura_0000026_H123.csv,13,1,54,1,"[1, 0, 0, 0, 0, 0, 0]","[0, 0, 1, 44, 1, 6, 2]","[0, 1, 0, 0, 0, 0, 0]",False,False,False,False
workers.dev,captura_0000026_H123.csv,14,1,56,1,"[1, 0, 0, 0, 0, 0, 0]","[0, 0, 1, 46, 1, 6, 2]","[0, 1, 0, 0, 0, 0, 0]",False,False,False,False
workers.dev,captura_0000026_H123.csv,15,1,62,1,"[1, 0, 0, 0, 0, 0, 0]","[0, 0, 1, 52, 1, 6, 2]","[0, 1, 0, 0, 0, 0, 0]",False,False,False,False
workers.dev,captura_0000026_H123.csv,16,1,61,1,"[1, 0, 0, 0, 0, 0, 0]","[0, 0, 1, 51, 1, 6, 2]","[0, 1, 0, 0, 0, 0, 0]",False,False,False,False
workers.dev,captura_0000026_H123.csv,17,1,57,1,"[1, 0, 0, 0, 0, 0, 0]","[0, 0, 1, 47, 1, 6, 2]","[0, 1, 0, 0, 0, 0, 0]",False,False,False,False
workers.dev,captura_0000026_H123.csv,18,1,62,1,"[1, 0, 0, 0, 0, 0, 0]","[0, 0, 1, 52, 1, 6, 2]","[0, 1, 0, 0, 0, 0, 0]",False,False,False,False
workers.dev,captura_0000026_H123.csv,19,1,62,1,"[1, 0, 0, 0, 0, 0, 0]","[0, 0, 1, 52, 1, 6, 2]","[0, 1, 0, 0, 0, 0, 0]",False,False,False,False
workers.dev,captura_0000026_H123.csv,20,1,57,1,"[1, 0, 0, 0, 0, 0, 0]","[0, 0, 1, 47, 1, 6, 2]","[0, 1, 0, 0, 0, 0, 0]",False,False,False,False
x.com,captura_0000079_H123.csv,1,2,88,1,"[1, 0, 0, 0, 0, 0, 0, 0, 1, 0]","[0, 0, 19, 48, 2, 1, 10, 6, 0, 2]","[0, 1, 0, 0, 0, 0, 0, 0, 0, 0]",False,False,False,False
x.com,captura_0000079_H123.csv,2,2,90,1,"[1, 0, 0, 0, 0, 0, 0, 0, 1, 0]","[0, 0, 19, 50, 2, 1, 10, 6, 0, 2]","[0, 1, 0, 0, 0, 0, 0, 0, 0, 0]",False,False,False,False
x.com,captura_0000079_H123.csv,3,2,89,1,"[1, 0, 0, 0, 0, 0, 0, 0, 1, 0]","[0, 0, 19, 50, 2, 1, 6, 9, 0, 2]","[0, 1, 0, 0, 0, 0, 0, 0, 0, 0]",False,False,False,False
x.com,captura_0000079_H123.csv,5,2,92,1,"[1, 0, 0, 0, 0, 0, 0, 0, 1, 0]","[0, 19, 0, 52, 2, 1, 10, 6, 0, 2]","[0, 0, 1, 0, 0, 0, 0, 0, 0, 0]",False,False,False,False
x.com,captura_0000079_H123.csv,6,2,93,1,"[1, 0, 0, 0, 0, 0, 0, 0, 1, 0]","[0, 0, 19, 51, 2, 1, 10, 8, 0, 2]","[0, 1, 0, 0, 0, 0, 0, 0, 0, 0]",False,False,False,False
x.com,captura_0000079_H123.csv,7,2,89,1,"[1, 0, 0, 0, 0, 0, 0, 0, 1, 0]","[0, 0, 20, 48, 2, 1, 6, 10, 0, 2]","[0, 1, 0, 0, 0, 0, 0, 0, 0, 0]",False,False,False,False
x.com,captura_0000079_H123.csv,8,2,88,1,"[1, 0, 0, 0, 0, 0, 0, 0, 1, 0]","[0, 0, 19, 50, 2, 1, 5, 9, 0, 2]","[0, 1, 0, 0, 0, 0, 0, 0, 0, 0]",False,False,False,False
x.com,captura_0000079_H123.csv,9,2,88,1,"[1, 0, 0, 0, 0, 0, 0, 0, 1, 0]","[0, 0, 18, 50, 2, 1, 5, 10, 0, 2]","[0, 1, 0, 0, 0, 0, 0, 0, 0, 0]",False,False,False,False
x.com,captura_0000079_H123.csv,10,2,85,1,"[1, 0, 0, 0, 0, 0, 0, 0, 1, 0]","[0, 0, 18, 47, 2, 1, 9, 6, 0, 2]","[0, 1, 0, 0, 0, 0, 0, 0, 0, 0]",False,False,False,False
x.com,captura_0000079_H123.csv,11,2,85,1,"[1, 0, 0, 0, 0, 0, 0, 0, 0, 1, 0]","[0, 0, 3, 45, 2, 1, 16, 10, 6, 0, 2]","[0, 1, 0, 0, 0, 0, 0, 0, 0, 0, 0]",False,False,False,False
x.com,captura_0000079_H123.csv,12,2,89,1,"[1, 0, 0, 0, 0, 0, 0, 0, 0, 1, 0]","[0, 0, 3, 49, 2, 1, 16, 10, 6, 0, 2]","[0, 1, 0, 0, 0, 0, 0, 0, 0, 0, 0]",False,False,False,False
x.com,captura_0000079_H123.csv,13,2,86,1,"[1, 0, 0, 0, 0, 0, 0, 0, 1, 0]","[0, 0, 19, 47, 2, 1, 9, 6, 0, 2]","[0, 1, 0, 0, 0, 0, 0, 0, 0, 0]",False,False,False,False
x.com,captura_0000079_H123.csv,14,2,90,1,"[1, 0, 0, 0, 0, 0, 0, 0, 0, 1]","[0, 0, 20, 49, 2, 1, 10, 6, 2, 0]","[0, 1, 0, 0, 0, 0, 0, 0, 0, 0]",False,False,False,False
x.com,captura_0000079_H123.csv,15,2,88,1,"[1, 0, 0, 0, 0, 0, 0, 0, 1, 0]","[0, 0, 19, 49, 2, 1, 9, 6, 0, 2]","[0, 1, 0, 0, 0, 0, 0, 0, 0, 0]",False,False,False,False
x.com,captura_0000079_H123.csv,16,2,90,1,"[1, 0, 0, 0, 0, 0, 0, 0, 1, 0]","[0, 0, 19, 51, 2, 1, 10, 5, 0, 2]","[0, 1, 0, 0, 0, 0, 0, 0, 0, 0]",False,False,False,False
x.com,captura_0000079_H123.csv,17,2,89,1,"[1, 0, 0, 0, 0, 0, 0, 0, 0, 1]","[0, 0, 19, 49, 2, 1, 10, 6, 2, 0]","[0, 1, 0, 0, 0, 0, 0, 0, 0, 0]",False,False,False,False
x.com,captura_0000079_H123.csv,18,2,89,1,"[1, 0, 0, 0, 0, 0, 0, 0, 1, 0]","[0, 0, 19, 49, 2, 1, 10, 6, 0, 2]","[0, 1, 0, 0, 0, 0, 0, 0, 0, 0]",False,False,False,False
x.com,captura_0000079_H123.csv,19,2,90,1,"[1, 0, 0, 0, 0, 0, 0, 0, 1, 0]","[0, 0, 20, 49, 2, 1, 10, 6, 0, 2]","[0, 1, 0, 0, 0, 0, 0, 0, 0, 0]",False,False,False,False
xiaomi.com,captura_0000148_H123.csv,2,1,8,1,"[1, 0, 0, 0]","[0, 0, 2, 6]","[0, 1, 0, 0]",False,False,False,False
xiaomi.com,captura_0000148_H123.csv,4,1,8,1,"[1, 0, 0, 0]","[0, 0, 2, 6]","[0, 1, 0, 0]",False,False,False,False
xiaomi.com,captura_0000148_H123.csv,5,1,8,1,"[1, 0, 0, 0]","[0, 0, 2, 6]","[0, 1, 0, 0]",False,False,False,False
xiaomi.com,captura_0000148_H123.csv,6,1,8,1,"[1, 0, 0, 0]","[0, 0, 2, 6]","[0, 1, 0, 0]",False,False,False,False
xiaomi.com,captura_0000148_H123.csv,7,1,8,1,"[1, 0, 0, 0]","[0, 0, 2, 6]","[0, 1, 0, 0]",False,False,False,False
xiaomi.com,captura_0000148_H123.csv,8,1,8,1,"[1, 0, 0, 0]","[0, 0, 2, 6]","[0, 1, 0, 0]",False,False,False,False
xiaomi.com,captura_0000148_H123.csv,9,1,8,1,"[1, 0, 0, 0]","[0, 0, 2, 6]","[0, 1, 0, 0]",False,False,False,False
xiaomi.com,captura_0000148_H123.csv,10,1,8,1,"[1, 0, 0, 0]","[0, 0, 2, 6]","[0, 1, 0, 0]",False,False,False,False
xiaomi.com,captura_0000148_H123.csv,11,1,8,1,"[1, 0, 0, 0]","[0, 0, 2, 6]","[0, 1, 0, 0]",False,False,False,False
xiaomi.com,captura_0000148_H123.csv,12,1,8,1,"[1, 0, 0, 0]","[0, 0, 2, 6]","[0, 1, 0, 0]",False,False,False,False
xiaomi.com,captura_0000148_H123.csv,13,1,8,1,"[1, 0, 0, 0]","[0, 0, 2, 6]","[0, 1, 0, 0]",False,False,False,False
xiaomi.com,captura_0000148_H123.csv,14,1,8,1,"[1, 0, 0, 0]","[0, 0, 2, 6]","[0, 1, 0, 0]",False,False,False,False
xiaomi.com,captura_0000148_H123.csv,15,1,8,1,"[1, 0, 0, 0]","[0, 0, 2, 6]","[0, 1, 0, 0]",False,False,False,False
xiaomi.com,captura_0000148_H123.csv,16,1,8,1,"[1, 0, 0, 0]","[0, 0, 2, 6]","[0, 1, 0, 0]",False,False,False,False
xiaomi.com,captura_0000148_H123.csv,17,1,8,1,"[1, 0, 0, 0]","[0, 0, 2, 6]","[0, 1, 0, 0]",False,False,False,False
xiaomi.com,captura_0000148_H123.csv,18,1,8,1,"[1, 0, 0, 0]","[0, 0, 2, 6]","[0, 1, 0, 0]",False,False,False,False
xiaomi.com,captura_0000148_H123.csv,19,1,8,1,"[1, 0, 0, 0]","[0, 0, 2, 6]","[0, 1, 0, 0]",False,False,False,False
xiaomi.com,captura_0000148_H123.csv,20,1,8,1,"[1, 0, 0, 0]","[0, 0, 2, 6]","[0, 1, 0, 0]",False,False,False,False
yahoo.com,captura_0000055_H123.csv,1,6,19,1,"[1, 0, 0, 0, 1, 4, 0, 0]","[0, 0, 1, 10, 0, 0, 2, 6]","[0, 1, 0, 0, 0, 0, 0, 0]",False,False,False,False
yahoo.com,captura_0000055_H123.csv,2,6,18,1,"[1, 0, 0, 0, 1, 4, 0, 0]","[0, 0, 1, 9, 0, 0, 2, 6]","[0, 1, 0, 0, 0, 0, 0, 0]",False,False,False,False
yahoo.com,captura_0000055_H123.csv,4,6,18,1,"[1, 0, 0, 0, 1, 4, 0, 0]","[0, 0, 1, 9, 0, 0, 2, 6]","[0, 1, 0, 0, 0, 0, 0, 0]",False,False,False,False
yahoo.com,captura_0000055_H123.csv,5,6,18,1,"[1, 0, 0, 0, 1, 4, 0, 0]","[0, 0, 1, 9, 0, 0, 2, 6]","[0, 1, 0, 0, 0, 0, 0, 0]",False,False,False,False
yahoo.com,captura_0000055_H123.csv,6,6,19,1,"[1, 0, 0, 0, 1, 4, 0, 0]","[0, 0, 1, 10, 0, 0, 2, 6]","[0, 1, 0, 0, 0, 0, 0, 0]",False,False,False,False
yahoo.com,captura_0000055_H123.csv,7,6,18,1,"[1, 0, 0, 0, 1, 4, 0, 0]","[0, 0, 1, 9, 0, 0, 2, 6]","[0, 1, 0, 0, 0, 0, 0, 0]",False,False,False,False
yahoo.com,captura_0000055_H123.csv,8,6,19,1,"[1, 0, 0, 0, 1, 4, 0, 0]","[0, 0, 1, 10, 0, 0, 2, 6]","[0, 1, 0, 0, 0, 0, 0, 0]",False,False,False,False
yahoo.com,captura_0000055_H123.csv,9,6,18,1,"[1, 0, 0, 0, 1, 4, 0, 0]","[0, 0, 1, 9, 0, 0, 2, 6]","[0, 1, 0, 0, 0, 0, 0, 0]",False,False,False,False
yahoo.com,captura_0000055_H123.csv,10,6,18,1,"[1, 0, 0, 0, 1, 4, 0, 0]","[0, 0, 1, 9, 0, 0, 2, 6]","[0, 1, 0, 0, 0, 0, 0, 0]",False,False,False,False
yahoo.com,captura_0000055_H123.csv,11,6,18,1,"[1, 0, 0, 0, 1, 4, 0, 0]","[0, 0, 1, 9, 0, 0, 2, 6]","[0, 1, 0, 0, 0, 0, 0, 0]",False,False,False,False
yahoo.com,captura_0000055_H123.csv,12,6,19,1,"[1, 0, 0, 0, 1, 4, 0, 0]","[0, 0, 1, 10, 0, 0, 2, 6]","[0, 1, 0, 0, 0, 0, 0, 0]",False,False,False,False
yahoo.com,captura_0000055_H123.csv,13,6,18,1,"[1, 0, 0, 0, 1, 4, 0, 0]","[0, 0, 1, 9, 0, 0, 2, 6]","[0, 1, 0, 0, 0, 0, 0, 0]",False,False,False,False
yahoo.com,captura_0000055_H123.csv,14,6,18,1,"[1, 0, 0, 0, 1, 4, 0, 0]","[0, 0, 1, 9, 0, 0, 2, 6]","[0, 1, 0, 0, 0, 0, 0, 0]",False,False,False,False
yahoo.com,captura_0000055_H123.csv,15,6,19,1,"[1, 0, 0, 0, 1, 4, 0, 0]","[0, 0, 1, 10, 0, 0, 2, 6]","[0, 1, 0, 0, 0, 0, 0, 0]",False,False,False,False
yahoo.com,captura_0000055_H123.csv,16,6,18,1,"[1, 0, 0, 0, 1, 4, 0, 0]","[0, 0, 1, 9, 0, 0, 2, 6]","[0, 1, 0, 0, 0, 0, 0, 0]",False,False,False,False
yahoo.com,captura_0000055_H123.csv,17,6,19,1,"[1, 0, 0, 0, 1, 4, 0, 0]","[0, 0, 1, 10, 0, 0, 2, 6]","[0, 1, 0, 0, 0, 0, 0, 0]",False,False,False,False
yahoo.com,captura_0000055_H123.csv,18,6,19,1,"[1, 0, 0, 0, 1, 4, 0, 0]","[0, 0, 1, 10, 0, 0, 2, 6]","[0, 1, 0, 0, 0, 0, 0, 0]",False,False,False,False
yahoo.com,captura_0000055_H123.csv,19,6,19,1,"[1, 0, 0, 0, 1, 4, 0, 0]","[0, 0, 1, 10, 0, 0, 2, 6]","[0, 1, 0, 0, 0, 0, 0, 0]",False,False,False,False
yandex.net,captura_0000085_H123.csv,3,11,25,1,"[1, 0, 1, 0, 3, 1, 3, 1, 1, 0, 0, 0, 0, 0, 0, 0, 0]","[0, 0, 0, 2, 0, 0, 0, 0, 0, 2, 1, 1, 4, 6, 1, 6, 2]","[0, 1, 0, 0, 0, 0, 0, 0, 0, 0, 0, 0, 0, 0, 0, 0, 0]",False,False,False,False
yandex.net,captura_0000085_H123.csv,5,11,26,1,"[1, 0, 1, 0, 3, 1, 3, 1, 1, 0, 0, 0, 0, 0, 0, 0, 0]","[0, 0, 0, 2, 0, 0, 0, 0, 0, 1, 1, 2, 7, 4, 6, 1, 2]","[0, 1, 0, 0, 0, 0, 0, 0, 0, 0, 0, 0, 0, 0, 0, 0, 0]",False,False,False,False
yandex.net,captura_0000085_H123.csv,6,11,26,1,"[1, 0, 1, 0, 3, 3, 1, 1, 1, 0, 0, 0, 0, 0, 0, 0, 0]","[0, 0, 0, 2, 0, 0, 0, 0, 0, 1, 1, 3, 4, 6, 1, 6, 2]","[0, 1, 0, 0, 0, 0, 0, 0, 0, 0, 0, 0, 0, 0, 0, 0, 0]",False,False,False,False
yandex.net,captura_0000085_H123.csv,7,11,25,1,"[1, 0, 1, 0, 3, 1, 1, 3, 1, 0, 0, 0, 0, 0, 0, 0, 0]","[0, 0, 0, 2, 0, 0, 0, 0, 0, 1, 1, 2, 4, 6, 1, 6, 2]","[0, 1, 0, 0, 0, 0, 0, 0, 0, 0, 0, 0, 0, 0, 0, 0, 0]",False,False,False,False
yandex.net,captura_0000085_H123.csv,8,9,24,1,"[1, 0, 3, 1, 2, 1, 1, 0, 0, 0, 0, 0, 0, 0, 0]","[0, 0, 0, 0, 0, 0, 0, 1, 1, 2, 4, 6, 2, 6, 2]","[0, 1, 0, 0, 0, 0, 0, 0, 0, 0, 0, 0, 0, 0, 0]",False,False,False,False
yandex.net,captura_0000085_H123.csv,9,11,25,1,"[1, 0, 1, 0, 3, 1, 3, 1, 1, 0, 0, 0, 0, 0, 0, 0, 0]","[0, 0, 0, 2, 0, 0, 0, 0, 0, 1, 1, 2, 6, 4, 6, 1, 2]","[0, 1, 0, 0, 0, 0, 0, 0, 0, 0, 0, 0, 0, 0, 0, 0, 0]",False,False,False,False
yandex.net,captura_0000085_H123.csv,10,11,25,1,"[1, 0, 1, 0, 3, 1, 3, 1, 1, 0, 0, 0, 0, 0, 0, 0, 0]","[0, 0, 0, 2, 0, 0, 0, 0, 0, 1, 1, 2, 6, 4, 6, 1, 2]","[0, 1, 0, 0, 0, 0, 0, 0, 0, 0, 0, 0, 0, 0, 0, 0, 0]",False,False,False,False
yandex.net,captura_0000085_H123.csv,11,11,25,1,"[1, 0, 1, 0, 3, 1, 3, 1, 1, 0, 0, 0, 0, 0, 0, 0, 0]","[0, 0, 0, 2, 0, 0, 0, 0, 0, 1, 1, 2, 4, 6, 1, 6, 2]","[0, 1, 0, 0, 0, 0, 0, 0, 0, 0, 0, 0, 0, 0, 0, 0, 0]",False,False,False,False
yandex.net,captura_0000085_H123.csv,12,9,23,1,"[1, 0, 3, 1, 1, 2, 1, 0, 0, 0, 0, 0, 0, 0, 0]","[0, 0, 0, 0, 0, 0, 0, 1, 1, 2, 4, 6, 5, 2, 2]","[0, 1, 0, 0, 0, 0, 0, 0, 0, 0, 0, 0, 0, 0, 0]",False,False,False,False
yandex.net,captura_0000085_H123.csv,14,9,24,1,"[1, 0, 1, 3, 1, 2, 1, 0, 0, 0, 0, 0, 0, 0, 0]","[0, 0, 0, 0, 0, 0, 0, 1, 1, 2, 4, 6, 2, 6, 2]","[0, 1, 0, 0, 0, 0, 0, 0, 0, 0, 0, 0, 0, 0, 0]",False,False,False,False
yandex.net,captura_0000085_H123.csv,15,9,25,1,"[1, 0, 1, 3, 1, 2, 1, 0, 0, 0, 0, 0, 0, 0, 0]","[0, 0, 0, 0, 0, 0, 0, 1, 2, 1, 4, 6, 7, 2, 2]","[0, 1, 0, 0, 0, 0, 0, 0, 0, 0, 0, 0, 0, 0, 0]",False,False,False,False
yandex.net,captura_0000085_H123.csv,16,11,25,1,"[1, 0, 1, 0, 3, 1, 1, 3, 1, 0, 0, 0, 0, 0, 0, 0, 0]","[0, 0, 0, 2, 0, 0, 0, 0, 0, 1, 1, 2, 6, 4, 6, 1, 2]","[0, 1, 0, 0, 0, 0, 0, 0, 0, 0, 0, 0, 0, 0, 0, 0, 0]",False,False,False,False
yandex.net,captura_0000085_H123.csv,17,12,25,1,"[1, 0, 1, 0, 3, 1, 1, 3, 1, 0, 1, 0, 0, 0, 0, 0, 0, 0]","[0, 0, 0, 2, 0, 0, 0, 0, 0, 6, 0, 1, 1, 2, 4, 6, 1, 2]","[0, 1, 0, 0, 0, 0, 0, 0, 0, 0, 0, 0, 0, 0, 0, 0, 0, 0]",False,False,False,False
yandex.net,captura_0000085_H123.csv,18,9,24,1,"[1, 0, 1, 3, 1, 2, 1, 0, 0, 0, 0, 0, 0, 0, 0]","[0, 0, 0, 0, 0, 0, 0, 1, 2, 1, 4, 6, 2, 6, 2]","[0, 1, 0, 0, 0, 0, 0, 0, 0, 0, 0, 0, 0, 0, 0]",False,False,False,False
yandex.net,captura_0000085_H123.csv,19,13,25,1,"[1, 0, 1, 0, 3, 1, 3, 1, 1, 0, 0, 0, 0, 0, 2, 0, 0, 0]","[0, 0, 0, 2, 0, 0, 0, 0, 0, 1, 1, 2, 4, 6, 0, 1, 6, 2]","[0, 1, 0, 0, 0, 0, 0, 0, 0, 0, 0, 0, 0, 0, 0, 0, 0, 0]",False,False,False,False
yandex.net,captura_0000085_H123.csv,20,9,24,1,"[1, 0, 1, 3, 2, 1, 1, 0, 0, 0, 0, 0, 0, 0, 0]","[0, 0, 0, 0, 0, 0, 0, 2, 1, 1, 4, 6, 6, 2, 2]","[0, 1, 0, 0, 0, 0, 0, 0, 0, 0, 0, 0, 0, 0, 0]",False,False,False,False
yandex.ru,captura_0000187_H123.csv,3,11,23,1,"[1, 0, 0, 1, 3, 1, 3, 1, 1, 0, 0, 0, 0, 0, 0, 0]","[0, 0, 7, 0, 0, 0, 0, 0, 0, 2, 1, 1, 5, 4, 1, 2]","[0, 1, 0, 0, 0, 0, 0, 0, 0, 0, 0, 0, 0, 0, 0, 0]",False,False,False,False
yandex.ru,captura_0000187_H123.csv,5,11,25,1,"[1, 0, 0, 1, 3, 1, 1, 3, 1, 0, 0, 0, 0, 0, 0, 0]","[0, 0, 7, 0, 0, 0, 0, 0, 0, 1, 1, 2, 4, 7, 1, 2]","[0, 1, 0, 0, 0, 0, 0, 0, 0, 0, 0, 0, 0, 0, 0, 0]",False,False,False,False
yandex.ru,captura_0000187_H123.csv,6,11,24,1,"[1, 0, 0, 1, 3, 1, 1, 3, 1, 0, 0, 0, 0, 0, 0, 0]","[0, 0, 7, 0, 0, 0, 0, 0, 0, 1, 1, 2, 4, 6, 1, 2]","[0, 1, 0, 0, 0, 0, 0, 0, 0, 0, 0, 0, 0, 0, 0, 0]",False,False,False,False
yandex.ru,captura_0000187_H123.csv,7,11,24,1,"[1, 0, 0, 1, 3, 1, 3, 1, 1, 0, 0, 0, 0, 0, 0, 0]","[0, 0, 7, 0, 0, 0, 0, 0, 0, 1, 1, 2, 6, 4, 1, 2]","[0, 1, 0, 0, 0, 0, 0, 0, 0, 0, 0, 0, 0, 0, 0, 0]",False,False,False,False
yandex.ru,captura_0000187_H123.csv,8,11,24,1,"[1, 0, 0, 1, 3, 1, 3, 1, 1, 0, 0, 0, 0, 0, 0, 0]","[0, 0, 7, 0, 0, 0, 0, 0, 0, 1, 1, 2, 4, 1, 6, 2]","[0, 1, 0, 0, 0, 0, 0, 0, 0, 0, 0, 0, 0, 0, 0, 0]",False,False,False,False
yandex.ru,captura_0000187_H123.csv,9,11,24,1,"[1, 0, 0, 1, 3, 3, 1, 1, 1, 0, 0, 0, 0, 0, 0, 0]","[0, 0, 7, 0, 0, 0, 0, 0, 0, 1, 1, 2, 4, 6, 1, 2]","[0, 1, 0, 0, 0, 0, 0, 0, 0, 0, 0, 0, 0, 0, 0, 0]",False,False,False,False
yandex.ru,captura_0000187_H123.csv,10,11,23,1,"[1, 0, 0, 1, 3, 1, 1, 3, 1, 0, 0, 0, 0, 0, 0, 0]","[0, 0, 7, 0, 0, 0, 0, 0, 0, 1, 1, 2, 4, 5, 1, 2]","[0, 1, 0, 0, 0, 0, 0, 0, 0, 0, 0, 0, 0, 0, 0, 0]",False,False,False,False
yandex.ru,captura_0000187_H123.csv,11,11,24,1,"[1, 0, 0, 1, 3, 1, 1, 3, 1, 0, 0, 0, 0, 0, 0, 0]","[0, 0, 7, 0, 0, 0, 0, 0, 0, 1, 1, 2, 6, 4, 1, 2]","[0, 1, 0, 0, 0, 0, 0, 0, 0, 0, 0, 0, 0, 0, 0, 0]",False,False,False,False
yandex.ru,captura_0000187_H123.csv,12,11,24,1,"[1, 0, 0, 1, 3, 1, 3, 1, 1, 0, 0, 0, 0, 0, 0, 0]","[0, 0, 7, 0, 0, 0, 0, 0, 0, 2, 1, 1, 4, 6, 1, 2]","[0, 1, 0, 0, 0, 0, 0, 0, 0, 0, 0, 0, 0, 0, 0, 0]",False,False,False,False
yandex.ru,captura_0000187_H123.csv,13,11,25,1,"[1, 0, 0, 1, 3, 1, 1, 3, 1, 0, 0, 0, 0, 0, 0, 0]","[0, 0, 7, 0, 0, 0, 0, 0, 0, 1, 2, 1, 4, 7, 1, 2]","[0, 1, 0, 0, 0, 0, 0, 0, 0, 0, 0, 0, 0, 0, 0, 0]",False,False,False,False
yandex.ru,captura_0000187_H123.csv,15,11,24,1,"[1, 0, 0, 1, 3, 1, 1, 3, 1, 0, 0, 0, 0, 0, 0, 0]","[0, 0, 7, 0, 0, 0, 0, 0, 0, 1, 1, 2, 6, 4, 1, 2]","[0, 1, 0, 0, 0, 0, 0, 0, 0, 0, 0, 0, 0, 0, 0, 0]",False,False,False,False
yandex.ru,captura_0000187_H123.csv,16,11,23,1,"[1, 0, 0, 1, 3, 1, 1, 3, 1, 0, 0, 0, 0, 0, 0, 0]","[0, 0, 7, 0, 0, 0, 0, 0, 0, 1, 1, 2, 4, 5, 1, 2]","[0, 1, 0, 0, 0, 0, 0, 0, 0, 0, 0, 0, 0, 0, 0, 0]",False,False,False,False
yandex.ru,captura_0000187_H123.csv,17,11,23,1,"[1, 0, 0, 1, 3, 1, 1, 3, 1, 0, 0, 0, 0, 0, 0, 0]","[0, 0, 7, 0, 0, 0, 0, 0, 0, 1, 2, 1, 5, 4, 1, 2]","[0, 1, 0, 0, 0, 0, 0, 0, 0, 0, 0, 0, 0, 0, 0, 0]",False,False,False,False
yandex.ru,captura_0000187_H123.csv,18,11,23,1,"[1, 0, 0, 1, 3, 1, 1, 3, 1, 0, 0, 0, 0, 0, 0, 0]","[0, 0, 7, 0, 0, 0, 0, 0, 0, 1, 1, 2, 5, 4, 1, 2]","[0, 1, 0, 0, 0, 0, 0, 0, 0, 0, 0, 0, 0, 0, 0, 0]",False,False,False,False
yandex.ru,captura_0000187_H123.csv,19,11,23,1,"[1, 0, 0, 1, 3, 3, 1, 1, 1, 0, 0, 0, 0, 0, 0, 0]","[0, 0, 7, 0, 0, 0, 0, 0, 0, 1, 1, 2, 5, 4, 1, 2]","[0, 1, 0, 0, 0, 0, 0, 0, 0, 0, 0, 0, 0, 0, 0, 0]",False,False,False,False
yandex.ru,captura_0000187_H123.csv,20,11,24,1,"[1, 0, 0, 1, 3, 1, 1, 3, 1, 0, 0, 0, 0, 0, 0, 0]","[0, 0, 7, 0, 0, 0, 0, 0, 0, 1, 2, 1, 6, 4, 1, 2]","[0, 1, 0, 0, 0, 0, 0, 0, 0, 0, 0, 0, 0, 0, 0, 0]",False,False,False,False
youtu.be,captura_0000049_H123.csv,1,1,28,59,"[1, 0, 0, 0, 0, 0, 0, 0, 0, 0, 0, 0, 0, 0, 0, 0, 0]","[0, 0, 1, 10, 0, 3, 0, 1, 0, 2, 0, 2, 6, 0, 0, 1, 2]","[0, 1, 0, 0, 16, 0, 38, 0, 1, 0, 1, 0, 0, 1, 1, 0, 0]",False,False,False,False
youtu.be,captura_0000049_H123.csv,2,1,27,60,"[1, 0, 0, 0, 0, 0, 0, 0, 0, 0, 0, 0, 0, 0, 0, 0, 0]","[0, 0, 1, 10, 0, 3, 0, 1, 0, 2, 5, 0, 2, 0, 0, 1, 2]","[0, 1, 0, 0, 16, 0, 38, 0, 1, 0, 0, 1, 0, 2, 1, 0, 0]",False,False,False,False
youtu.be,captura_0000049_H123.csv,3,1,28,57,"[1, 0, 0, 0, 0, 0, 0, 0, 0, 0, 0, 0, 0, 0, 0, 0, 0]","[0, 0, 1, 9, 0, 3, 0, 1, 6, 0, 2, 0, 2, 1, 0, 1, 2]","[0, 1, 0, 0, 15, 0, 38, 0, 0, 1, 0, 1, 0, 0, 1, 0, 0]",False,False,False,False
youtu.be,captura_0000049_H123.csv,6,1,27,55,"[1, 0, 0, 0, 0, 0, 0, 0, 0, 0, 0, 0, 0, 0, 0, 0, 0]","[0, 0, 1, 9, 0, 3, 0, 1, 0, 2, 0, 1, 1, 0, 6, 1, 2]","[0, 1, 0, 0, 12, 0, 38, 0, 1, 0, 1, 0, 0, 2, 0, 0, 0]",False,False,False,False
youtu.be,captura_0000049_H123.csv,7,1,27,64,"[1, 0, 0, 0, 0, 0, 0, 0, 0, 0, 0, 0, 0, 0, 0, 0, 0]","[0, 0, 1, 10, 0, 3, 0, 1, 6, 0, 0, 2, 0, 1, 0, 1, 2]","[0, 1, 0, 0, 16, 0, 41, 0, 0, 1, 2, 0, 1, 0, 2, 0, 0]",False,False,False,False
youtu.be,captura_0000049_H123.csv,8,1,26,56,"[1, 0, 0, 0, 0, 0, 0, 0, 0, 0, 0, 0, 0, 0, 0, 0]","[0, 0, 1, 8, 0, 3, 1, 0, 0, 2, 6, 0, 2, 0, 1, 2]","[0, 1, 0, 0, 14, 0, 0, 38, 1, 0, 0, 1, 0, 1, 0, 0]",False,False,False,False
youtu.be,captura_0000049_H123.csv,9,1,28,58,"[1, 0, 0, 0, 0, 0, 0, 0, 0, 0, 0, 0, 0, 0, 0, 0, 0]","[0, 0, 1, 9, 0, 3, 1, 0, 6, 0, 2, 0, 2, 1, 0, 1, 2]","[0, 1, 0, 0, 15, 0, 0, 39, 0, 1, 0, 1, 0, 0, 1, 0, 0]",False,False,False,False
youtu.be,captura_0000049_H123.csv,10,1,28,55,"[1, 0, 0, 0, 0, 0, 0, 0, 0, 0, 0, 0, 0, 0, 0, 0, 0]","[0, 0, 1, 10, 0, 3, 1, 0, 6, 0, 2, 0, 1, 1, 0, 1, 2]","[0, 1, 0, 0, 12, 0, 0, 38, 0, 1, 0, 1, 0, 0, 2, 0, 0]",False,False,False,False
youtu.be,captura_0000049_H123.csv,11,1,28,56,"[1, 0, 0, 0, 0, 0, 0, 0, 0, 0, 0, 0, 0, 0, 0, 0, 0, 0]","[0, 0, 1, 9, 0, 3, 1, 0, 5, 0, 2, 0, 0, 2, 2, 0, 1, 2]","[0, 1, 0, 0, 12, 0, 0, 38, 0, 1, 0, 2, 1, 0, 0, 1, 0, 0]",False,False,False,False
youtu.be,captura_0000049_H123.csv,12,1,25,63,"[1, 0, 0, 0, 0, 0, 0, 0, 0, 0, 0, 0, 0, 0, 0, 0, 0]","[0, 0, 1, 9, 0, 3, 1, 0, 5, 0, 2, 0, 0, 1, 0, 1, 2]","[0, 1, 0, 0, 18, 0, 0, 38, 0, 1, 0, 2, 1, 0, 2, 0, 0]",False,False,False,False
youtu.be,captura_0000049_H123.csv,13,1,29,53,"[1, 0, 0, 0, 0, 0, 0, 0, 0, 0, 0, 0, 0, 0, 0, 0, 0]","[0, 0, 1, 10, 0, 3, 0, 1, 0, 2, 0, 6, 2, 1, 0, 1, 2]","[0, 1, 0, 0, 11, 0, 38, 0, 1, 0, 1, 0, 0, 0, 1, 0, 0]",False,False,False,False
youtu.be,captura_0000049_H123.csv,14,1,29,56,"[1, 0, 0, 0, 0, 0, 0, 0, 0, 0, 0, 0, 0, 0, 0, 0, 0]","[0, 0, 1, 9, 0, 3, 0, 1, 0, 2, 0, 8, 1, 1, 0, 1, 2]","[0, 1, 0, 0, 13, 0, 38, 0, 1, 0, 1, 0, 0, 0, 2, 0, 0]",False,False,False,False
youtu.be,captura_0000049_H123.csv,15,1,30,56,"[1, 0, 0, 0, 0, 0, 0, 0, 0, 0, 0, 0, 0, 0, 0, 0]","[0, 0, 2, 12, 0, 3, 0, 1, 0, 2, 0, 6, 1, 0, 1, 2]","[0, 1, 0, 0, 12, 0, 38, 0, 1, 0, 1, 0, 0, 3, 0, 0]",False,False,False,False
youtu.be,captura_0000049_H123.csv,16,1,26,60,"[1, 0, 0, 0, 0, 0, 0, 0, 0, 0, 0, 0, 0, 0, 0, 0, 0, 0]","[0, 0, 1, 8, 0, 3, 0, 1, 0, 0, 2, 6, 0, 2, 0, 0, 1, 2]","[0, 1, 0, 0, 12, 0, 39, 0, 1, 2, 0, 0, 1, 0, 2, 2, 0, 0]",False,False,False,False
youtu.be,captura_0000049_H123.csv,17,1,25,61,"[1, 0, 0, 0, 0, 0, 0, 0, 0, 0, 0, 0, 0, 0, 0, 0, 0, 0]","[0, 0, 1, 8, 0, 3, 0, 1, 5, 0, 2, 0, 0, 1, 1, 0, 1, 2]","[0, 1, 0, 0, 14, 0, 39, 0, 0, 1, 0, 2, 1, 0, 0, 3, 0, 0]",False,False,False,False
youtu.be,captura_0000049_H123.csv,18,1,25,58,"[1, 0, 0, 0, 0, 0, 0, 0, 0, 0, 0, 0, 0, 0, 0, 0]","[0, 0, 1, 7, 0, 3, 0, 1, 7, 0, 2, 0, 1, 0, 1, 2]","[0, 1, 0, 0, 14, 0, 38, 0, 0, 1, 0, 1, 0, 3, 0, 0]",False,False,False,False
youtu.be,captura_0000049_H123.csv,20,1,27,54,"[1, 0, 0, 0, 0, 0, 0, 0, 0, 0, 0, 0, 0, 0, 0, 0]","[0, 0, 1, 10, 0, 3, 1, 0, 0, 2, 0, 1, 0, 6, 1, 2]","[0, 1, 0, 0, 11, 0, 0, 38, 1, 0, 1, 0, 2, 0, 0, 0]",False,False,False,False
youtube.com,captura_0000009_H123.csv,1,1,28,59,"[1, 0, 0, 0, 0, 0, 0, 0, 0, 0, 0, 0, 0, 0, 0, 0, 0]","[0, 0, 1, 11, 0, 3, 0, 1, 0, 2, 6, 0, 2, 0, 0, 0, 2]","[0, 1, 0, 0, 12, 0, 40, 0, 1, 0, 0, 1, 0, 2, 1, 1, 0]",False,False,False,False
youtube.com,captura_0000009_H123.csv,2,1,29,56,"[1, 0, 0, 0, 0, 0, 0, 0, 0, 0, 0, 0, 0, 0, 0, 0, 0]","[0, 0, 1, 11, 0, 3, 1, 0, 0, 2, 0, 5, 2, 2, 0, 0, 2]","[0, 1, 0, 0, 13, 0, 0, 38, 1, 0, 1, 0, 0, 0, 1, 1, 0]",False,False,False,False
youtube.com,captura_0000009_H123.csv,3,1,29,60,"[1, 0, 0, 0, 0, 0, 0, 0, 0, 0, 0, 0, 0, 0, 0, 0, 0, 0]","[0, 0, 1, 10, 0, 3, 0, 2, 0, 2, 0, 0, 6, 1, 2, 0, 0, 2]","[0, 1, 0, 0, 15, 0, 38, 0, 1, 0, 2, 1, 0, 0, 0, 1, 1, 0]",False,False,False,False
youtube.com,captura_0000009_H123.csv,4,1,26,61,"[1, 0, 0, 0, 0, 0, 0, 0, 0, 0, 0, 0, 0, 0, 0, 0, 0]","[0, 0, 1, 11, 0, 3, 0, 1, 5, 0, 2, 0, 0, 1, 0, 0, 2]","[0, 1, 0, 0, 13, 0, 39, 0, 0, 1, 0, 2, 1, 0, 3, 1, 0]",False,False,False,False
youtube.com,captura_0000009_H123.csv,5,1,25,62,"[1, 0, 0, 0, 0, 0, 0, 0, 0, 0, 0, 0, 0, 0, 0, 0]","[0, 0, 1, 9, 0, 3, 1, 0, 0, 2, 0, 6, 1, 0, 0, 2]","[0, 1, 0, 0, 15, 0, 0, 40, 1, 0, 1, 0, 0, 3, 1, 0]",False,False,False,False
youtube.com,captura_0000009_H123.csv,6,1,26,60,"[1, 0, 0, 0, 0, 0, 0, 0, 0, 0, 0, 0, 0, 0, 0, 0]","[0, 0, 1, 11, 0, 3, 0, 1, 0, 2, 5, 0, 1, 0, 0, 2]","[0, 1, 0, 0, 14, 0, 40, 0, 1, 0, 0, 1, 0, 2, 1, 0]",False,False,False,False
youtube.com,captura_0000009_H123.csv,7,1,24,62,"[1, 0, 0, 0, 0, 0, 0, 0, 0, 0, 0, 0, 0, 0, 0, 0, 0]","[0, 0, 1, 9, 0, 3, 1, 0, 0, 2, 0, 5, 1, 0, 0, 0, 2]","[0, 1, 0, 0, 13, 0, 0, 40, 1, 0, 1, 0, 0, 1, 4, 1, 0]",False,False,False,False
youtube.com,captura_0000009_H123.csv,8,1,25,62,"[1, 0, 0, 0, 0, 0, 0, 0, 0, 0, 0, 0, 0, 0, 0, 0, 0]","[0, 0, 1, 10, 0, 3, 1, 0, 0, 2, 0, 5, 0, 1, 0, 0, 2]","[0, 1, 0, 0, 14, 0, 0, 39, 1, 0, 2, 0, 1, 0, 3, 1, 0]",False,False,False,False
youtube.com,captura_0000009_H123.csv,9,1,25,62,"[1, 0, 0, 0, 0, 0, 0, 0, 0, 0, 0, 0, 0, 0, 0, 0]","[0, 0, 1, 10, 0, 3, 1, 0, 0, 2, 0, 5, 1, 0, 0, 2]","[0, 1, 0, 0, 14, 0, 0, 41, 1, 0, 1, 0, 0, 3, 1, 0]",False,False,False,False
youtube.com,captura_0000009_H123.csv,10,1,28,58,"[1, 0, 0, 0, 0, 0, 0, 0, 0, 0, 0, 0, 0, 0, 0, 0, 0]","[0, 0, 1, 10, 0, 3, 2, 0, 5, 0, 2, 0, 1, 2, 0, 0, 2]","[0, 1, 0, 0, 14, 0, 0, 39, 0, 1, 0, 1, 0, 0, 1, 1, 0]",False,False,False,False
youtube.com,captura_0000009_H123.csv,11,1,24,62,"[1, 0, 0, 0, 0, 0, 0, 0, 0, 0, 0, 0, 0, 0, 0, 0]","[0, 0, 1, 9, 0, 3, 1, 0, 5, 0, 2, 0, 1, 0, 0, 2]","[0, 1, 0, 0, 14, 0, 0, 41, 0, 1, 0, 1, 0, 3, 1, 0]",False,False,False,False
youtube.com,captura_0000009_H123.csv,12,1,25,59,"[1, 0, 0, 0, 0, 0, 0, 0, 0, 0, 0, 0, 0, 0, 0, 0]","[0, 0, 1, 7, 0, 3, 1, 0, 0, 2, 0, 1, 8, 0, 0, 2]","[0, 1, 0, 0, 12, 0, 0, 40, 1, 0, 1, 0, 0, 3, 1, 0]",False,False,False,False
youtube.com,captura_0000009_H123.csv,13,1,26,58,"[1, 0, 0, 0, 0, 0, 0, 0, 0, 0, 0, 0, 0, 0, 0, 0, 0]","[0, 0, 1, 9, 0, 3, 1, 0, 0, 2, 0, 5, 2, 1, 0, 0, 2]","[0, 1, 0, 0, 14, 0, 0, 38, 1, 0, 1, 0, 0, 0, 2, 1, 0]",False,False,False,False
youtube.com,captura_0000009_H123.csv,14,1,28,60,"[1, 0, 0, 0, 0, 0, 0, 0, 0, 0, 0, 0, 0, 0, 0, 0, 0]","[0, 0, 1, 10, 0, 3, 1, 0, 0, 2, 0, 7, 2, 0, 0, 0, 2]","[0, 1, 0, 0, 13, 0, 0, 41, 1, 0, 1, 0, 0, 1, 1, 1, 0]",False,False,False,False
youtube.com,captura_0000009_H123.csv,15,1,26,58,"[1, 0, 0, 0, 0, 0, 0, 0, 0, 0, 0, 0, 0, 0, 0, 0]","[0, 0, 1, 10, 0, 3, 0, 2, 0, 2, 0, 5, 1, 0, 0, 2]","[0, 1, 0, 0, 12, 0, 39, 0, 1, 0, 1, 0, 0, 3, 1, 0]",False,False,False,False
youtube.com,captura_0000009_H123.csv,16,1,26,63,"[1, 0, 0, 0, 0, 0, 0, 0, 0, 0, 0, 0, 0, 0, 0, 0, 0]","[0, 1, 0, 10, 0, 3, 1, 0, 0, 2, 0, 0, 1, 0, 6, 0, 2]","[0, 0, 1, 0, 13, 0, 0, 41, 1, 0, 2, 1, 0, 3, 0, 1, 0]",False,False,False,False
youtube.com,captura_0000009_H123.csv,17,1,27,61,"[1, 0, 0, 0, 0, 0, 0, 0, 0, 0, 0, 0, 0, 0, 0, 0]","[0, 0, 1, 11, 0, 3, 0, 1, 0, 2, 0, 1, 0, 6, 0, 2]","[0, 1, 0, 0, 15, 0, 40, 0, 1, 0, 1, 0, 2, 0, 1, 0]",False,False,False,False
youtube.com,captura_0000009_H123.csv,18,1,26,62,"[1, 0, 0, 0, 0, 0, 0, 0, 0, 0, 0, 0, 0, 0, 0, 0, 0]","[0, 0, 1, 9, 0, 3, 1, 0, 0, 2, 0, 0, 7, 1, 0, 0, 2]","[0, 1, 0, 0, 14, 0, 0, 39, 1, 0, 2, 1, 0, 0, 3, 1, 0]",False,False,False,False
youtube.com,captura_0000009_H123.csv,19,1,26,62,"[1, 0, 0, 0, 0, 0, 0, 0, 0, 0, 0, 0, 0, 0, 0, 0, 0]","[0, 0, 1, 11, 0, 3, 1, 0, 0, 0, 2, 5, 0, 1, 0, 0, 2]","[0, 1, 0, 0, 14, 0, 0, 39, 1, 2, 0, 0, 1, 0, 3, 1, 0]",False,False,False,False
zoom.us,captura_0000082_H123.csv,1,1,50,64,"[1, 0, 0, 0, 0, 0, 0, 0, 0, 0, 0, 0, 0, 0, 0, 0, 0, 0, 0, 0, 0]","[0, 0, 1, 9, 7, 1, 0, 1, 5, 5, 1, 5, 1, 6, 1, 1, 1, 1, 1, 1, 2]","[0, 1, 0, 0, 0, 0, 63, 0, 0, 0, 0, 0, 0, 0, 0, 0, 0, 0, 0, 0, 0]",False,False,False,False
zoom.us,captura_0000082_H123.csv,2,1,48,64,"[1, 0, 0, 0, 0, 0, 0, 0, 0, 0, 0, 0, 0, 0, 0, 0, 0, 0, 0, 0, 0]","[0, 0, 1, 8, 6, 1, 0, 1, 5, 1, 1, 5, 6, 1, 1, 1, 1, 1, 5, 1, 2]","[0, 1, 0, 0, 0, 0, 63, 0, 0, 0, 0, 0, 0, 0, 0, 0, 0, 0, 0, 0, 0]",False,False,False,False
zoom.us,captura_0000082_H123.csv,3,1,50,63,"[1, 0, 0, 0, 0, 0, 0, 0, 0, 0, 0, 0, 0, 0, 0, 0, 0, 0, 0, 0, 0]","[0, 0, 1, 8, 7, 1, 0, 1, 5, 1, 1, 5, 6, 1, 1, 1, 1, 1, 1, 6, 2]","[0, 1, 0, 0, 0, 0, 62, 0, 0, 0, 0, 0, 0, 0, 0, 0, 0, 0, 0, 0, 0]",False,False,False,False
zoom.us,captura_0000082_H123.csv,4,1,48,64,"[1, 0, 0, 0, 0, 0, 0, 0, 0, 0, 0, 0, 0, 0, 0, 0, 0, 0, 0, 0, 0]","[0, 0, 1, 8, 6, 1, 0, 1, 5, 1, 5, 1, 6, 1, 1, 1, 1, 1, 5, 1, 2]","[0, 1, 0, 0, 0, 0, 63, 0, 0, 0, 0, 0, 0, 0, 0, 0, 0, 0, 0, 0, 0]",False,False,False,False
zoom.us,captura_0000082_H123.csv,5,1,49,64,"[1, 0, 0, 0, 0, 0, 0, 0, 0, 0, 0, 0, 0, 0, 0, 0, 0, 0, 0, 0, 0]","[0, 0, 1, 8, 6, 1, 0, 1, 5, 1, 1, 5, 6, 1, 1, 1, 1, 1, 1, 6, 2]","[0, 1, 0, 0, 0, 0, 63, 0, 0, 0, 0, 0, 0, 0, 0, 0, 0, 0, 0, 0, 0]",False,False,False,False
zoom.us,captura_0000082_H123.csv,6,1,49,64,"[1, 0, 0, 0, 0, 0, 0, 0, 0, 0, 0, 0, 0, 0, 0, 0, 0, 0, 0, 0, 0]","[0, 0, 1, 8, 6, 1, 0, 1, 5, 1, 1, 5, 6, 1, 1, 1, 1, 1, 1, 6, 2]","[0, 1, 0, 0, 0, 0, 63, 0, 0, 0, 0, 0, 0, 0, 0, 0, 0, 0, 0, 0, 0]",False,False,False,False
zoom.us,captura_0000082_H123.csv,7,1,51,63,"[1, 0, 0, 0, 0, 0, 0, 0, 0, 0, 0, 0, 0, 0, 0, 0, 0, 0, 0, 0, 0]","[0, 0, 1, 9, 7, 1, 0, 1, 5, 1, 1, 5, 6, 1, 1, 1, 1, 6, 1, 1, 2]","[0, 1, 0, 0, 0, 0, 62, 0, 0, 0, 0, 0, 0, 0, 0, 0, 0, 0, 0, 0, 0]",False,False,False,False
zoom.us,captura_0000082_H123.csv,8,1,50,63,"[1, 0, 0, 0, 0, 0, 0, 0, 0, 0, 0, 0, 0, 0, 0, 0, 0, 0, 0, 0, 0]","[0, 0, 1, 9, 7, 1, 0, 1, 5, 5, 6, 1, 1, 1, 1, 1, 1, 1, 5, 1, 2]","[0, 1, 0, 0, 0, 0, 62, 0, 0, 0, 0, 0, 0, 0, 0, 0, 0, 0, 0, 0, 0]",False,False,False,False
zoom.us,captura_0000082_H123.csv,9,1,51,64,"[1, 0, 0, 0, 0, 0, 0, 0, 0, 0, 0, 0, 0, 0, 0, 0, 0, 0, 0, 0, 0]","[0, 0, 1, 9, 1, 7, 0, 1, 5, 1, 1, 5, 6, 1, 1, 1, 1, 1, 1, 6, 2]","[0, 1, 0, 0, 0, 0, 63, 0, 0, 0, 0, 0, 0, 0, 0, 0, 0, 0, 0, 0, 0]",False,False,False,False
zoom.us,captura_0000082_H123.csv,11,1,50,64,"[1, 0, 0, 0, 0, 0, 0, 0, 0, 0, 0, 0, 0, 0, 0, 0, 0, 0, 0, 0, 0]","[0, 0, 1, 8, 7, 1, 0, 1, 5, 1, 1, 5, 6, 1, 1, 1, 1, 1, 1, 6, 2]","[0, 1, 0, 0, 0, 0, 63, 0, 0, 0, 0, 0, 0, 0, 0, 0, 0, 0, 0, 0, 0]",False,False,False,False
zoom.us,captura_0000082_H123.csv,12,1,50,65,"[1, 0, 0, 0, 0, 0, 0, 0, 0, 0, 0, 0, 0, 0, 0, 0, 0, 0, 0, 0, 0]","[0, 0, 1, 8, 7, 1, 0, 1, 5, 1, 1, 5, 6, 1, 1, 1, 1, 1, 1, 6, 2]","[0, 1, 0, 0, 0, 0, 64, 0, 0, 0, 0, 0, 0, 0, 0, 0, 0, 0, 0, 0, 0]",False,False,False,False
zoom.us,captura_0000082_H123.csv,13,1,52,63,"[1, 0, 0, 0, 0, 0, 0, 0, 0, 0, 0, 0, 0, 0, 0, 0, 0, 0, 0, 0, 0]","[0, 0, 1, 8, 8, 1, 0, 2, 5, 1, 1, 5, 6, 1, 1, 1, 1, 1, 1, 6, 2]","[0, 1, 0, 0, 0, 0, 62, 0, 0, 0, 0, 0, 0, 0, 0, 0, 0, 0, 0, 0, 0]",False,False,False,False
zoom.us,captura_0000082_H123.csv,14,1,51,63,"[1, 0, 0, 0, 0, 0, 0, 0, 0, 0, 0, 0, 0, 0, 0, 0, 0, 0, 0, 0, 0]","[0, 0, 1, 8, 8, 1, 0, 5, 1, 1, 5, 1, 6, 1, 1, 1, 1, 1, 1, 6, 2]","[0, 1, 0, 0, 0, 0, 62, 0, 0, 0, 0, 0, 0, 0, 0, 0, 0, 0, 0, 0, 0]",False,False,False,False
zoom.us,captura_0000082_H123.csv,15,1,50,64,"[1, 0, 0, 0, 0, 0, 0, 0, 0, 0, 0, 0, 0, 0, 0, 0, 0, 0, 0, 0, 0]","[0, 0, 1, 8, 7, 1, 0, 1, 5, 1, 5, 1, 6, 1, 1, 1, 1, 1, 1, 6, 2]","[0, 1, 0, 0, 0, 0, 63, 0, 0, 0, 0, 0, 0, 0, 0, 0, 0, 0, 0, 0, 0]",False,False,False,False
zoom.us,captura_0000082_H123.csv,16,1,48,64,"[1, 0, 0, 0, 0, 0, 0, 0, 0, 0, 0, 0, 0, 0, 0, 0, 0, 0, 0, 0, 0]","[0, 0, 1, 8, 6, 1, 0, 1, 5, 1, 1, 5, 6, 1, 1, 1, 1, 1, 5, 1, 2]","[0, 1, 0, 0, 0, 0, 63, 0, 0, 0, 0, 0, 0, 0, 0, 0, 0, 0, 0, 0, 0]",False,False,False,False
zoom.us,captura_0000082_H123.csv,17,1,52,62,"[1, 0, 0, 0, 0, 0, 0, 0, 0, 0, 0, 0, 0, 0, 0, 0, 0, 0, 0, 0, 0]","[0, 0, 1, 8, 8, 1, 0, 1, 5, 1, 1, 5, 6, 1, 1, 1, 1, 1, 1, 7, 2]","[0, 1, 0, 0, 0, 0, 61, 0, 0, 0, 0, 0, 0, 0, 0, 0, 0, 0, 0, 0, 0]",False,False,False,False
zoom.us,captura_0000082_H123.csv,19,1,50,63,"[1, 0, 0, 0, 0, 0, 0, 0, 0, 0, 0, 0, 0, 0, 0, 0, 0, 0, 0, 0, 0]","[0, 0, 1, 8, 7, 1, 0, 1, 5, 1, 1, 5, 6, 1, 1, 1, 1, 1, 1, 6, 2]","[0, 1, 0, 0, 0, 0, 62, 0, 0, 0, 0, 0, 0, 0, 0, 0, 0, 0, 0, 0, 0]",False,False,False,False
zoom.us,captura_0000082_H123.csv,20,1,52,63,"[1, 0, 0, 0, 0, 0, 0, 0, 0, 0, 0, 0, 0, 0, 0, 0, 0, 0, 0, 0, 0]","[0, 0, 1, 8, 8, 1, 0, 1, 5, 1, 1, 5, 5, 1, 1, 1, 1, 1, 8, 1, 2]","[0, 1, 0, 0, 0, 0, 62, 0, 0, 0, 0, 0, 0, 0, 0, 0, 0, 0, 0, 0, 0]",False,False,False,False
